  0
SECTION
  2
HEADER
  9
$ACADVER
  1
AC1027
  9
$ACADMAINTVER
 70
105
  9
$DWGCODEPAGE
  3
ANSI_1252
  9
$LASTSAVEDBY
  1
sistem04
  9
$REQUIREDVERSIONS
160
0
  9
$INSBASE
 10
0.0
 20
0.0
 30
0.0
  9
$EXTMIN
 10
1e+20
 20
1e+20
 30
1e+20
  9
$EXTMAX
 10
-1e+20
 20
-1e+20
 30
-1e+20
  9
$LIMMIN
 10
0.0
 20
0.0
  9
$LIMMAX
 10
420.0
 20
297.0
  9
$ORTHOMODE
 70
1
  9
$REGENMODE
 70
1
  9
$FILLMODE
 70
1
  9
$QTEXTMODE
 70
0
  9
$MIRRTEXT
 70
0
  9
$LTSCALE
 40
1.0
  9
$ATTMODE
 70
1
  9
$TEXTSIZE
 40
2.5
  9
$TRACEWID
 40
1.0
  9
$TEXTSTYLE
  7
Standard
  9
$CLAYER
  8
0
  9
$CELTYPE
  6
ByLayer
  9
$CECOLOR
 62
256
  9
$CELTSCALE
 40
1.0
  9
$DISPSILH
 70
0
  9
$DIMSCALE
 40
1.0
  9
$DIMASZ
 40
2.5
  9
$DIMEXO
 40
0.625
  9
$DIMDLI
 40
5.0
  9
$DIMRND
 40
0.0
  9
$DIMDLE
 40
0.0
  9
$DIMEXE
 40
1.25
  9
$DIMTP
 40
0.0
  9
$DIMTM
 40
0.0
  9
$DIMTXT
 40
2.5
  9
$DIMCEN
 40
2.5
  9
$DIMTSZ
 40
0.0
  9
$DIMTOL
 70
0
  9
$DIMLIM
 70
0
  9
$DIMTIH
 70
0
  9
$DIMTOH
 70
0
  9
$DIMSE1
 70
0
  9
$DIMSE2
 70
0
  9
$DIMTAD
 70
1
  9
$DIMZIN
 70
8
  9
$DIMBLK
  1

  9
$DIMASO
 70
1
  9
$DIMSHO
 70
1
  9
$DIMPOST
  1

  9
$DIMAPOST
  1

  9
$DIMALT
 70
0
  9
$DIMALTD
 70
3
  9
$DIMALTF
 40
0.03937007874016
  9
$DIMLFAC
 40
1.0
  9
$DIMTOFL
 70
1
  9
$DIMTVP
 40
0.0
  9
$DIMTIX
 70
0
  9
$DIMSOXD
 70
0
  9
$DIMSAH
 70
0
  9
$DIMBLK1
  1

  9
$DIMBLK2
  1

  9
$DIMSTYLE
  2
ISO-25
  9
$DIMCLRD
 70
0
  9
$DIMCLRE
 70
0
  9
$DIMCLRT
 70
0
  9
$DIMTFAC
 40
1.0
  9
$DIMGAP
 40
0.625
  9
$DIMJUST
 70
0
  9
$DIMSD1
 70
0
  9
$DIMSD2
 70
0
  9
$DIMTOLJ
 70
0
  9
$DIMTZIN
 70
8
  9
$DIMALTZ
 70
0
  9
$DIMALTTZ
 70
0
  9
$DIMUPT
 70
0
  9
$DIMDEC
 70
2
  9
$DIMTDEC
 70
2
  9
$DIMALTU
 70
2
  9
$DIMALTTD
 70
3
  9
$DIMTXSTY
  7
Standard
  9
$DIMAUNIT
 70
0
  9
$DIMADEC
 70
0
  9
$DIMALTRND
 40
0.0
  9
$DIMAZIN
 70
0
  9
$DIMDSEP
 70
44
  9
$DIMATFIT
 70
3
  9
$DIMFRAC
 70
0
  9
$DIMLDRBLK
  1

  9
$DIMLUNIT
 70
2
  9
$DIMLWD
 70
-2
  9
$DIMLWE
 70
-2
  9
$DIMTMOVE
 70
0
  9
$DIMFXL
 40
1.0
  9
$DIMFXLON
 70
0
  9
$DIMJOGANG
 40
0.7853981633974483
  9
$DIMTFILL
 70
0
  9
$DIMTFILLCLR
 70
0
  9
$DIMARCSYM
 70
0
  9
$DIMLTYPE
  6

  9
$DIMLTEX1
  6

  9
$DIMLTEX2
  6

  9
$DIMTXTDIRECTION
 70
0
  9
$LUNITS
 70
2
  9
$LUPREC
 70
3
  9
$SKETCHINC
 40
1.0
  9
$FILLETRAD
 40
0.0
  9
$AUNITS
 70
0
  9
$AUPREC
 70
0
  9
$MENU
  1
.
  9
$ELEVATION
 40
0.0
  9
$PELEVATION
 40
0.0
  9
$THICKNESS
 40
0.0
  9
$LIMCHECK
 70
0
  9
$CHAMFERA
 40
0.0
  9
$CHAMFERB
 40
0.0
  9
$CHAMFERC
 40
0.0
  9
$CHAMFERD
 40
0.0
  9
$SKPOLY
 70
0
  9
$TDCREATE
 40
2461323.5966782407
  9
$TDUCREATE
 40
2461322.6196114817
  9
$TDUPDATE
 40
2461323.5966782407
  9
$TDUUPDATE
 40
2461322.6215742244
  9
$TDINDWG
 40
0.0
  9
$TDUSRTIMER
 40
0.0
  9
$USRTIMER
 70
1
  9
$ANGBASE
 50
0.0
  9
$ANGDIR
 70
0
  9
$PDMODE
 70
34
  9
$PDSIZE
 40
0.06
  9
$PLINEWID
 40
0.0
  9
$SPLFRAME
 70
0
  9
$SPLINETYPE
 70
6
  9
$SPLINESEGS
 70
8
  9
$HANDSEED
  5
6B5
  9
$SURFTAB1
 70
6
  9
$SURFTAB2
 70
6
  9
$SURFTYPE
 70
6
  9
$SURFU
 70
6
  9
$SURFV
 70
6
  9
$UCSBASE
  2

  9
$UCSNAME
  2

  9
$UCSORG
 10
0.0
 20
0.0
 30
0.0
  9
$UCSXDIR
 10
1.0
 20
0.0
 30
0.0
  9
$UCSYDIR
 10
0.0
 20
1.0
 30
0.0
  9
$UCSORTHOREF
  2

  9
$UCSORTHOVIEW
 70
0
  9
$UCSORGTOP
 10
0.0
 20
0.0
 30
0.0
  9
$UCSORGBOTTOM
 10
0.0
 20
0.0
 30
0.0
  9
$UCSORGLEFT
 10
0.0
 20
0.0
 30
0.0
  9
$UCSORGRIGHT
 10
0.0
 20
0.0
 30
0.0
  9
$UCSORGFRONT
 10
0.0
 20
0.0
 30
0.0
  9
$UCSORGBACK
 10
0.0
 20
0.0
 30
0.0
  9
$PUCSBASE
  2

  9
$PUCSNAME
  2

  9
$PUCSORG
 10
0.0
 20
0.0
 30
0.0
  9
$PUCSXDIR
 10
1.0
 20
0.0
 30
0.0
  9
$PUCSYDIR
 10
0.0
 20
1.0
 30
0.0
  9
$PUCSORTHOREF
  2

  9
$PUCSORTHOVIEW
 70
0
  9
$PUCSORGTOP
 10
0.0
 20
0.0
 30
0.0
  9
$PUCSORGBOTTOM
 10
0.0
 20
0.0
 30
0.0
  9
$PUCSORGLEFT
 10
0.0
 20
0.0
 30
0.0
  9
$PUCSORGRIGHT
 10
0.0
 20
0.0
 30
0.0
  9
$PUCSORGFRONT
 10
0.0
 20
0.0
 30
0.0
  9
$PUCSORGBACK
 10
0.0
 20
0.0
 30
0.0
  9
$USERI1
 70
0
  9
$USERI2
 70
0
  9
$USERI3
 70
0
  9
$USERI4
 70
0
  9
$USERI5
 70
0
  9
$USERR1
 40
0.0
  9
$USERR2
 40
0.0
  9
$USERR3
 40
0.0
  9
$USERR4
 40
0.0
  9
$USERR5
 40
0.0
  9
$WORLDVIEW
 70
1
  9
$SHADEDGE
 70
3
  9
$SHADEDIF
 70
70
  9
$TILEMODE
 70
1
  9
$MAXACTVP
 70
64
  9
$PINSBASE
 10
0.0
 20
0.0
 30
0.0
  9
$PLIMCHECK
 70
0
  9
$PEXTMIN
 10
0.0
 20
0.0
 30
0.0
  9
$PEXTMAX
 10
0.0
 20
0.0
 30
0.0
  9
$PLIMMIN
 10
0.0
 20
0.0
  9
$PLIMMAX
 10
12.0
 20
9.0
  9
$UNITMODE
 70
0
  9
$VISRETAIN
 70
1
  9
$PLINEGEN
 70
0
  9
$PSLTSCALE
 70
1
  9
$TREEDEPTH
 70
3020
  9
$CMLSTYLE
  2
Standard
  9
$CMLJUST
 70
0
  9
$CMLSCALE
 40
20.0
  9
$PROXYGRAPHICS
 70
1
  9
$MEASUREMENT
 70
1
  9
$CELWEIGHT
370
-1
  9
$ENDCAPS
280
0
  9
$JOINSTYLE
280
0
  9
$LWDISPLAY
290
0
  9
$INSUNITS
 70
6
  9
$HYPERLINKBASE
  1

  9
$STYLESHEET
  1

  9
$XEDIT
290
1
  9
$CEPSNTYPE
380
0
  9
$PSTYLEMODE
290
1
  9
$FINGERPRINTGUID
  2
{5559452E-1E62-4159-8551-BF76FFF3E7E8}
  9
$VERSIONGUID
  2
{95143386-2BC2-4A95-ACB1-E99ADC5A6838}
  9
$EXTNAMES
290
1
  9
$PSVPSCALE
 40
0.0
  9
$OLESTARTUP
290
0
  9
$SORTENTS
280
127
  9
$INDEXCTL
280
0
  9
$HIDETEXT
280
1
  9
$XCLIPFRAME
280
0
  9
$HALOGAP
280
0
  9
$OBSCOLOR
 70
257
  9
$OBSLTYPE
280
0
  9
$INTERSECTIONDISPLAY
280
0
  9
$INTERSECTIONCOLOR
 70
257
  9
$DIMASSOC
280
2
  9
$PROJECTNAME
  1

  9
$CAMERADISPLAY
290
0
  9
$LENSLENGTH
 40
50.0
  9
$CAMERAHEIGHT
 40
0.0
  9
$STEPSPERSEC
 40
2.0
  9
$STEPSIZE
 40
6.0
  9
$3DDWFPREC
 40
2.0
  9
$PSOLWIDTH
 40
0.25
  9
$PSOLHEIGHT
 40
4.0
  9
$LOFTANG1
 40
1.5707963267948966
  9
$LOFTANG2
 40
1.5707963267948966
  9
$LOFTMAG1
 40
1.0
  9
$LOFTMAG2
 40
1.0
  9
$LOFTPARAM
 70
7
  9
$LOFTNORMALS
280
1
  9
$LATITUDE
 40
37.795
  9
$LONGITUDE
 40
-122.394
  9
$NORTHDIRECTION
 40
0.0
  9
$TIMEZONE
 70
-8000
  9
$LIGHTGLYPHDISPLAY
280
1
  9
$TILEMODELIGHTSYNCH
280
1
  9
$CMATERIAL
347
100
  9
$SOLIDHIST
280
1
  9
$SHOWHIST
280
1
  9
$DWFFRAME
280
0
  9
$DGNFRAME
280
2
  9
$REALWORLDSCALE
290
1
  9
$INTERFERECOLOR
 62
256
  9
$CSHADOW
280
0
  9
$SHADOWPLANELOCATION
 40
0.0
  0
ENDSEC
  0
SECTION
  2
CLASSES
  0
CLASS
  1
ACDBDICTIONARYWDFLT
  2
AcDbDictionaryWithDefault
  3
ObjectDBX Classes
 90
0
 91
3
280
0
281
0
  0
CLASS
  1
ACDBPLACEHOLDER
  2
AcDbPlaceHolder
  3
ObjectDBX Classes
 90
0
 91
1
280
0
281
0
  0
CLASS
  1
LAYOUT
  2
AcDbLayout
  3
ObjectDBX Classes
 90
0
 91
1
280
0
281
0
  0
CLASS
  1
DICTIONARYVAR
  2
AcDbDictionaryVar
  3
ObjectDBX Classes
 90
0
 91
3
280
0
281
0
  0
CLASS
  1
TABLESTYLE
  2
AcDbTableStyle
  3
ObjectDBX Classes
 90
4095
 91
3
280
0
281
0
  0
CLASS
  1
SCALE
  2
AcDbScale
  3
ObjectDBX Classes
 90
1153
 91
3
280
0
281
0
  0
CLASS
  1
MATERIAL
  2
AcDbMaterial
  3
ObjectDBX Classes
 90
1153
 91
3
280
0
281
0
  0
CLASS
  1
VISUALSTYLE
  2
AcDbVisualStyle
  3
ObjectDBX Classes
 90
4095
 91
3
280
0
281
0
  0
CLASS
  1
SUN
  2
AcDbSun
  3
SCENEOE
 90
1153
 91
3
280
0
281
0
  0
CLASS
  1
CELLSTYLEMAP
  2
AcDbCellStyleMap
  3
ObjectDBX Classes
 90
1152
 91
3
280
0
281
0
  0
CLASS
  1
MLEADERSTYLE
  2
AcDbMLeaderStyle
  3
ACDB_MLEADERSTYLE_CLASS
 90
4095
 91
3
280
0
281
0
  0
CLASS
  1
ACDBSECTIONVIEWSTYLE
  2
AcDbSectionViewStyle
  3
ObjectDBX Classes
 90
1025
 91
3
280
0
281
0
  0
CLASS
  1
ACDBDETAILVIEWSTYLE
  2
AcDbDetailViewStyle
  3
ObjectDBX Classes
 90
1025
 91
3
280
0
281
0
  0
CLASS
  1
ACAD_TABLE
  2
AcDbTable
  3
ObjectDBX Classes
 90
1025
 91
3
280
0
281
1
  0
CLASS
  1
RASTERVARIABLES
  2
AcDbRasterVariables
  3
ISM
 90
0
 91
3
280
0
281
0
  0
CLASS
  1
MENTALRAYRENDERSETTINGS
  2
AcDbMentalRayRenderSettings
  3
SCENEOE
 90
1024
 91
0
280
0
281
0
  0
ENDSEC
  0
SECTION
  2
TABLES
  0
TABLE
  2
VPORT
  5
8
330
0
100
AcDbSymbolTable
 70
1
  0
VPORT
  5
97
330
8
100
AcDbSymbolTableRecord
100
AcDbViewportTableRecord
  2
*Active
 70
0
 10
0.0
 20
0.0
 11
1.0
 21
1.0
 12
1070.0904377054824
 22
1061.967057579978
 13
0.0
 23
0.0
 14
10.0
 24
10.0
 15
10.0
 25
10.0
 16
0.0
 26
0.0
 36
1.0
 17
0.0
 27
0.0
 37
0.0
 40
109.08535063442714
 41
2.1956521739130435
 42
50.0
 43
0.0
 44
0.0
 50
0.0
 51
0.0
 71
16
 72
1000
 73
1
 74
3
 75
0
 76
1
 77
0
 78
0
281
0
 65
1
110
0.0
120
0.0
130
0.0
111
1.0
121
0.0
131
0.0
112
0.0
122
1.0
132
0.0
 79
0
146
0.0
 60
3
 61
5
348
108
292
1
282
1
141
0.0
142
0.0
 63
256
1001
ACAD_NAV_VCDISPLAY
1070
3
  0
ENDTAB
  0
TABLE
  2
LTYPE
  5
5
330
0
100
AcDbSymbolTable
 70
8
  0
LTYPE
  5
14
330
5
100
AcDbSymbolTableRecord
100
AcDbLinetypeTableRecord
  2
ByBlock
 70
0
  3

 72
65
 73
0
 40
0.0
  0
LTYPE
  5
15
330
5
100
AcDbSymbolTableRecord
100
AcDbLinetypeTableRecord
  2
ByLayer
 70
0
  3

 72
65
 73
0
 40
0.0
  0
LTYPE
  5
16
330
5
100
AcDbSymbolTableRecord
100
AcDbLinetypeTableRecord
  2
Continuous
 70
0
  3
Solid line
 72
65
 73
0
 40
0.0
  0
LTYPE
  5
2A4
330
5
100
AcDbSymbolTableRecord
100
AcDbLinetypeTableRecord
  2
DASHED2
 70
0
  3
Dashed (0.5x) _ _ _ _ _ _ _ _ _ _ _ _ _ _ _ _ _
 72
65
 73
2
 40
9.524999999999999
 49
6.35
 74
0
 49
-3.175
 74
0
  0
LTYPE
  5
2B2
330
5
100
AcDbSymbolTableRecord
100
AcDbLinetypeTableRecord
  2
TRATTEGGIATA
 70
0
  3
__ __ __ __ __ __ __ __ __ __ __ __ __ __ __ __
 72
65
 73
2
 40
0.75
 49
0.5
 74
0
 49
-0.25
 74
0
  0
LTYPE
  5
30E
330
5
100
AcDbSymbolTableRecord
100
AcDbLinetypeTableRecord
  2
TRATTO-PUNTO
 70
0
  3
tratto-punto __ . __ . __ . __ . __ . __ . __ .
 72
65
 73
4
 40
1.0
 49
0.5
 74
0
 49
-0.25
 74
0
 49
0.0
 74
0
 49
-0.25
 74
0
  0
LTYPE
  5
3A7
330
5
100
AcDbSymbolTableRecord
100
AcDbLinetypeTableRecord
  2
Nascosta
 70
0
  3
- - - - - 
 72
65
 73
2
 40
0.158749999999965
 49
0.10583333333331
 74
0
 49
-0.052916666666655
 74
0
  0
LTYPE
  5
442
330
5
100
AcDbSymbolTableRecord
100
AcDbLinetypeTableRecord
  2
CROSSINGSELECTION
 70
0
  3
_ _ _ _ _ _ _ _ _ _ _ _ _ _ _ _ _ _ _ _ _ _ _ _
 72
65
 73
2
 40
0.375
 49
0.25
 74
0
 49
-0.125
 74
0
  0
ENDTAB
  0
TABLE
  2
LAYER
  5
2
102
{ACAD_XDICTIONARY
360
13D
102
}
330
0
100
AcDbSymbolTable
 70
21
  0
LAYER
  5
10
330
2
100
AcDbSymbolTableRecord
100
AcDbLayerTableRecord
  2
0
 70
0
 62
7
  6
Continuous
370
-3
390
F
347
102
348
0
  0
LAYER
  5
2A5
330
2
100
AcDbSymbolTableRecord
100
AcDbLayerTableRecord
  2
Defpoints
 70
0
 62
7
  6
Continuous
290
0
370
-3
390
F
347
102
348
0
  0
LAYER
  5
2A7
330
2
100
AcDbSymbolTableRecord
100
AcDbLayerTableRecord
  2
CAMPITURE
 70
0
 62
252
  6
Continuous
370
-3
390
F
347
102
348
0
  0
LAYER
  5
2AF
330
2
100
AcDbSymbolTableRecord
100
AcDbLayerTableRecord
  2
SOLETTA INTERRATO
 70
0
 62
1
  6
Continuous
370
-3
390
F
347
102
348
0
1001
AcAecLayerStandard
1000

1000

1001
AcCmTransparency
1071
0
  0
LAYER
  5
2B6
330
2
100
AcDbSymbolTableRecord
100
AcDbLayerTableRecord
  2
MURI INTERRATO
 70
0
 62
4
  6
Continuous
370
-3
390
F
347
102
348
0
1001
AcAecLayerStandard
1000

1000

1001
AcCmTransparency
1071
0
  0
LAYER
  5
306
330
2
100
AcDbSymbolTableRecord
100
AcDbLayerTableRecord
  2
M3 TESTI
 70
0
 62
3
  6
Continuous
370
-3
390
F
347
102
348
0
1001
AcAecLayerStandard
1000

1000

  0
LAYER
  5
309
330
2
100
AcDbSymbolTableRecord
100
AcDbLayerTableRecord
  2
M3 LINEE SOTTILI
 70
0
 62
1
  6
Continuous
370
-3
390
F
347
102
348
0
1001
AcAecLayerStandard
1000

1000

  0
LAYER
  5
30C
330
2
100
AcDbSymbolTableRecord
100
AcDbLayerTableRecord
  2
TESTI
 70
0
 62
2
  6
Continuous
370
-3
390
F
347
102
348
0
  0
LAYER
  5
363
330
2
100
AcDbSymbolTableRecord
100
AcDbLayerTableRecord
  2
DBP LINEE SOTTILI
 70
0
 62
1
  6
Continuous
370
-3
390
F
347
102
348
0
1001
AcAecLayerStandard
1000

1000

  0
LAYER
  5
365
330
2
100
AcDbSymbolTableRecord
100
AcDbLayerTableRecord
  2
A-DETL-THIN
 70
0
 62
151
  6
Continuous
370
20
390
F
347
102
348
0
  0
LAYER
  5
368
330
2
100
AcDbSymbolTableRecord
100
AcDbLayerTableRecord
  2
DBP STRUTTURE SOTTILI
 70
0
 62
3
  6
Continuous
370
-3
390
F
347
102
348
0
1001
AcAecLayerStandard
1000

1000

  0
LAYER
  5
36A
330
2
100
AcDbSymbolTableRecord
100
AcDbLayerTableRecord
  2
DBP QUOTE
 70
0
 62
1
  6
Continuous
370
-3
390
F
347
102
348
0
1001
AcAecLayerStandard
1000

1000

  0
LAYER
  5
389
330
2
100
AcDbSymbolTableRecord
100
AcDbLayerTableRecord
  2
NO-STAMPA
 70
0
 62
200
  6
Continuous
290
0
370
-3
390
F
347
102
348
0
1001
AcAecLayerStandard
1000

1000

1001
AcCmTransparency
1071
0
  0
LAYER
  5
3A6
330
2
100
AcDbSymbolTableRecord
100
AcDbLayerTableRecord
  2
DBP Q
 70
0
 62
1
  6
Continuous
370
-3
390
F
347
102
348
0
1001
AcAecLayerStandard
1000

1000

  0
LAYER
  5
3B4
330
2
100
AcDbSymbolTableRecord
100
AcDbLayerTableRecord
  2
Z_NO STAMPA
 70
0
 62
6
  6
Continuous
290
0
370
-3
390
F
347
102
348
0
1001
AcAecLayerStandard
1000

1000

1001
AcCmTransparency
1071
0
  0
LAYER
  5
409
330
2
100
AcDbSymbolTableRecord
100
AcDbLayerTableRecord
  2
TRACCIAMENTO FONDA
 70
0
 62
7
  6
Continuous
370
-3
390
F
347
102
348
0
1001
AcCmTransparency
1071
33554687
  0
LAYER
  5
473
330
2
100
AcDbSymbolTableRecord
100
AcDbLayerTableRecord
  2
PT_CENTRI
 70
0
 62
6
  6
Continuous
370
-3
390
F
347
102
  0
LAYER
  5
474
330
2
100
AcDbSymbolTableRecord
100
AcDbLayerTableRecord
  2
PT_INCROCI
 70
0
 62
5
  6
Continuous
370
-3
390
F
347
102
  0
LAYER
  5
475
330
2
100
AcDbSymbolTableRecord
100
AcDbLayerTableRecord
  2
PT_SOLETTA
 70
0
 62
3
  6
Continuous
370
-3
390
F
347
102
  0
LAYER
  5
476
330
2
100
AcDbSymbolTableRecord
100
AcDbLayerTableRecord
  2
PT_ASSI
 70
0
 62
30
  6
Continuous
370
-3
390
F
347
102
  0
LAYER
  5
477
330
2
100
AcDbSymbolTableRecord
100
AcDbLayerTableRecord
  2
PT_MURI
 70
0
 62
1
  6
Continuous
370
-3
390
F
347
102
  0
ENDTAB
  0
TABLE
  2
STYLE
  5
3
330
0
100
AcDbSymbolTable
 70
3
  0
STYLE
  5
11
330
3
100
AcDbSymbolTableRecord
100
AcDbTextStyleTableRecord
  2
Standard
 70
0
 40
0.0
 41
1.0
 50
0.0
 71
0
 42
2.5
  3
arial.ttf
  4

1001
ACAD
1000
Arial
1071
34
  0
STYLE
  5
307
330
3
100
AcDbSymbolTableRecord
100
AcDbTextStyleTableRecord
  2
MA 1-50
 70
0
 40
0.125
 41
1.0
 50
0.0
 71
0
 42
2.5
  3
isocpeur.ttf
  4

1001
ACAD
1000
ISOCPEUR
1071
34
  0
STYLE
  5
3A9
330
3
100
AcDbSymbolTableRecord
100
AcDbTextStyleTableRecord
  2
DBP 1-50
 70
0
 40
0.125
 41
1.0
 50
0.0
 71
0
 42
2.5
  3
arial.ttf
  4

1001
ACAD
1000
Arial
1071
34
  0
ENDTAB
  0
TABLE
  2
VIEW
  5
6
330
0
100
AcDbSymbolTable
 70
0
  0
ENDTAB
  0
TABLE
  2
UCS
  5
7
330
0
100
AcDbSymbolTable
 70
0
  0
ENDTAB
  0
TABLE
  2
APPID
  5
9
330
0
100
AcDbSymbolTable
 70
12
  0
APPID
  5
12
330
9
100
AcDbSymbolTableRecord
100
AcDbRegAppTableRecord
  2
ACAD
 70
0
  0
APPID
  5
F9
330
9
100
AcDbSymbolTableRecord
100
AcDbRegAppTableRecord
  2
PROGE_PRINT_SETTINGS
 70
0
  0
APPID
  5
187
330
9
100
AcDbSymbolTableRecord
100
AcDbRegAppTableRecord
  2
ACAD_PSEXT
 70
0
  0
APPID
  5
190
330
9
100
AcDbSymbolTableRecord
100
AcDbRegAppTableRecord
  2
ACAD_NAV_VCDISPLAY
 70
0
  0
APPID
  5
1CF
330
9
100
AcDbSymbolTableRecord
100
AcDbRegAppTableRecord
  2
ACAD_MLEADERVER
 70
0
  0
APPID
  5
2A9
330
9
100
AcDbSymbolTableRecord
100
AcDbRegAppTableRecord
  2
GradientColor1ACI
 70
0
  0
APPID
  5
2AA
330
9
100
AcDbSymbolTableRecord
100
AcDbRegAppTableRecord
  2
GradientColor2ACI
 70
0
  0
APPID
  5
2AB
330
9
100
AcDbSymbolTableRecord
100
AcDbRegAppTableRecord
  2
HATCHBACKGROUNDCOLOR
 70
0
  0
APPID
  5
2B0
330
9
100
AcDbSymbolTableRecord
100
AcDbRegAppTableRecord
  2
AcAecLayerStandard
 70
0
  0
APPID
  5
2B1
330
9
100
AcDbSymbolTableRecord
100
AcDbRegAppTableRecord
  2
AcCmTransparency
 70
0
  0
APPID
  5
2B7
330
9
100
AcDbSymbolTableRecord
100
AcDbRegAppTableRecord
  2
REVIT
 70
0
  0
APPID
  5
6B2
330
9
100
AcDbSymbolTableRecord
100
AcDbRegAppTableRecord
  2
EZDXF
 70
0
  0
ENDTAB
  0
TABLE
  2
DIMSTYLE
  5
A
330
0
100
AcDbSymbolTable
 70
2
100
AcDbDimStyleTable
  0
DIMSTYLE
105
27
330
A
100
AcDbSymbolTableRecord
100
AcDbDimStyleTableRecord
  2
Standard
 70
0
 40
1.0
 41
2.5
 42
0.625
 43
3.75
 44
1.25
 45
0.0
 46
0.0
 47
0.0
 48
0.0
 49
2.5
140
2.5
141
2.5
142
0.0
143
0.03937007874
144
1.0
145
0.0
146
1.0
147
0.625
148
0.0
 69
0
 70
0
 71
0
 72
0
 73
0
 74
0
 75
0
 76
0
 77
1
 78
8
 79
3
170
0
171
3
172
1
173
0
174
0
175
0
176
0
177
0
178
0
179
2
271
2
272
2
273
2
274
3
275
0
276
0
277
2
278
0
279
0
280
0
281
0
282
0
283
0
284
8
285
0
286
0
288
0
289
3
290
0
340
11
371
-2
372
-2
  0
DIMSTYLE
105
29
330
A
100
AcDbSymbolTableRecord
100
AcDbDimStyleTableRecord
  2
ISO-25
 70
0
 40
1.0
 41
2.5
 42
0.625
 43
5.0
 44
1.25
 45
0.0
 46
0.0
 47
0.0
 48
0.0
 49
2.5
140
2.5
141
2.5
142
0.0
143
0.03937007874016
144
1.0
145
0.0
146
1.0
147
0.625
148
0.0
 69
0
 70
0
 71
0
 72
0
 73
0
 74
0
 75
0
 76
0
 77
1
 78
8
 79
3
170
0
171
3
172
1
173
0
174
0
175
0
176
0
177
0
178
0
179
2
271
2
272
2
273
2
274
3
275
0
276
0
277
2
278
44
279
0
280
0
281
0
282
0
283
0
284
8
285
0
286
0
288
0
289
3
290
0
340
11
371
-2
372
-2
  0
ENDTAB
  0
TABLE
  2
BLOCK_RECORD
  5
1
330
0
100
AcDbSymbolTable
 70
3
  0
BLOCK_RECORD
  5
1F
330
1
100
AcDbSymbolTableRecord
100
AcDbBlockTableRecord
  2
*Model_Space
340
22
 70
0
280
1
281
0
  0
BLOCK_RECORD
  5
160
330
1
100
AcDbSymbolTableRecord
100
AcDbBlockTableRecord
  2
*Paper_Space
340
161
 70
0
280
1
281
0
  0
BLOCK_RECORD
  5
164
330
1
100
AcDbSymbolTableRecord
100
AcDbBlockTableRecord
  2
*Paper_Space0
340
165
 70
0
280
1
281
0
  0
ENDTAB
  0
ENDSEC
  0
SECTION
  2
BLOCKS
  0
BLOCK
  5
20
330
1F
100
AcDbEntity
  8
0
100
AcDbBlockBegin
  2
*Model_Space
 70
0
 10
0.0
 20
0.0
 30
0.0
  3
*Model_Space
  1

  0
ENDBLK
  5
21
330
1F
100
AcDbEntity
  8
0
100
AcDbBlockEnd
  0
BLOCK
  5
162
330
160
100
AcDbEntity
 67
1
  8
0
100
AcDbBlockBegin
  2
*Paper_Space
 70
0
 10
0.0
 20
0.0
 30
0.0
  3
*Paper_Space
  1

  0
ENDBLK
  5
163
330
160
100
AcDbEntity
 67
1
  8
0
100
AcDbBlockEnd
  0
BLOCK
  5
166
330
164
100
AcDbEntity
  8
0
100
AcDbBlockBegin
  2
*Paper_Space0
 70
0
 10
0.0
 20
0.0
 30
0.0
  3
*Paper_Space0
  1

  0
ENDBLK
  5
167
330
164
100
AcDbEntity
  8
0
100
AcDbBlockEnd
  0
ENDSEC
  0
SECTION
  2
ENTITIES
  0
HATCH
  5
2A6
330
1F
100
AcDbEntity
  8
CAMPITURE
 62
4
370
9
440
33554585
100
AcDbHatch
 10
0.0
 20
0.0
 30
-1.05846599999995
210
0.0
220
0.0
230
1.0
  2
SOLID
 70
1
 71
0
 91
1
 92
1
 93
4
 72
1
 10
1009.866438073962
 20
1051.143299709893
 11
1009.6752473920901
 21
1047.999107266182
 72
1
 10
1009.6752473920901
 20
1047.999107266182
 11
1009.4257083092211
 21
1048.014281129825
 72
1
 10
1009.4257083092211
 20
1048.014281129825
 11
1009.616898991093
 21
1051.158473573536
 72
1
 10
1009.616898991093
 20
1051.158473573536
 11
1009.866438073962
 21
1051.143299709893
 97
0
 75
0
 76
1
 98
1
 10
879.5378103541086
 20
2470.001935237244
450
0
451
0
460
0.0
461
0.0
452
0
462
0.0
453
2
463
0
 63
5
421
255
463
1
 63
2
421
16776960
470
LINEAR
1001
GradientColor1ACI
1070
5
1001
GradientColor2ACI
1070
2
1001
ACAD
1010
0.0
1020
0.0
1030
0.0
1001
HATCHBACKGROUNDCOLOR
1071
-1030318442
1000

1000

  0
HATCH
  5
2AC
330
1F
100
AcDbEntity
  8
CAMPITURE
 62
4
370
9
440
33554585
100
AcDbHatch
 10
0.0
 20
0.0
 30
-1.05846599999995
210
0.0
220
0.0
230
1.0
  2
SOLID
 70
1
 71
0
 91
1
 92
1
 93
4
 72
1
 10
1003.274806902647
 20
1051.316650812314
 11
1003.2565982662782
 21
1051.017203912912
 72
1
 10
1003.2565982662782
 20
1051.017203912912
 11
998.1660009765656
 21
1051.326750731175
 72
1
 10
998.1660009765656
 20
1051.326750731175
 11
998.1842096129344
 21
1051.626197630577
 72
1
 10
998.1842096129344
 20
1051.626197630577
 11
1003.274806902647
 21
1051.316650812314
 97
0
 75
0
 76
1
 98
1
 10
879.5378103541086
 20
2470.001935237244
450
0
451
0
460
0.0
461
0.0
452
0
462
0.0
453
2
463
0
 63
5
421
255
463
1
 63
2
421
16776960
470
LINEAR
1001
GradientColor1ACI
1070
5
1001
GradientColor2ACI
1070
2
1001
ACAD
1010
0.0
1020
0.0
1030
0.0
1001
HATCHBACKGROUNDCOLOR
1071
-1030318442
1000

1000

  0
HATCH
  5
2AD
330
1F
100
AcDbEntity
  8
CAMPITURE
 62
4
440
33554585
100
AcDbHatch
 10
0.0
 20
0.0
 30
-1.05846599999995
210
0.0
220
0.0
230
1.0
  2
ANSI36
 70
0
 71
0
 91
1
 92
1
 93
4
 72
1
 10
998.2388404470626
 20
1079.050493652174
 11
998.0749627197424
 21
1076.355471557543
 72
1
 10
998.0749627197424
 20
1076.355471557543
 11
999.5433859858686
 21
1076.266180316452
 72
1
 10
999.5433859858686
 20
1076.266180316452
 11
999.7072637131887
 21
1078.961202411083
 72
1
 10
999.7072637131887
 20
1078.961202411083
 11
998.2388404470626
 21
1079.050493652174
 97
0
 75
0
 76
1
 52
356.5202678639379
 41
4.0
 77
0
 78
1
 53
41.52026786393788
 43
879.5378103541086
 44
2470.001935237244
 45
0.3236886467899548
 46
0.9543849642252795
 79
4
 49
1.25
 49
-0.25
 49
0.0
 49
-0.25
 98
1
 10
879.5378103541086
 20
2470.001935237244
1001
GradientColor1ACI
1070
5
1001
GradientColor2ACI
1070
2
1001
ACAD
1010
0.0
1020
0.0
1030
0.0
  0
LWPOLYLINE
  5
2AE
330
1F
100
AcDbEntity
  8
SOLETTA INTERRATO
  6
TRATTEGGIATA
 62
4
440
33554585
100
AcDbPolyline
 90
3
 70
0
 38
-1.05846599999995
 10
1002.489634965656
 20
1079.593490853537
 10
1002.2286445431942
 20
1075.301419157611
 10
1000.9310413124581
 20
1075.380323248544
  0
HATCH
  5
2B3
330
1F
100
AcDbEntity
  8
CAMPITURE
 62
4
370
9
440
33554585
100
AcDbHatch
 10
0.0
 20
0.0
 30
-1.05846599999995
210
0.0
220
0.0
230
1.0
  2
SOLID
 70
1
 71
0
 91
44
 92
1
 93
4
 72
1
 10
1016.258909285649
 20
1080.309077794951
 11
1015.6458851945599
 21
1070.227698848335
 72
1
 10
1015.6458851945599
 20
1070.227698848335
 11
1015.3459836691081
 21
1070.245935129406
 72
1
 10
1015.3459836691081
 20
1070.245935129406
 11
1015.9590077601961
 21
1080.327314076022
 72
1
 10
1015.9590077601961
 20
1080.327314076022
 11
1016.258909285649
 21
1080.309077794951
 97
0
 92
1
 93
4
 72
1
 10
1015.5948350433091
 20
1074.338376087295
 11
1015.57662640694
 21
1074.038929187892
 72
1
 10
1015.57662640694
 20
1074.038929187892
 11
1013.8298528166151
 21
1074.145146234014
 72
1
 10
1013.8298528166151
 20
1074.145146234014
 11
1013.848061452984
 21
1074.444593133417
 72
1
 10
1013.848061452984
 20
1074.444593133417
 11
1015.5948350433091
 21
1074.338376087295
 97
0
 92
1
 93
4
 72
1
 10
1013.848061452984
 20
1074.444593133417
 11
1014.087808498507
 21
1078.387310642209
 72
1
 10
1014.087808498507
 20
1078.387310642209
 11
1014.3872553978958
 21
1078.369102005841
 72
1
 10
1014.3872553978958
 20
1078.369102005841
 11
1014.147508352373
 21
1074.426384497049
 72
1
 10
1014.147508352373
 20
1074.426384497049
 11
1013.848061452984
 21
1074.444593133417
 97
0
 92
1
 93
4
 72
1
 10
1011.451419486709
 20
1070.783308210736
 11
1011.921809259569
 21
1078.519019778606
 72
1
 10
1011.921809259569
 20
1078.519019778606
 11
1012.2212561589708
 21
1078.500811142237
 72
1
 10
1012.221256158972
 20
1078.500811142237
 11
1011.750866386111
 21
1070.765099574367
 72
1
 10
1011.750866386111
 20
1070.765099574367
 11
1011.451419486709
 21
1070.783308210736
 97
0
 92
1
 93
4
 72
1
 10
1010.8255917852662
 20
1078.285123970137
 11
1010.843800421635
 21
1078.584570869539
 72
1
 10
1010.843800421635
 20
1078.584570869539
 11
1011.921809259569
 21
1078.519019778606
 72
1
 10
1011.921809259569
 20
1078.519019778606
 11
1011.9036006232
 21
1078.219572879204
 72
1
 10
1011.9036006232
 20
1078.219572879204
 11
1010.8255917852662
 21
1078.285123970137
 97
0
 92
1
 93
4
 72
1
 10
1004.9155568116121
 20
1078.299312388129
 11
1004.9546780668479
 21
1078.942674051452
 72
1
 10
1004.9546780668479
 20
1078.942674051452
 11
1005.2541249661272
 21
1078.924465415091
 72
1
 10
1005.2541249661272
 20
1078.924465415091
 11
1005.2150037108909
 21
1078.281103751767
 72
1
 10
1005.2150037108909
 20
1078.281103751767
 11
1004.9155568116121
 21
1078.299312388129
 97
0
 92
1
 93
4
 72
1
 10
1004.9364694304791
 20
1078.64322715205
 11
1004.954678076152
 21
1078.942674204463
 72
1
 10
1004.954678076152
 20
1078.942674204463
 11
996.7348606875262
 21
1079.44250127279
 72
1
 10
996.7348606875262
 20
1079.44250127279
 11
996.7166520418532
 21
1079.143054220377
 72
1
 10
996.7166520418532
 20
1079.143054220377
 11
1004.9364694304791
 21
1078.64322715205
 97
0
 92
1
 93
4
 72
1
 10
1001.7518052928099
 20
1080.64020355236
 11
1001.939961201952
 21
1083.734488179471
 72
1
 10
1001.939961201952
 20
1083.734488179471
 11
1002.239408158192
 21
1083.716279539646
 72
1
 10
1002.239408158192
 20
1083.716279539646
 11
1002.0512522490499
 21
1080.621994912535
 72
1
 10
1002.0512522490499
 20
1080.621994912535
 11
1001.7518052928099
 21
1080.64020355236
 97
0
 92
1
 93
4
 72
1
 10
1002.257616800061
 20
1084.015726438714
 11
1002.2394081636921
 21
1083.716279539312
 72
1
 10
1002.2394081636921
 20
1083.716279539312
 11
993.9547106135665
 21
1084.220051812183
 72
1
 10
993.9547106135665
 20
1084.220051812183
 11
993.9729192499353
 21
1084.519498711585
 72
1
 10
993.9729192499353
 20
1084.519498711585
 11
1002.257616800061
 21
1084.015726438714
 97
0
 92
1
 93
4
 72
1
 10
997.254032318782
 20
1080.813517460961
 11
997.4482577733802
 21
1084.007617721206
 72
1
 10
997.4482577733802
 20
1084.007617721206
 11
997.7477046726594
 21
1083.989409084845
 72
1
 10
997.7477046726592
 20
1083.989409084845
 11
997.553479218061
 21
1080.795308824599
 72
1
 10
997.553479218061
 20
1080.7953088246
 11
997.2540323187818
 21
1080.813517460961
 97
0
 92
1
 93
4
 72
1
 10
994.2541575129687
 20
1084.201843175814
 11
993.9567497856115
 21
1079.310877152248
 72
1
 10
993.9567497856115
 20
1079.310877152248
 11
993.6573028862094
 21
1079.329085788617
 72
1
 10
993.657302886209
 20
1079.329085788617
 11
993.9547106135665
 21
1084.220051812183
 72
1
 10
993.9547106135665
 20
1084.220051812183
 11
994.2541575129687
 21
1084.201843175814
 97
0
 92
1
 93
4
 72
1
 10
995.5370730731784
 20
1079.515335665707
 11
995.5188644368095
 21
1079.215888766304
 72
1
 10
995.5188644368095
 20
1079.215888766304
 11
993.9567497856112
 21
1079.310877152248
 72
1
 10
993.9567497856115
 20
1079.310877152248
 11
993.9749584219803
 21
1079.61032405165
 72
1
 10
993.9749584219803
 20
1079.61032405165
 11
995.5370730731786
 21
1079.515335665707
 97
0
 92
1
 93
4
 72
1
 10
997.7755158203404
 20
1076.373680193912
 11
997.9393935476605
 21
1079.068702288543
 72
1
 10
997.9393935476605
 20
1079.068702288542
 11
998.2388404470628
 21
1079.050493652174
 72
1
 10
998.2388404470626
 20
1079.050493652174
 11
998.0749627197424
 21
1076.355471557543
 72
1
 10
998.0749627197424
 20
1076.355471557543
 11
997.7755158203404
 21
1076.373680193912
 97
0
 92
1
 93
4
 72
1
 10
999.5472433084701
 20
1076.265945762063
 11
999.5290346721013
 21
1075.966498862661
 72
1
 10
999.5290346721013
 20
1075.966498862661
 11
995.7360406130067
 21
1076.197141589999
 72
1
 10
995.7360406130067
 20
1076.197141589999
 11
995.7542492493756
 21
1076.496588489401
 72
1
 10
995.7542492493753
 20
1076.496588489401
 11
999.5472433084697
 21
1076.265945762063
 97
0
 92
1
 93
4
 72
1
 10
1000.6279438450501
 20
1057.215228942208
 11
1001.9420004363351
 21
1078.825313515746
 72
1
 10
1001.9420004363351
 20
1078.825313515746
 11
1001.6425535369322
 21
1078.843522152115
 72
1
 10
1001.6425535369331
 20
1078.843522152115
 11
1000.3284969456481
 21
1057.233437578577
 72
1
 10
1000.3284969456481
 20
1057.233437578577
 11
1000.6279438450501
 21
1057.215228942208
 97
0
 92
1
 93
4
 72
1
 10
1004.8649863375881
 20
1076.643879710859
 11
1004.880160201581
 21
1076.893418799474
 72
1
 10
1004.880160201581
 20
1076.893418799474
 11
1004.1315429529341
 21
1076.938940390405
 72
1
 10
1004.1315429529332
 20
1076.938940390405
 11
1004.1163690889412
 21
1076.689401301789
 72
1
 10
1004.1163690889412
 20
1076.689401301789
 11
1004.8649863375881
 21
1076.643879710859
 97
0
 92
1
 93
4
 72
1
 10
1004.6222045196891
 20
1072.651254391277
 11
1004.8801602015801
 21
1076.893418799474
 72
1
 10
1004.880160201581
 20
1076.893418799474
 11
1005.1296992842931
 21
1076.878244935841
 72
1
 10
1005.129699284292
 20
1076.878244935841
 11
1004.871743602401
 21
1072.636080527644
 72
1
 10
1004.871743602401
 20
1072.636080527644
 11
1004.6222045196891
 21
1072.651254391277
 97
0
 92
1
 93
4
 72
1
 10
1003.873587271042
 20
1072.696775982208
 11
1003.8887611343312
 21
1072.946315059265
 72
1
 10
1003.8887611343312
 20
1072.946315059265
 11
1004.6373783829781
 21
1072.900793468334
 72
1
 10
1004.6373783829781
 20
1072.900793468334
 11
1004.6222045196891
 21
1072.651254391277
 72
1
 10
1004.6222045196891
 20
1072.651254391277
 11
1003.873587271042
 21
1072.696775982208
 97
0
 92
1
 93
4
 72
1
 10
1002.270135728548
 20
1071.041045584206
 11
1002.2883443649171
 21
1071.340492483608
 72
1
 10
1002.2883443649171
 20
1071.340492483608
 11
1001.4898192998421
 21
1071.389048847258
 72
1
 10
1001.4898192998421
 20
1071.389048847258
 11
1001.471610663473
 21
1071.089601947856
 72
1
 10
1001.471610663473
 20
1071.089601947856
 11
1002.270135728548
 21
1071.041045584206
 97
0
 92
1
 93
4
 72
1
 10
1004.7837351932849
 20
1071.1887538472
 11
1004.765526556916
 21
1070.889306947797
 72
1
 10
1004.765526556916
 20
1070.889306947798
 11
1003.767370225557
 21
1070.950002402362
 72
1
 10
1003.767370225557
 20
1070.950002402362
 11
1003.7855788619258
 21
1071.249449301764
 72
1
 10
1003.7855788619258
 20
1071.249449301764
 11
1004.7837351932849
 21
1071.1887538472
 97
0
 92
1
 93
4
 72
1
 10
1004.443840647715
 20
1065.599078391694
 11
1004.4256320113459
 21
1065.299631492291
 72
1
 10
1004.4256320113459
 20
1065.299631492291
 11
1001.131716117922
 21
1065.499926492348
 72
1
 10
1001.131716117922
 20
1065.499926492348
 11
1001.1499247542911
 21
1065.799373391751
 72
1
 10
1001.1499247542911
 20
1065.799373391751
 11
1004.443840647715
 21
1065.599078391694
 97
0
 92
1
 93
4
 72
1
 10
1003.9805160209921
 20
1062.922264933422
 11
1004.1261851119439
 21
1065.31784012866
 72
1
 10
1004.1261851119439
 20
1065.31784012866
 11
1004.4256320113459
 21
1065.299631492291
 72
1
 10
1004.4256320113459
 20
1065.299631492291
 11
1004.2799629203942
 21
1062.904056297053
 72
1
 10
1004.2799629203942
 20
1062.904056297053
 11
1003.9805160209921
 21
1062.922264933422
 97
0
 92
1
 93
4
 72
1
 10
1009.46632148462
 20
1064.993119446749
 11
1009.4845301209889
 21
1065.292566346151
 72
1
 10
1009.4845301209889
 20
1065.292566346151
 11
1006.2405220441301
 21
1065.489826573481
 72
1
 10
1006.2405220441301
 20
1065.489826573481
 11
1006.222313407761
 21
1065.190379674078
 72
1
 10
1006.222313407761
 20
1065.190379674078
 11
1009.46632148462
 21
1064.993119446749
 97
0
 92
1
 93
4
 72
1
 10
1015.3459836691081
 20
1070.245935129406
 11
1015.36419230548
 21
1070.545382028871
 72
1
 10
1015.36419230548
 20
1070.545382028871
 11
1008.681984837589
 21
1070.951710784209
 72
1
 10
1008.681984837589
 20
1070.951710784209
 11
1008.663776201216
 21
1070.652263884744
 72
1
 10
1008.663776201216
 20
1070.652263884744
 11
1015.3459836691081
 21
1070.245935129406
 97
0
 92
1
 93
4
 72
1
 10
1013.898656988664
 20
1070.333943538522
 11
1013.5587624431141
 21
1064.744268083042
 72
1
 10
1013.5587624431141
 20
1064.744268083042
 11
1013.2593155437121
 21
1064.762476719411
 72
1
 10
1013.2593155437121
 20
1064.762476719411
 11
1013.599210089262
 21
1070.352152174891
 72
1
 10
1013.599210089262
 20
1070.352152174891
 11
1013.898656988664
 21
1070.333943538522
 97
0
 92
1
 93
4
 72
1
 10
1013.2593155437121
 20
1064.762476719411
 11
1013.277524180081
 21
1065.061923618813
 72
1
 10
1013.27752418008
 20
1065.061923618813
 11
1010.931856801431
 21
1065.204557937035
 72
1
 10
1010.931856801431
 20
1065.204557937035
 11
1010.9136481650621
 21
1064.905111037633
 72
1
 10
1010.9136481650621
 20
1064.905111037633
 11
1013.2593155437121
 21
1064.762476719411
 97
0
 92
1
 93
4
 72
1
 10
1011.2130950644641
 20
1064.886902401264
 11
1010.888374382554
 21
1059.546766028602
 72
1
 10
1010.888374382554
 20
1059.546766028602
 11
1010.588927483152
 21
1059.564974664971
 72
1
 10
1010.588927483152
 20
1059.564974664971
 11
1010.9136481650621
 21
1064.905111037633
 72
1
 10
1010.9136481650621
 20
1064.905111037633
 11
1011.2130950644641
 21
1064.886902401264
 97
0
 92
1
 93
4
 72
1
 10
1003.8166382936752
 20
1060.227242838844
 11
1003.90161193006
 21
1061.624661702677
 72
1
 10
1003.90161193006
 20
1061.624661702678
 11
1004.201058829462
 21
1061.606453066309
 72
1
 10
1004.201058829462
 20
1061.606453066309
 11
1004.116085193077
 21
1060.209034202476
 72
1
 10
1004.116085193077
 20
1060.209034202475
 11
1003.8166382936752
 21
1060.227242838844
 97
0
 92
1
 93
4
 72
1
 10
1003.943103147571
 20
1057.36428865812
 11
1004.015937693046
 21
1058.562076255728
 72
1
 10
1004.015937693046
 20
1058.562076255728
 11
1003.716490793644
 21
1058.580284892097
 72
1
 10
1003.716490793644
 20
1058.580284892097
 11
1003.643656248169
 21
1057.382497294489
 72
1
 10
1003.643656248169
 20
1057.382497294489
 11
1003.943103147571
 21
1057.36428865812
 97
0
 92
1
 93
4
 72
1
 10
1005.7883409076389
 20
1058.053561905026
 11
1005.7701322712701
 21
1057.754115005624
 72
1
 10
1005.770132271271
 20
1057.754115005624
 11
1010.810821744494
 21
1057.447602960084
 72
1
 10
1010.810821744494
 20
1057.447602960085
 11
1010.8290303808631
 21
1057.747049859487
 72
1
 10
1010.8290303808631
 20
1057.747049859487
 11
1005.7883409076389
 21
1058.053561905026
 97
0
 92
1
 93
4
 72
1
 10
1010.888374382554
 20
1059.546766028602
 11
1010.918722109835
 21
1060.045844194272
 72
1
 10
1010.918722109835
 20
1060.045844194272
 11
1011.268076825758
 21
1060.024600785178
 72
1
 10
1011.268076825758
 20
1060.024600785178
 11
1011.2377290984768
 21
1059.525522619508
 72
1
 10
1011.2377290984768
 20
1059.525522619508
 11
1010.888374382554
 21
1059.546766028602
 97
0
 92
1
 93
4
 72
1
 10
1011.2377290984768
 20
1059.525522619508
 11
1010.755200234702
 21
1051.590179785341
 72
1
 10
1010.755200234702
 20
1051.590179785341
 11
1010.4557533353
 21
1051.60838842171
 72
1
 10
1010.4557533353
 20
1051.60838842171
 11
1010.9382821990739
 21
1059.543731255877
 72
1
 10
1010.9382821990739
 20
1059.543731255877
 11
1011.2377290984768
 21
1059.525522619508
 97
0
 92
1
 93
4
 72
1
 10
1009.6168989911271
 20
1051.158473573537
 11
1009.6472467176841
 21
1051.657551727289
 72
1
 10
1009.6472467176841
 20
1051.657551727289
 11
1010.924886910298
 21
1051.579861540067
 72
1
 10
1010.924886910298
 20
1051.579861540067
 11
1010.894539183741
 21
1051.080783386315
 72
1
 10
1010.894539183741
 20
1051.080783386315
 11
1009.6168989911271
 21
1051.158473573537
 97
0
 92
1
 93
4
 72
1
 10
1010.645000116094
 20
1051.095957249032
 11
1010.453809434628
 21
1047.951764811998
 72
1
 10
1010.453809434628
 20
1047.951764811998
 11
1010.7033650775211
 21
1047.936589941381
 72
1
 10
1010.70336507752
 20
1047.936589941381
 11
1010.8945557589859
 21
1051.080782378414
 72
1
 10
1010.8945557589859
 20
1051.080782378415
 11
1010.645000116094
 21
1051.095957249032
 97
0
 92
1
 93
4
 72
1
 10
1011.232371133606
 20
1047.904422222854
 11
1011.2141625058662
 21
1047.604975465358
 72
1
 10
1011.2141625058662
 20
1047.604975465358
 11
997.6891443314983
 21
1048.427398867673
 72
1
 10
997.6891443314983
 20
1048.427398867673
 11
997.707352959238
 21
1048.726845625168
 72
1
 10
997.707352959238
 20
1048.726845625168
 11
1011.232371133606
 21
1047.904422222854
 97
0
 92
1
 93
4
 72
1
 10
1007.272278052794
 20
1052.813172625395
 11
1007.1806679449701
 21
1051.306614847743
 72
1
 10
1007.1806679449701
 20
1051.306614847743
 11
1006.8809814747851
 21
1051.324838051828
 72
1
 10
1006.8809814747851
 20
1051.324838051828
 11
1006.9725915826089
 21
1052.831395829479
 72
1
 10
1006.9725915826089
 20
1052.831395829479
 11
1007.272278052794
 21
1052.813172625395
 97
0
 92
1
 93
4
 72
1
 10
1006.8991901111531
 20
1051.624284951214
 11
1006.8809814747829
 21
1051.324838051802
 72
1
 10
1006.8809814747829
 20
1051.324838051802
 11
1004.821206978017
 21
1051.450087920437
 72
1
 10
1004.821206978017
 20
1051.450087920437
 11
1004.8394156143859
 21
1051.749534819849
 72
1
 10
1004.8394156143859
 20
1051.749534819849
 11
1006.8991901111531
 21
1051.624284951214
 97
0
 92
1
 93
4
 72
1
 10
1004.8394156143991
 20
1051.749534819848
 11
1004.8764398416852
 21
1052.358410182014
 72
1
 10
1004.8764398416852
 20
1052.358410182014
 11
1005.175886741114
 21
1052.340201545644
 72
1
 10
1005.175886741114
 20
1052.340201545644
 11
1005.1388625138279
 21
1051.731326183478
 72
1
 10
1005.1388625138279
 20
1051.731326183478
 11
1004.8394156143991
 21
1051.749534819848
 97
0
 92
1
 93
4
 72
1
 10
1006.051939889365
 20
1048.219431625016
 11
1006.2431305798691
 21
1051.363624210695
 72
1
 10
1006.2431305798691
 20
1051.363624210695
 11
1005.9436836804671
 21
1051.381832847064
 72
1
 10
1005.9436836804671
 20
1051.381832847064
 11
1005.7524929899619
 21
1048.237640261385
 72
1
 10
1005.7524929899619
 20
1048.237640261385
 11
1006.0519398893639
 21
1048.219431625016
 97
0
 92
1
 93
4
 72
1
 10
1003.231588704349
 20
1050.605913596574
 11
1003.4615698846042
 21
1054.388028300459
 72
1
 10
1003.4615698846042
 20
1054.388028300459
 11
1003.761016783883
 21
1054.369819664098
 72
1
 10
1003.761016783882
 20
1054.369819664098
 11
1003.5310356036271
 21
1050.587704960213
 72
1
 10
1003.531035603628
 20
1050.587704960213
 11
1003.231588704349
 21
1050.605913596574
 97
0
 92
1
 93
4
 72
1
 10
997.707352959238
 20
1048.726845625168
 11
998.2141600134653
 21
1057.061451133756
 72
1
 10
998.2141600134653
 20
1057.061451133756
 11
998.5136069128675
 21
1057.043242497387
 72
1
 10
998.5136069128675
 20
1057.043242497387
 11
998.0067998586403
 21
1048.708636988799
 72
1
 10
998.0067998586403
 20
1048.7086369888
 11
997.707352959238
 21
1048.726845625168
 97
0
 92
1
 93
4
 72
1
 10
998.2323686498341
 20
1057.360898033158
 11
998.2141600134653
 21
1057.061451133756
 72
1
 10
998.2141600134653
 20
1057.061451133756
 11
1000.6097352086808
 21
1056.915782042805
 72
1
 10
1000.6097352086808
 20
1056.915782042805
 11
1000.6279438450501
 21
1057.215228942208
 72
1
 10
1000.6279438450501
 20
1057.215228942208
 11
998.2323686498344
 21
1057.360898033158
 97
0
 92
1
 93
4
 72
1
 10
994.2887144173296
 20
1076.285149926482
 11
995.7360406256487
 21
1076.1971417979
 72
1
 10
995.7360406256487
 20
1076.1971417979
 11
995.7542492493756
 21
1076.496588489401
 72
1
 10
995.7542492493753
 20
1076.496588489401
 11
994.3069230443541
 21
1076.584596672218
 72
1
 10
994.3069230443543
 20
1076.584596672218
 11
994.2887144173296
 21
1076.285149926482
 97
0
 92
1
 93
4
 72
1
 10
999.5266759089905
 20
1075.966643191056
 11
999.8284816292166
 21
1075.948291175404
 72
1
 10
999.8284816292166
 20
1075.948291175404
 11
1000.0105679351918
 21
1078.942759220325
 72
1
 10
1000.0105679351918
 20
1078.942759220325
 11
999.7087622182901
 21
1078.961111290639
 72
1
 10
999.7087622182901
 20
1078.961111290639
 11
999.5266759089905
 21
1075.966643191056
 97
0
 75
0
 76
1
 98
1
 10
958.290203979341
 20
3765.902833752737
450
0
451
0
460
0.0
461
0.0
452
0
462
0.0
453
2
463
0
 63
5
421
255
463
1
 63
2
421
16776960
470
LINEAR
1001
GradientColor1ACI
1070
5
1001
GradientColor2ACI
1070
2
1001
ACAD
1010
0.0
1020
0.0
1030
0.0
1001
HATCHBACKGROUNDCOLOR
1071
-1030318442
1000

1000

  0
HATCH
  5
2B4
330
1F
100
AcDbEntity
  8
CAMPITURE
 62
4
370
9
440
33554585
100
AcDbHatch
 10
0.0
 20
0.0
 30
-1.05846599999995
210
0.0
220
0.0
230
1.0
  2
SOLID
 70
1
 71
0
 91
1
 92
1
 93
4
 72
1
 10
1007.042793586394
 20
1053.969893397771
 11
1007.061002222762
 21
1054.269340297173
 72
2
 10
1007.160996546605
 20
1055.916414636273
 40
1.650106888453633
 50
266.5258220094397
 51
492.60474347565247
 73
1
 72
1
 10
1006.0439782911672
 20
1057.130961037338
 11
1005.840924738749
 21
1057.351396152522
 72
2
 10
1007.1611496840828
 20
1055.916298232473
 40
1.949999986259336
 50
227.3873526064263
 51
453.4797310211642
 73
0
 97
0
 75
0
 76
1
 98
1
 10
958.290203979341
 20
3765.902833752737
450
0
451
0
460
0.0
461
0.0
452
0
462
0.0
453
2
463
0
 63
5
421
255
463
1
 63
2
421
16776960
470
LINEAR
1001
GradientColor1ACI
1070
5
1001
GradientColor2ACI
1070
2
1001
ACAD
1010
0.0
1020
0.0
1030
0.0
1001
HATCHBACKGROUNDCOLOR
1071
-1030318442
1000

1000

  0
LINE
  5
2B5
330
1F
100
AcDbEntity
  8
MURI INTERRATO
 62
4
440
33554585
100
AcDbLine
 10
999.5472433084701
 20
1076.265945762063
 30
-1.05846599999995
 11
999.7111210357903
 21
1078.960967856694
 31
-1.05846599999995
1001
REVIT
1002
{
1070
1
1000
2061818
1002
}
1002
{
1070
5
1000
952
1002
}
1002
{
1070
2
1000
-2000011
1002
}
  0
LINE
  5
2B8
330
1F
100
AcDbEntity
  8
MURI INTERRATO
 62
4
440
33554585
100
AcDbLine
 10
1000.0105679351918
 20
1078.942759220325
 30
-1.05846599999995
 11
999.8284816292166
 21
1075.948291175404
 31
-1.05846599999995
1001
REVIT
1002
{
1070
1
1000
2061818
1002
}
1002
{
1070
5
1000
952
1002
}
1002
{
1070
2
1000
-2000011
1002
}
  0
LINE
  5
2B9
330
1F
100
AcDbEntity
  8
MURI INTERRATO
 62
4
440
33554585
100
AcDbLine
 10
997.7755158203404
 20
1076.373680193912
 30
-1.05846599999995
 11
997.9393935476605
 21
1079.068702288542
 31
-1.05846599999995
1001
REVIT
1002
{
1070
1
1000
2061893
1002
}
1002
{
1070
5
1000
952
1002
}
1002
{
1070
2
1000
-2000011
1002
}
  0
LINE
  5
2BA
330
1F
100
AcDbEntity
  8
MURI INTERRATO
 62
4
440
33554585
100
AcDbLine
 10
998.2388404470626
 20
1079.050493652174
 30
-1.05846599999995
 11
998.0749627197424
 21
1076.355471557543
 31
-1.05846599999995
1001
REVIT
1002
{
1070
1
1000
2061893
1002
}
1002
{
1070
5
1000
952
1002
}
1002
{
1070
2
1000
-2000011
1002
}
  0
LINE
  5
2BB
330
1F
100
AcDbEntity
  8
MURI INTERRATO
 62
4
440
33554585
100
AcDbLine
 10
994.2887144455958
 20
1076.285149967919
 30
-1.05846599999995
 11
994.4708002962511
 21
1079.279618993148
 31
-1.05846599999995
1001
REVIT
1002
{
1070
1
1000
2062036
1002
}
1002
{
1070
5
1000
952
1002
}
1002
{
1070
2
1000
-2000011
1002
}
  0
LINE
  5
2BC
330
1F
100
AcDbEntity
  8
MURI INTERRATO
 62
4
440
33554585
100
AcDbLine
 10
994.7702471956534
 20
1079.261410356779
 30
-1.05846599999995
 11
994.6063694683332
 21
1076.566388262149
 31
-1.05846599999995
1001
REVIT
1002
{
1070
1
1000
2062036
1002
}
1002
{
1070
5
1000
952
1002
}
1002
{
1070
2
1000
-2000011
1002
}
  0
LINE
  5
2BD
330
1F
100
AcDbEntity
  8
MURI INTERRATO
 62
4
440
33554585
100
AcDbLine
 10
1014.3872553978958
 20
1078.369102005841
 30
-1.05846599999995
 11
1014.087808498494
 21
1078.38731064221
 31
-1.05846599999995
1001
REVIT
1002
{
1070
1
1000
2062606
1002
}
1002
{
1070
5
1000
952
1002
}
1002
{
1070
2
1000
-2000011
1002
}
  0
LINE
  5
2BE
330
1F
100
AcDbEntity
  8
MURI INTERRATO
 62
4
440
33554585
100
AcDbLine
 10
1014.147508362865
 20
1074.426384496411
 30
-1.05846599999995
 11
1015.5948350433091
 21
1074.338376087295
 31
-1.05846599999995
1001
REVIT
1002
{
1070
1
1000
2062657
1002
}
1002
{
1070
5
1000
952
1002
}
1002
{
1070
2
1000
-2000011
1002
}
  0
LINE
  5
2BF
330
1F
100
AcDbEntity
  8
MURI INTERRATO
 62
4
440
33554585
100
AcDbLine
 10
1015.576626406938
 20
1074.038929187893
 30
-1.05846599999995
 11
1014.1292997264941
 21
1074.126937597009
 31
-1.05846599999995
1001
REVIT
1002
{
1070
1
1000
2062657
1002
}
1002
{
1070
5
1000
952
1002
}
1002
{
1070
2
1000
-2000011
1002
}
  0
LINE
  5
2C0
330
1F
100
AcDbEntity
  8
MURI INTERRATO
 62
4
440
33554585
100
AcDbLine
 10
1013.898656988664
 20
1070.333943538522
 30
-1.05846599999995
 11
1015.6454305685102
 21
1070.227726493037
 31
-1.05846599999995
1001
REVIT
1002
{
1070
1
1000
2062972
1002
}
1002
{
1070
5
1000
952
1002
}
1002
{
1070
2
1000
-2000011
1002
}
  0
LINE
  5
2C1
330
1F
100
AcDbEntity
  8
MURI INTERRATO
 62
4
440
33554585
100
AcDbLine
 10
1013.599210089262
 20
1070.352152174891
 30
-1.05846599999995
 11
1013.27752418008
 21
1065.061923618813
 31
-1.05846599999995
1001
REVIT
1002
{
1070
1
1000
2063074
1002
}
1002
{
1070
5
1000
952
1002
}
1002
{
1070
2
1000
-2000011
1002
}
  0
LINE
  5
2C2
330
1F
100
AcDbEntity
  8
MURI INTERRATO
 62
4
440
33554585
100
AcDbLine
 10
1013.5587624431141
 20
1064.744268083042
 30
-1.05846599999995
 11
1013.898656988664
 21
1070.333943538522
 31
-1.05846599999995
1001
REVIT
1002
{
1070
1
1000
2063074
1002
}
1002
{
1070
5
1000
952
1002
}
1002
{
1070
2
1000
-2000011
1002
}
  0
LINE
  5
2C3
330
1F
100
AcDbEntity
  8
MURI INTERRATO
 62
4
440
33554585
100
AcDbLine
 10
1013.27752418008
 20
1065.061923618813
 30
-1.05846599999995
 11
1010.931856801431
 21
1065.204557937035
 31
-1.05846599999995
1001
REVIT
1002
{
1070
1
1000
2063118
1002
}
1002
{
1070
5
1000
952
1002
}
1002
{
1070
2
1000
-2000011
1002
}
  0
LINE
  5
2C4
330
1F
100
AcDbEntity
  8
MURI INTERRATO
 62
4
440
33554585
100
AcDbLine
 10
1011.2130950644641
 20
1064.886902401264
 30
-1.05846599999995
 11
1013.5587624431141
 21
1064.744268083042
 31
-1.05846599999995
1001
REVIT
1002
{
1070
1
1000
2063118
1002
}
1002
{
1070
5
1000
952
1002
}
1002
{
1070
2
1000
-2000011
1002
}
  0
LINE
  5
2C5
330
1F
100
AcDbEntity
  8
MURI INTERRATO
 62
4
440
33554585
100
AcDbLine
 10
1001.6425535369331
 20
1078.843522152115
 30
-1.05846599999995
 11
1000.494499013877
 21
1059.963395144788
 31
-1.05846599999995
1001
REVIT
1002
{
1070
1
1000
2063516
1002
}
1002
{
1070
5
1000
952
1002
}
1002
{
1070
2
1000
-2000011
1002
}
  0
LINE
  5
2C6
330
1F
100
AcDbEntity
  8
MURI INTERRATO
 62
4
440
33554585
100
AcDbLine
 10
1000.494499013877
 20
1059.963395144788
 30
-1.05846599999995
 11
1000.3284969456481
 21
1057.233437578577
 31
-1.05846599999995
1001
REVIT
1002
{
1070
1
1000
2063516
1002
}
1002
{
1070
5
1000
952
1002
}
1002
{
1070
2
1000
-2000011
1002
}
  0
LINE
  5
2C7
330
1F
100
AcDbEntity
  8
MURI INTERRATO
 62
4
440
33554585
100
AcDbLine
 10
1000.6097352086808
 20
1056.915782042805
 30
-1.05846599999995
 11
1001.131716117922
 21
1065.499926492348
 31
-1.05846599999995
1001
REVIT
1002
{
1070
1
1000
2063516
1002
}
1002
{
1070
5
1000
952
1002
}
1002
{
1070
2
1000
-2000011
1002
}
  0
LINE
  5
2C8
330
1F
100
AcDbEntity
  8
MURI INTERRATO
 62
4
440
33554585
100
AcDbLine
 10
1009.4845301209889
 20
1065.292566346151
 30
-1.05846599999995
 11
1006.2405220441301
 21
1065.489826573481
 31
-1.05846599999995
1001
REVIT
1002
{
1070
1
1000
2063843
1002
}
1002
{
1070
5
1000
952
1002
}
1002
{
1070
2
1000
-2000011
1002
}
  0
LINE
  5
2C9
330
1F
100
AcDbEntity
  8
MURI INTERRATO
 62
4
440
33554585
100
AcDbLine
 10
1006.2405220441301
 20
1065.489826573481
 30
-1.05846599999995
 11
1006.222313407761
 21
1065.190379674078
 31
-1.05846599999995
1001
REVIT
1002
{
1070
1
1000
2063843
1002
}
1002
{
1070
5
1000
952
1002
}
1002
{
1070
2
1000
-2000011
1002
}
  0
LINE
  5
2CA
330
1F
100
AcDbEntity
  8
MURI INTERRATO
 62
4
440
33554585
100
AcDbLine
 10
1006.222313407761
 20
1065.190379674078
 30
-1.05846599999995
 11
1009.46632148462
 21
1064.993119446749
 31
-1.05846599999995
1001
REVIT
1002
{
1070
1
1000
2063843
1002
}
1002
{
1070
5
1000
952
1002
}
1002
{
1070
2
1000
-2000011
1002
}
  0
LINE
  5
2CB
330
1F
100
AcDbEntity
  8
MURI INTERRATO
 62
4
440
33554585
100
AcDbLine
 10
1009.46632148462
 20
1064.993119446749
 30
-1.05846599999995
 11
1009.4845301209889
 21
1065.292566346151
 31
-1.05846599999995
1001
REVIT
1002
{
1070
1
1000
2063843
1002
}
1002
{
1070
5
1000
952
1002
}
1002
{
1070
2
1000
-2000011
1002
}
  0
LINE
  5
2CC
330
1F
100
AcDbEntity
  8
MURI INTERRATO
 62
4
440
33554585
100
AcDbLine
 10
1004.443840647715
 20
1065.599078391694
 30
-1.05846599999995
 11
1001.1499247542911
 21
1065.799373391751
 31
-1.05846599999995
1001
REVIT
1002
{
1070
1
1000
2063906
1002
}
1002
{
1070
5
1000
952
1002
}
1002
{
1070
2
1000
-2000011
1002
}
  0
LINE
  5
2CD
330
1F
100
AcDbEntity
  8
MURI INTERRATO
 62
4
440
33554585
100
AcDbLine
 10
1001.131716117922
 20
1065.499926492348
 30
-1.05846599999995
 11
1004.1261851119439
 21
1065.31784012866
 31
-1.05846599999995
1001
REVIT
1002
{
1070
1
1000
2063906
1002
}
1002
{
1070
5
1000
952
1002
}
1002
{
1070
2
1000
-2000011
1002
}
  0
LINE
  5
2CE
330
1F
100
AcDbEntity
  8
MURI INTERRATO
 62
4
440
33554585
100
AcDbLine
 10
1004.1261851119439
 20
1065.31784012866
 30
-1.05846599999995
 11
1003.9805160209921
 21
1062.922264933422
 31
-1.05846599999995
1001
REVIT
1002
{
1070
1
1000
2063979
1002
}
1002
{
1070
5
1000
952
1002
}
1002
{
1070
2
1000
-2000011
1002
}
  0
LINE
  5
2CF
330
1F
100
AcDbEntity
  8
MURI INTERRATO
 62
4
440
33554585
100
AcDbLine
 10
1003.9805160209921
 20
1062.922264933422
 30
-1.05846599999995
 11
1004.2799629203942
 21
1062.904056297053
 31
-1.05846599999995
1001
REVIT
1002
{
1070
1
1000
2063979
1002
}
1002
{
1070
5
1000
952
1002
}
1002
{
1070
2
1000
-2000011
1002
}
  0
LINE
  5
2D0
330
1F
100
AcDbEntity
  8
MURI INTERRATO
 62
4
440
33554585
100
AcDbLine
 10
1004.2799629203942
 20
1062.904056297053
 30
-1.05846599999995
 11
1004.443840647715
 21
1065.599078391694
 31
-1.05846599999995
1001
REVIT
1002
{
1070
1
1000
2063979
1002
}
1002
{
1070
5
1000
952
1002
}
1002
{
1070
2
1000
-2000011
1002
}
  0
LINE
  5
2D1
330
1F
100
AcDbEntity
  8
MURI INTERRATO
 62
4
440
33554585
100
AcDbLine
 10
1010.931856801431
 20
1065.204557937035
 30
-1.05846599999995
 11
1010.588927483152
 21
1059.564974664971
 31
-1.05846599999995
1001
REVIT
1002
{
1070
1
1000
2064207
1002
}
1002
{
1070
5
1000
952
1002
}
1002
{
1070
2
1000
-2000011
1002
}
  0
LINE
  5
2D2
330
1F
100
AcDbEntity
  8
MURI INTERRATO
 62
4
440
33554585
100
AcDbLine
 10
1010.918722109835
 20
1060.045844194272
 30
-1.05846599999995
 11
1011.2130950644641
 21
1064.886902401264
 31
-1.05846599999995
1001
REVIT
1002
{
1070
1
1000
2064207
1002
}
1002
{
1070
5
1000
952
1002
}
1002
{
1070
2
1000
-2000011
1002
}
  0
LINE
  5
2D3
330
1F
100
AcDbEntity
  8
MURI INTERRATO
 62
4
440
33554585
100
AcDbLine
 10
1010.588927483152
 20
1059.564974664971
 30
-1.05846599999995
 11
1010.9382821990739
 21
1059.543731255877
 31
-1.05846599999995
1001
REVIT
1002
{
1070
1
1000
2064324
1002
}
1002
{
1070
5
1000
2067619
1002
}
1002
{
1070
2
1000
-2000011
1002
}
  0
LINE
  5
2D4
330
1F
100
AcDbEntity
  8
MURI INTERRATO
 62
4
440
33554585
100
AcDbLine
 10
1011.268076825758
 20
1060.024600785178
 30
-1.05846599999995
 11
1010.918722109835
 21
1060.045844194272
 31
-1.05846599999995
1001
REVIT
1002
{
1070
1
1000
2064324
1002
}
1002
{
1070
5
1000
2067619
1002
}
1002
{
1070
2
1000
-2000011
1002
}
  0
LINE
  5
2D5
330
1F
100
AcDbEntity
  8
MURI INTERRATO
 62
4
440
33554585
100
AcDbLine
 10
1010.9382821990739
 20
1059.543731255877
 30
-1.05846599999995
 11
1010.8290303808631
 21
1057.747049859487
 31
-1.05846599999995
1001
REVIT
1002
{
1070
1
1000
2064413
1002
}
1002
{
1070
5
1000
952
1002
}
1002
{
1070
2
1000
-2000011
1002
}
  0
LINE
  5
2D6
330
1F
100
AcDbEntity
  8
MURI INTERRATO
 62
4
440
33554585
100
AcDbLine
 10
1010.810821744494
 20
1057.447602960085
 30
-1.05846599999995
 11
1010.4557533353
 21
1051.60838842171
 31
-1.05846599999995
1001
REVIT
1002
{
1070
1
1000
2064413
1002
}
1002
{
1070
5
1000
952
1002
}
1002
{
1070
2
1000
-2000011
1002
}
  0
LINE
  5
2D7
330
1F
100
AcDbEntity
  8
MURI INTERRATO
 62
4
440
33554585
100
AcDbLine
 10
1010.755200352562
 20
1051.590179766212
 30
-1.05846599999995
 11
1011.268076825758
 21
1060.024600785178
 31
-1.05846599999995
1001
REVIT
1002
{
1070
1
1000
2064413
1002
}
1002
{
1070
5
1000
952
1002
}
1002
{
1070
2
1000
-2000011
1002
}
  0
LINE
  5
2D8
330
1F
100
AcDbEntity
  8
MURI INTERRATO
 62
4
440
33554585
100
AcDbLine
 10
1010.8290303808631
 20
1057.747049859487
 30
-1.05846599999995
 11
1005.7883409076389
 21
1058.053561905026
 31
-1.05846599999995
1001
REVIT
1002
{
1070
1
1000
2064480
1002
}
1002
{
1070
5
1000
952
1002
}
1002
{
1070
2
1000
-2000011
1002
}
  0
LINE
  5
2D9
330
1F
100
AcDbEntity
  8
MURI INTERRATO
 62
4
440
33554585
100
AcDbLine
 10
1005.7883409076389
 20
1058.053561905026
 30
-1.05846599999995
 11
1005.770132271271
 21
1057.754115005624
 31
-1.05846599999995
1001
REVIT
1002
{
1070
1
1000
2064480
1002
}
1002
{
1070
5
1000
952
1002
}
1002
{
1070
2
1000
-2000011
1002
}
  0
LINE
  5
2DA
330
1F
100
AcDbEntity
  8
MURI INTERRATO
 62
4
440
33554585
100
AcDbLine
 10
1005.770132271271
 20
1057.754115005624
 30
-1.05846599999995
 11
1010.810821744494
 21
1057.447602960085
 31
-1.05846599999995
1001
REVIT
1002
{
1070
1
1000
2064480
1002
}
1002
{
1070
5
1000
952
1002
}
1002
{
1070
2
1000
-2000011
1002
}
  0
LINE
  5
2DB
330
1F
100
AcDbEntity
  8
MURI INTERRATO
 62
4
440
33554585
100
AcDbLine
 10
1000.3284969456481
 20
1057.233437578577
 30
-1.05846599999995
 11
998.2323686498341
 21
1057.360898033158
 31
-1.05846599999995
1001
REVIT
1002
{
1070
1
1000
2065324
1002
}
1002
{
1070
5
1000
952
1002
}
1002
{
1070
2
1000
-2000011
1002
}
  0
LINE
  5
2DC
330
1F
100
AcDbEntity
  8
MURI INTERRATO
 62
4
440
33554585
100
AcDbLine
 10
998.5136069128675
 20
1057.043242497387
 30
-1.05846599999995
 11
1000.6097352086808
 21
1056.915782042805
 31
-1.05846599999995
1001
REVIT
1002
{
1070
1
1000
2065324
1002
}
1002
{
1070
5
1000
952
1002
}
1002
{
1070
2
1000
-2000011
1002
}
  0
LINE
  5
2DD
330
1F
100
AcDbEntity
  8
MURI INTERRATO
 62
4
440
33554585
100
AcDbLine
 10
998.2323686498341
 20
1057.360898033158
 30
-1.05846599999995
 11
998.1364698316252
 21
1055.783811029641
 31
-1.05846599999995
1001
REVIT
1002
{
1070
1
1000
2065406
1002
}
1002
{
1070
5
1000
952
1002
}
1002
{
1070
2
1000
-2000011
1002
}
  0
LINE
  5
2DE
330
1F
100
AcDbEntity
  8
MURI INTERRATO
 62
4
440
33554585
100
AcDbLine
 10
998.1364698316252
 20
1055.783811029641
 30
-1.05846599999995
 11
998.0053676497696
 21
1053.627793353946
 31
-1.05846599999995
1001
REVIT
1002
{
1070
1
1000
2065406
1002
}
1002
{
1070
5
1000
952
1002
}
1002
{
1070
2
1000
-2000011
1002
}
  0
LINE
  5
2DF
330
1F
100
AcDbEntity
  8
MURI INTERRATO
 62
4
440
33554585
100
AcDbLine
 10
998.0053676497696
 20
1053.627793353946
 30
-1.05846599999995
 11
997.6891443314983
 21
1048.427398867673
 31
-1.05846599999995
1001
REVIT
1002
{
1070
1
1000
2065406
1002
}
1002
{
1070
5
1000
952
1002
}
1002
{
1070
2
1000
-2000011
1002
}
  0
LINE
  5
2E0
330
1F
100
AcDbEntity
  8
MURI INTERRATO
 62
4
440
33554585
100
AcDbLine
 10
1003.761016783882
 20
1054.369819664098
 30
-1.05846599999995
 11
1003.46156988448
 21
1054.388028300467
 31
-1.05846599999995
1001
REVIT
1002
{
1070
1
1000
2065638
1002
}
1002
{
1070
5
1000
952
1002
}
1002
{
1070
2
1000
-2000011
1002
}
  0
LINE
  5
2E1
330
1F
100
AcDbEntity
  8
MURI INTERRATO
 62
4
440
33554585
100
AcDbLine
 10
1007.181397531207
 20
1051.306570483366
 30
-1.05846599999995
 11
1007.272259702758
 21
1052.813173741215
 31
-1.05846599999995
1001
REVIT
1002
{
1070
1
1000
2065816
1002
}
1002
{
1070
5
1000
952
1002
}
1002
{
1070
2
1000
-2000011
1002
}
  0
LINE
  5
2E2
330
1F
100
AcDbEntity
  8
MURI INTERRATO
 62
4
440
33554585
100
AcDbLine
 10
1007.272278052794
 20
1052.813172625395
 30
-1.05846599999995
 11
1006.972831153392
 21
1052.831381261763
 31
-1.05846599999995
1001
REVIT
1002
{
1070
1
1000
2065816
1002
}
1002
{
1070
5
1000
952
1002
}
1002
{
1070
2
1000
-2000011
1002
}
  0
LINE
  5
2E3
330
1F
100
AcDbEntity
  8
MURI INTERRATO
 62
4
440
33554585
100
AcDbLine
 10
997.6891443314983
 20
1048.427398867673
 30
-1.05846599999995
 11
1003.235852718447
 21
1048.090117044874
 31
-1.05846599999995
1001
REVIT
1002
{
1070
1
1000
2066042
1002
}
1002
{
1070
5
1000
952
1002
}
1002
{
1070
2
1000
-2000011
1002
}
  0
LINE
  5
2E4
330
1F
100
AcDbEntity
  8
MURI INTERRATO
 62
4
440
33554585
100
AcDbLine
 10
1003.235852718446
 20
1048.090117044873
 30
-1.05846599999995
 11
1007.396214653786
 21
1047.83713557205
 31
-1.05846599999995
1001
REVIT
1002
{
1070
1
1000
2066042
1002
}
1002
{
1070
5
1000
952
1002
}
1002
{
1070
2
1000
-2000011
1002
}
  0
ARC
  5
2E5
330
1F
100
AcDbEntity
  8
MURI INTERRATO
 62
4
440
33554585
100
AcDbCircle
 10
1007.1611497227909
 20
1055.916298243886
 30
-1.05846599999995
 40
1.950000000001529
100
AcDbArc
 50
266.52026786392923
 51
356.5202678639429
1001
REVIT
1002
{
1070
1
1000
2068156
1002
}
1002
{
1070
5
1000
952
1002
}
1002
{
1070
2
1000
-2000011
1002
}
  0
ARC
  5
2E6
330
1F
100
AcDbEntity
  8
MURI INTERRATO
 62
4
440
33554585
100
AcDbCircle
 10
1007.1611497227909
 20
1055.916298243886
 30
-1.05846599999995
 40
1.650000000001528
100
AcDbArc
 50
266.52026786392884
 51
356.5202678639446
1001
REVIT
1002
{
1070
1
1000
2068156
1002
}
1002
{
1070
5
1000
952
1002
}
1002
{
1070
2
1000
-2000011
1002
}
  0
LINE
  5
2E7
330
1F
100
AcDbEntity
  8
MURI INTERRATO
 62
4
440
33554585
100
AcDbLine
 10
1007.061002222762
 20
1054.269340297173
 30
-1.05846599999995
 11
1007.042793586394
 21
1053.969893397771
 31
-1.05846599999995
1001
REVIT
1002
{
1070
1
1000
2068156
1002
}
1002
{
1070
5
1000
952
1002
}
1002
{
1070
2
1000
-2000011
1002
}
  0
ARC
  5
2E8
330
1F
100
AcDbEntity
  8
MURI INTERRATO
 62
4
440
33554585
100
AcDbCircle
 10
1007.161149722793
 20
1055.916298243886
 30
-1.05846599999995
 40
1.949999999999857
100
AcDbArc
 50
356.5202678639398
 51
132.61264627873206
1001
REVIT
1002
{
1070
1
1000
2068163
1002
}
1002
{
1070
5
1000
952
1002
}
1002
{
1070
2
1000
-2000011
1002
}
  0
LINE
  5
2E9
330
1F
100
AcDbEntity
  8
MURI INTERRATO
 62
4
440
33554585
100
AcDbLine
 10
1005.840924796081
 20
1057.351396199737
 30
-1.05846599999995
 11
1006.044179004022
 21
1057.130743143178
 31
-1.05846599999995
1001
REVIT
1002
{
1070
1
1000
2068163
1002
}
1002
{
1070
5
1000
952
1002
}
1002
{
1070
2
1000
-2000011
1002
}
  0
ARC
  5
2EA
330
1F
100
AcDbEntity
  8
MURI INTERRATO
 62
4
440
33554585
100
AcDbCircle
 10
1007.161149722793
 20
1055.916298243886
 30
-1.05846599999995
 40
1.64999999999986
100
AcDbArc
 50
356.52026786394106
 51
132.60591444020815
1001
REVIT
1002
{
1070
1
1000
2068163
1002
}
1002
{
1070
5
1000
952
1002
}
1002
{
1070
2
1000
-2000011
1002
}
  0
ARC
  5
2EB
330
1F
100
AcDbEntity
  8
MURI INTERRATO
 62
4
440
33554585
100
AcDbCircle
 10
1007.1611497227909
 20
1055.916298243886
 30
-1.05846599999995
 40
1.950000000001525
100
AcDbArc
 50
356.5202678639429
 51
60.34331569530647
1001
REVIT
1002
{
1070
1
1000
2068173
1002
}
1002
{
1070
5
1000
952
1002
}
1002
{
1070
2
1000
-2000011
1002
}
  0
ARC
  5
2EC
330
1F
100
AcDbEntity
  8
MURI INTERRATO
 62
4
440
33554585
100
AcDbCircle
 10
1007.1611497881399
 20
1055.916298120136
 30
-1.05846599999995
 40
1.950000139383172
100
AcDbArc
 50
112.69722040093936
 51
132.61264740897573
1001
REVIT
1002
{
1070
1
1000
2068173
1002
}
1002
{
1070
5
1000
952
1002
}
1002
{
1070
2
1000
-2000011
1002
}
  0
ARC
  5
2ED
330
1F
100
AcDbEntity
  8
MURI INTERRATO
 62
4
440
33554585
100
AcDbCircle
 10
1007.161530655017
 20
1055.916524464399
 30
-1.05846599999995
 40
1.649633519426408
100
AcDbArc
 50
356.51162211858315
 51
132.62770322779738
1001
REVIT
1002
{
1070
1
1000
2068173
1002
}
1002
{
1070
5
1000
952
1002
}
1002
{
1070
2
1000
-2000011
1002
}
  0
LINE
  5
2EE
330
1F
100
AcDbEntity
  8
MURI INTERRATO
 62
4
440
33554585
100
AcDbLine
 10
1001.6425535369331
 20
1078.843522152115
 30
-1.05846599999995
 11
1000.0105679351918
 21
1078.942759220325
 31
-1.05846599999995
1001
REVIT
1002
{
1070
1
1000
2072240
1002
}
1002
{
1070
5
1000
952
1002
}
1002
{
1070
2
1000
-2000011
1002
}
  0
LINE
  5
2EF
330
1F
100
AcDbEntity
  8
MURI INTERRATO
 62
4
440
33554585
100
AcDbLine
 10
999.7111210357903
 20
1078.960967856694
 30
-1.05846599999995
 11
998.2388404470626
 21
1079.050493652174
 31
-1.05846599999995
1001
REVIT
1002
{
1070
1
1000
2072240
1002
}
1002
{
1070
5
1000
952
1002
}
1002
{
1070
2
1000
-2000011
1002
}
  0
LINE
  5
2F0
330
1F
100
AcDbEntity
  8
MURI INTERRATO
 62
4
440
33554585
100
AcDbLine
 10
994.2887139325621
 20
1076.285149999115
 30
-1.05846599999995
 11
999.8284816986636
 21
1075.948291171181
 31
-1.05846599999995
1001
REVIT
1002
{
1070
1
1000
2097700
1002
}
1002
{
1070
5
1000
952
1002
}
1002
{
1070
2
1000
-2000011
1002
}
  0
LINE
  5
2F1
330
1F
100
AcDbEntity
  8
MURI INTERRATO
 62
4
440
33554585
100
AcDbLine
 10
999.5472433084701
 20
1076.265945762063
 30
-1.05846599999995
 11
998.0749627197424
 21
1076.355471557543
 31
-1.05846599999995
1001
REVIT
1002
{
1070
1
1000
2097700
1002
}
1002
{
1070
5
1000
952
1002
}
1002
{
1070
2
1000
-2000011
1002
}
  0
LINE
  5
2F2
330
1F
100
AcDbEntity
  8
MURI INTERRATO
 62
4
440
33554585
100
AcDbLine
 10
997.7755158203404
 20
1076.373680193912
 30
-1.05846599999995
 11
994.6063694683332
 21
1076.566388262149
 31
-1.05846599999995
1001
REVIT
1002
{
1070
1
1000
2097700
1002
}
1002
{
1070
5
1000
952
1002
}
1002
{
1070
2
1000
-2000011
1002
}
  0
LINE
  5
2F3
330
1F
100
AcDbEntity
  8
SOLETTA INTERRATO
 62
4
440
33554585
100
AcDbLine
 10
1016.114161006898
 20
1069.698300600085
 30
-1.05846599999995
 11
1016.663454870692
 21
1078.731615398745
 31
-1.05846599999995
1001
REVIT
1002
{
1070
1
1000
2123932
1002
}
1002
{
1070
5
1000
2123769
1002
}
1002
{
1070
2
1000
-2000032
1002
}
  0
LINE
  5
2F4
330
1F
100
AcDbEntity
  8
SOLETTA INTERRATO
 62
4
440
33554585
100
AcDbLine
 10
1015.366329461249
 20
1078.810490434528
 30
-1.05846599999995
 11
1002.489634965656
 21
1079.593490853537
 31
-1.05846599999995
1001
REVIT
1002
{
1070
1
1000
2123932
1002
}
1002
{
1070
5
1000
2123769
1002
}
1002
{
1070
2
1000
-2000032
1002
}
  0
LINE
  5
2F5
330
1F
100
AcDbEntity
  8
SOLETTA INTERRATO
 62
4
440
33554585
100
AcDbLine
 10
1000.852137189366
 20
1074.082719488947
 30
-1.05846599999995
 11
999.9802469845656
 21
1059.744203789235
 31
-1.05846599999995
1001
REVIT
1002
{
1070
1
1000
2123932
1002
}
1002
{
1070
5
1000
2123769
1002
}
1002
{
1070
2
1000
-2000032
1002
}
  0
LINE
  5
2F6
330
1F
100
AcDbEntity
  8
SOLETTA INTERRATO
 62
4
440
33554585
100
AcDbLine
 10
999.9802469845656
 20
1059.744203789235
 30
-1.05846599999995
 11
999.8597665072589
 21
1057.762863471528
 31
-1.05846599999995
1001
REVIT
1002
{
1070
1
1000
2123932
1002
}
1002
{
1070
5
1000
2123769
1002
}
1002
{
1070
2
1000
-2000032
1002
}
  0
LINE
  5
2F7
330
1F
100
AcDbEntity
  8
SOLETTA INTERRATO
 62
4
440
33554585
100
AcDbLine
 10
999.8597665072589
 20
1057.762863471528
 30
-1.05846599999995
 11
997.7636382114451
 21
1057.89032392611
 31
-1.05846599999995
1001
REVIT
1002
{
1070
1
1000
2123932
1002
}
1002
{
1070
5
1000
2123769
1002
}
1002
{
1070
2
1000
-2000032
1002
}
  0
LINE
  5
2F8
330
1F
100
AcDbEntity
  8
SOLETTA INTERRATO
 62
4
440
33554585
100
AcDbLine
 10
997.7636382114451
 20
1057.89032392611
 30
-1.05846599999995
 11
997.6373916659547
 21
1055.814158756923
 31
-1.05846599999995
1001
REVIT
1002
{
1070
1
1000
2123932
1002
}
1002
{
1070
5
1000
2123769
1002
}
1002
{
1070
2
1000
-2000032
1002
}
  0
LINE
  5
2F9
330
1F
100
AcDbEntity
  8
SOLETTA INTERRATO
 62
4
440
33554585
100
AcDbLine
 10
997.6373916659547
 20
1055.814158756923
 30
-1.05846599999995
 11
997.4911156204585
 21
1053.408601998392
 31
-1.05846599999995
1001
REVIT
1002
{
1070
1
1000
2123932
1002
}
1002
{
1070
5
1000
2123769
1002
}
1002
{
1070
2
1000
-2000032
1002
}
  0
LINE
  5
2FA
330
1F
100
AcDbEntity
  8
SOLETTA INTERRATO
 62
4
440
33554585
100
AcDbLine
 10
997.4911156204585
 20
1053.408601998392
 30
-1.05846599999995
 11
997.1597184385464
 21
1047.958668429284
 31
-1.05846599999995
1001
REVIT
1002
{
1070
1
1000
2123932
1002
}
1002
{
1070
5
1000
2123769
1002
}
1002
{
1070
2
1000
-2000032
1002
}
  0
LINE
  5
2FB
330
1F
100
AcDbEntity
  8
SOLETTA INTERRATO
 62
4
440
33554585
100
AcDbLine
 10
997.1597184385464
 20
1047.958668429284
 30
-1.05846599999995
 11
1003.448103325991
 21
1047.576287065539
 31
-1.05846599999995
1001
REVIT
1002
{
1070
1
1000
2123932
1002
}
1002
{
1070
5
1000
2123769
1002
}
1002
{
1070
2
1000
-2000032
1002
}
  0
LINE
  5
2FC
330
1F
100
AcDbEntity
  8
SOLETTA INTERRATO
 62
4
440
33554585
100
AcDbLine
 10
1003.448103325991
 20
1047.576287065539
 30
-1.05846599999995
 11
1007.3658669265042
 21
1047.33805740638
 31
-1.05846599999995
1001
REVIT
1002
{
1070
1
1000
2123932
1002
}
1002
{
1070
5
1000
2123769
1002
}
1002
{
1070
2
1000
-2000032
1002
}
  0
LINE
  5
2FD
330
1F
100
AcDbEntity
  8
SOLETTA INTERRATO
 62
4
440
33554585
100
AcDbLine
 10
1012.031180218896
 20
1064.336233099211
 30
-1.05846599999995
 11
1014.027492881504
 21
1064.214842190091
 31
-1.05846599999995
1001
REVIT
1002
{
1070
1
1000
2123932
1002
}
1002
{
1070
5
1000
2123769
1002
}
1002
{
1070
2
1000
-2000032
1002
}
  0
LINE
  5
2FE
330
1F
100
AcDbEntity
  8
SOLETTA INTERRATO
 62
4
440
33554585
100
AcDbLine
 10
1014.027492881504
 20
1064.214842190091
 30
-1.05846599999995
 11
1014.367387427053
 21
1069.80451764557
 31
-1.05846599999995
1001
REVIT
1002
{
1070
1
1000
2123932
1002
}
1002
{
1070
5
1000
2123769
1002
}
1002
{
1070
2
1000
-2000032
1002
}
  0
LINE
  5
2FF
330
1F
100
AcDbEntity
  8
SOLETTA INTERRATO
 62
4
440
33554585
100
AcDbLine
 10
1014.367387427053
 20
1069.80451764557
 30
-1.05846599999995
 11
1016.114161006898
 21
1069.698300600085
 31
-1.05846599999995
1001
REVIT
1002
{
1070
1
1000
2123932
1002
}
1002
{
1070
5
1000
2123769
1002
}
1002
{
1070
2
1000
-2000032
1002
}
  0
LINE
  5
300
330
1F
100
AcDbEntity
  8
SOLETTA INTERRATO
 62
4
440
33554585
100
AcDbLine
 10
1003.6772802073551
 20
1057.935454150778
 30
-1.05846599999995
 11
1000.8869634871871
 21
1058.105126512098
 31
-1.05846599999995
1001
REVIT
1002
{
1070
1
1000
2123932
1002
}
1002
{
1070
5
1000
2123769
1002
}
1002
{
1070
2
1000
-2000032
1002
}
  0
LINE
  5
301
330
1F
100
AcDbEntity
  8
SOLETTA INTERRATO
 62
4
440
33554585
100
AcDbLine
 10
1000.8869634871871
 20
1058.105126512098
 30
-1.05846599999995
 11
1001.053032782843
 21
1060.83618965482
 31
-1.05846599999995
1001
REVIT
1002
{
1070
1
1000
2123932
1002
}
1002
{
1070
5
1000
2123769
1002
}
1002
{
1070
2
1000
-2000032
1002
}
  0
LINE
  5
302
330
1F
100
AcDbEntity
  8
SOLETTA INTERRATO
 62
4
440
33554585
100
AcDbLine
 10
1001.053032782843
 20
1060.83618965482
 30
-1.05846599999995
 11
1003.8433495030831
 21
1060.666517293496
 31
-1.05846599999995
1001
REVIT
1002
{
1070
1
1000
2123932
1002
}
1002
{
1070
5
1000
2123769
1002
}
1002
{
1070
2
1000
-2000032
1002
}
  0
LINE
  5
303
330
1F
100
AcDbEntity
  8
SOLETTA INTERRATO
 62
4
440
33554585
100
AcDbLine
 10
1009.52445637453
 20
1065.290138527951
 30
-1.05846599999995
 11
1009.8157945940761
 21
1070.081289537476
 31
-1.05846599999995
1001
REVIT
1002
{
1070
1
1000
2123932
1002
}
1002
{
1070
5
1000
2123769
1002
}
1002
{
1070
2
1000
-2000032
1002
}
  0
LINE
  5
304
330
1F
100
AcDbEntity
  8
SOLETTA INTERRATO
 62
4
440
33554585
100
AcDbLine
 10
1013.366386479214
 20
1069.865250612691
 30
-1.05846599999995
 11
1013.0750565040621
 21
1065.074235184891
 31
-1.05846599999995
1001
REVIT
1002
{
1070
1
1000
2123932
1002
}
1002
{
1070
5
1000
2123769
1002
}
1002
{
1070
2
1000
-2000032
1002
}
  0
MTEXT
  5
305
330
1F
100
AcDbEntity
  8
M3 TESTI
 62
4
440
33554585
100
AcDbMText
 10
1016.2790956511872
 20
1047.492793787434
 30
-1.05846599999995
 40
0.125
 41
6.97768540205476
 46
0.0
 71
1
 72
5
  1
8
  7
MA 1-50
 11
-0.060695454562767995
 21
-0.9981563313406469
 31
0.0
1001
ACAD
1000
ACAD_MTEXT_COLUMN_INFO_BEGIN
1070
75
1070
2
1070
79
1070
0
1070
76
1070
1
1070
78
1070
0
1070
48
1040
6.97768540205476
1070
49
1040
0.625
1070
50
1070
1
1040
0.0
1000
ACAD_MTEXT_COLUMN_INFO_END
1000
ACAD_MTEXT_COLUMNS_BEGIN
1070
47
1070
1
1000
ACAD_MTEXT_COLUMNS_END
  0
CIRCLE
  5
308
330
1F
100
AcDbEntity
  8
M3 LINEE SOTTILI
 62
4
370
20
440
33554585
100
AcDbCircle
 10
1016.225010945016
 20
1047.440536570762
 30
-1.05846599999995
 40
0.1574306814475634
  0
LWPOLYLINE
  5
30A
330
1F
100
AcDbEntity
  8
MURI INTERRATO
 62
4
440
33554585
100
AcDbPolyline
 90
14
 70
0
 38
-1.05846599999995
 10
997.9393935476605
 20
1079.068702288542
 10
996.7166520511573
 20
1079.143054373387
 10
996.7348606875262
 20
1079.44250127279
 10
1001.810485623002
 20
1079.133864733332
 10
1005.2541249661272
 20
1078.924465415091
 10
1005.2150037110141
 20
1078.28110375176
 10
1004.9155568116121
 20
1078.299312388129
 10
1004.936469430356
 20
1078.643227152058
 10
1001.9420004363351
 20
1078.825313515746
 10
1001.4898192998421
 20
1071.389048847258
 10
1002.2883443649171
 20
1071.340492483608
 10
1002.270135728548
 20
1071.041045584206
 10
1001.471610663473
 20
1071.089601947856
 10
1001.1499247542911
 20
1065.799373391751
  0
MTEXT
  5
30B
330
1F
100
AcDbEntity
  8
TESTI
 62
4
440
33554585
100
AcDbMText
 10
1019.9453030339
 20
1086.137241628877
 30
-1.05846599999995
 40
0.2
 41
41.46998351745401
 46
0.0
 71
1
 72
5
  1
\pxqc;PIANTA DELLE FONDAZIONI\PScala 1:50\Pvista dall'alto verso il basso
  7
MA 1-50
 11
-0.060695454562767995
 21
-0.9981563313406469
 31
0.0
1001
ACAD
1000
ACAD_MTEXT_COLUMN_INFO_BEGIN
1070
75
1070
2
1070
79
1070
0
1070
76
1070
1
1070
78
1070
0
1070
48
1040
41.46998351745401
1070
49
1040
0.125
1070
50
1070
1
1040
0.0
1000
ACAD_MTEXT_COLUMN_INFO_END
1000
ACAD_MTEXT_COLUMNS_BEGIN
1070
47
1070
1
1000
ACAD_MTEXT_COLUMNS_END
  0
POLYLINE
  5
30D
330
1F
100
AcDbEntity
  8
M3 LINEE SOTTILI
  6
TRATTO-PUNTO
 62
4
370
20
440
33554585
100
AcDb2dPolyline
 66
1
 10
0.0
 20
0.0
 30
-1.05846599999995
 70
0
  0
VERTEX
  5
30F
330
30D
100
AcDbEntity
  8
M3 LINEE SOTTILI
  6
TRATTO-PUNTO
 62
4
370
20
440
33554585
100
AcDbVertex
100
AcDb2dVertex
 10
1017.925758377748
 20
1078.003657199872
 30
-1.05846599999995
 70
0
  0
VERTEX
  5
310
330
30D
100
AcDbEntity
  8
M3 LINEE SOTTILI
  6
TRATTO-PUNTO
 62
4
370
20
440
33554585
100
AcDbVertex
100
AcDb2dVertex
 10
992.6965495222239
 20
1079.537783920973
 30
-1.05846599999995
 70
0
  0
SEQEND
  5
311
330
1F
100
AcDbEntity
  8
M3 LINEE SOTTILI
  6
TRATTO-PUNTO
 62
4
370
20
440
33554585
  0
POLYLINE
  5
312
330
1F
100
AcDbEntity
  8
M3 LINEE SOTTILI
  6
TRATTO-PUNTO
 62
4
370
20
440
33554585
100
AcDb2dPolyline
 66
1
 10
0.0
 20
0.0
 30
-1.05846599999995
 70
0
  0
VERTEX
  5
313
330
312
100
AcDbEntity
  8
M3 LINEE SOTTILI
  6
TRATTO-PUNTO
 62
4
370
20
440
33554585
100
AcDbVertex
100
AcDb2dVertex
 10
1017.455368604885
 20
1070.267945631955
 30
-1.05846599999995
 70
0
  0
VERTEX
  5
314
330
312
100
AcDbEntity
  8
M3 LINEE SOTTILI
  6
TRATTO-PUNTO
 62
4
370
20
440
33554585
100
AcDbVertex
100
AcDb2dVertex
 10
992.2261597493607
 20
1071.802072353055
 30
-1.05846599999995
 70
0
  0
SEQEND
  5
315
330
1F
100
AcDbEntity
  8
M3 LINEE SOTTILI
  6
TRATTO-PUNTO
 62
4
370
20
440
33554585
  0
POLYLINE
  5
316
330
1F
100
AcDbEntity
  8
M3 LINEE SOTTILI
  6
TRATTO-PUNTO
 62
4
370
20
440
33554585
100
AcDb2dPolyline
 66
1
 10
0.0
 20
0.0
 30
-1.05846599999995
 70
0
  0
VERTEX
  5
317
330
316
100
AcDbEntity
  8
M3 LINEE SOTTILI
  6
TRATTO-PUNTO
 62
4
370
20
440
33554585
100
AcDbVertex
100
AcDb2dVertex
 10
1017.115474398455
 20
1064.678275753404
 30
-1.05846599999995
 70
0
  0
VERTEX
  5
318
330
316
100
AcDbEntity
  8
M3 LINEE SOTTILI
  6
TRATTO-PUNTO
 62
4
370
20
440
33554585
100
AcDbVertex
100
AcDb2dVertex
 10
991.8862737209708
 20
1066.212536965019
 30
-1.05846599999995
 70
0
  0
SEQEND
  5
319
330
1F
100
AcDbEntity
  8
M3 LINEE SOTTILI
  6
TRATTO-PUNTO
 62
4
370
20
440
33554585
  0
POLYLINE
  5
31A
330
1F
100
AcDbEntity
  8
M3 LINEE SOTTILI
  6
TRATTO-PUNTO
 62
4
370
20
440
33554585
100
AcDb2dPolyline
 66
1
 10
0.0
 20
0.0
 30
-1.05846599999995
 70
0
  0
VERTEX
  5
31B
330
31A
100
AcDbEntity
  8
M3 LINEE SOTTILI
  6
TRATTO-PUNTO
 62
4
370
20
440
33554585
100
AcDbVertex
100
AcDb2dVertex
 10
1016.768599536508
 20
1058.973806742844
 30
-1.05846599999995
 70
0
  0
VERTEX
  5
31C
330
31A
100
AcDbEntity
  8
M3 LINEE SOTTILI
  6
TRATTO-PUNTO
 62
4
370
20
440
33554585
100
AcDbVertex
100
AcDb2dVertex
 10
991.5393906809836
 20
1060.507933463944
 30
-1.05846599999995
 70
0
  0
SEQEND
  5
31D
330
1F
100
AcDbEntity
  8
M3 LINEE SOTTILI
  6
TRATTO-PUNTO
 62
4
370
20
440
33554585
  0
POLYLINE
  5
31E
330
1F
100
AcDbEntity
  8
M3 LINEE SOTTILI
  6
TRATTO-PUNTO
 62
4
370
20
440
33554585
100
AcDb2dPolyline
 66
1
 10
0.0
 20
0.0
 30
-1.05846599999995
 70
0
  0
VERTEX
  5
31F
330
31E
100
AcDbEntity
  8
M3 LINEE SOTTILI
  6
TRATTO-PUNTO
 62
4
370
20
440
33554585
100
AcDbVertex
100
AcDb2dVertex
 10
1016.5473646046271
 20
1055.335526915112
 30
-1.05846599999995
 70
0
  0
VERTEX
  5
320
330
31E
100
AcDbEntity
  8
M3 LINEE SOTTILI
  6
TRATTO-PUNTO
 62
4
370
20
440
33554585
100
AcDbVertex
100
AcDb2dVertex
 10
991.3181557491025
 20
1056.869653636212
 30
-1.05846599999995
 70
0
  0
SEQEND
  5
321
330
1F
100
AcDbEntity
  8
M3 LINEE SOTTILI
  6
TRATTO-PUNTO
 62
4
370
20
440
33554585
  0
POLYLINE
  5
322
330
1F
100
AcDbEntity
  8
M3 LINEE SOTTILI
  6
TRATTO-PUNTO
 62
4
370
20
440
33554585
100
AcDb2dPolyline
 66
1
 10
0.0
 20
0.0
 30
-1.05846599999995
 70
0
  0
VERTEX
  5
323
330
322
100
AcDbEntity
  8
M3 LINEE SOTTILI
  6
TRATTO-PUNTO
 62
4
370
20
440
33554585
100
AcDbVertex
100
AcDb2dVertex
 10
1016.3749895136689
 20
1052.500762934107
 30
-1.05846599999995
 70
0
  0
VERTEX
  5
324
330
322
100
AcDbEntity
  8
M3 LINEE SOTTILI
  6
TRATTO-PUNTO
 62
4
370
20
440
33554585
100
AcDbVertex
100
AcDb2dVertex
 10
991.1457806581443
 20
1054.034889655207
 30
-1.05846599999995
 70
0
  0
SEQEND
  5
325
330
1F
100
AcDbEntity
  8
M3 LINEE SOTTILI
  6
TRATTO-PUNTO
 62
4
370
20
440
33554585
  0
POLYLINE
  5
326
330
1F
100
AcDbEntity
  8
M3 LINEE SOTTILI
  6
TRATTO-PUNTO
 62
4
370
20
440
33554585
100
AcDb2dPolyline
 66
1
 10
0.0
 20
0.0
 30
-1.05846599999995
 70
0
  0
VERTEX
  5
327
330
326
100
AcDbEntity
  8
M3 LINEE SOTTILI
  6
TRATTO-PUNTO
 62
4
370
20
440
33554585
100
AcDbVertex
100
AcDb2dVertex
 10
1016.4579529513348
 20
1086.033855955534
 30
-1.05846599999995
 70
0
  0
VERTEX
  5
328
330
326
100
AcDbEntity
  8
M3 LINEE SOTTILI
  6
TRATTO-PUNTO
 62
4
370
20
440
33554585
100
AcDbVertex
100
AcDb2dVertex
 10
1014.028834166751
 20
1046.224911578181
 30
-1.05846599999995
 70
0
  0
SEQEND
  5
329
330
1F
100
AcDbEntity
  8
M3 LINEE SOTTILI
  6
TRATTO-PUNTO
 62
4
370
20
440
33554585
  0
POLYLINE
  5
32A
330
1F
100
AcDbEntity
  8
M3 LINEE SOTTILI
  6
TRATTO-PUNTO
 62
4
370
20
440
33554585
100
AcDb2dPolyline
 66
1
 10
0.0
 20
0.0
 30
-1.05846599999995
 70
0
  0
VERTEX
  5
32B
330
32A
100
AcDbEntity
  8
M3 LINEE SOTTILI
  6
TRATTO-PUNTO
 62
4
370
20
440
33554585
100
AcDbVertex
100
AcDb2dVertex
 10
1000.1834756320582
 20
1087.023454126131
 30
-1.05846599999995
 70
0
  0
VERTEX
  5
32C
330
32A
100
AcDbEntity
  8
M3 LINEE SOTTILI
  6
TRATTO-PUNTO
 62
4
370
20
440
33554585
100
AcDbVertex
100
AcDb2dVertex
 10
997.7406253174263
 20
1047.215357873097
 30
-1.05846599999995
 70
0
  0
SEQEND
  5
32D
330
1F
100
AcDbEntity
  8
M3 LINEE SOTTILI
  6
TRATTO-PUNTO
 62
4
370
20
440
33554585
  0
POLYLINE
  5
32E
330
1F
100
AcDbEntity
  8
M3 LINEE SOTTILI
  6
TRATTO-PUNTO
 62
4
370
20
440
33554585
100
AcDb2dPolyline
 66
1
 10
0.0
 20
0.0
 30
-1.05846599999995
 70
0
  0
VERTEX
  5
32F
330
32E
100
AcDbEntity
  8
M3 LINEE SOTTILI
  6
TRATTO-PUNTO
 62
4
370
20
440
33554585
100
AcDbVertex
100
AcDb2dVertex
 10
995.8444220932224
 20
1087.287315041778
 30
-1.05846599999995
 70
0
  0
VERTEX
  5
330
330
32E
100
AcDbEntity
  8
M3 LINEE SOTTILI
  6
TRATTO-PUNTO
 62
4
370
20
440
33554585
100
AcDbVertex
100
AcDb2dVertex
 10
993.4141750599795
 20
1047.478438772117
 30
-1.05846599999995
 70
0
  0
SEQEND
  5
331
330
1F
100
AcDbEntity
  8
M3 LINEE SOTTILI
  6
TRATTO-PUNTO
 62
4
370
20
440
33554585
  0
POLYLINE
  5
332
330
1F
100
AcDbEntity
  8
M3 LINEE SOTTILI
  6
TRATTO-PUNTO
 62
4
370
20
440
33554585
100
AcDb2dPolyline
 66
1
 10
0.0
 20
0.0
 30
-1.05846599999995
 70
0
  0
VERTEX
  5
333
330
332
100
AcDbEntity
  8
M3 LINEE SOTTILI
  6
TRATTO-PUNTO
 62
4
370
20
440
33554585
100
AcDbVertex
100
AcDb2dVertex
 10
993.54866253113
 20
1087.426914587273
 30
-1.05846599999995
 70
0
  0
VERTEX
  5
334
330
332
100
AcDbEntity
  8
M3 LINEE SOTTILI
  6
TRATTO-PUNTO
 62
4
370
20
440
33554585
100
AcDbVertex
100
AcDb2dVertex
 10
991.1168339084993
 20
1047.61813449021
 30
-1.05846599999995
 70
0
  0
SEQEND
  5
335
330
1F
100
AcDbEntity
  8
M3 LINEE SOTTILI
  6
TRATTO-PUNTO
 62
4
370
20
440
33554585
  0
POLYLINE
  5
336
330
1F
100
AcDbEntity
  8
M3 LINEE SOTTILI
  6
TRATTO-PUNTO
 62
4
370
20
440
33554585
100
AcDb2dPolyline
 66
1
 10
0.0
 20
0.0
 30
-1.05846599999995
 70
0
  0
VERTEX
  5
337
330
336
100
AcDbEntity
  8
M3 LINEE SOTTILI
  6
TRATTO-PUNTO
 62
4
370
20
440
33554585
100
AcDbVertex
100
AcDb2dVertex
 10
1012.7092952643
 20
1086.262232007899
 30
-1.05846599999995
 70
0
  0
VERTEX
  5
338
330
336
100
AcDbEntity
  8
M3 LINEE SOTTILI
  6
TRATTO-PUNTO
 62
4
370
20
440
33554585
100
AcDbVertex
100
AcDb2dVertex
 10
1010.2801503802
 20
1046.452859905805
 30
-1.05846599999995
 70
0
  0
SEQEND
  5
339
330
1F
100
AcDbEntity
  8
M3 LINEE SOTTILI
  6
TRATTO-PUNTO
 62
4
370
20
440
33554585
  0
POLYLINE
  5
33A
330
1F
100
AcDbEntity
  8
M3 LINEE SOTTILI
  6
TRATTO-PUNTO
 62
4
370
20
440
33554585
100
AcDb2dPolyline
 66
1
 10
0.0
 20
0.0
 30
-1.05846599999995
 70
0
  0
VERTEX
  5
33B
330
33A
100
AcDbEntity
  8
M3 LINEE SOTTILI
  6
TRATTO-PUNTO
 62
4
370
20
440
33554585
100
AcDbVertex
100
AcDb2dVertex
 10
1009.0267045924879
 20
1086.489430571537
 30
-1.05846599999995
 70
0
  0
VERTEX
  5
33C
330
33A
100
AcDbEntity
  8
M3 LINEE SOTTILI
  6
TRATTO-PUNTO
 62
4
370
20
440
33554585
100
AcDbVertex
100
AcDb2dVertex
 10
1006.5973609612979
 20
1046.676801357481
 30
-1.05846599999995
 70
0
  0
SEQEND
  5
33D
330
1F
100
AcDbEntity
  8
M3 LINEE SOTTILI
  6
TRATTO-PUNTO
 62
4
370
20
440
33554585
  0
POLYLINE
  5
33E
330
1F
100
AcDbEntity
  8
M3 LINEE SOTTILI
  6
TRATTO-PUNTO
 62
4
370
20
440
33554585
100
AcDb2dPolyline
 66
1
 10
0.0
 20
0.0
 30
-1.05846599999995
 70
0
  0
VERTEX
  5
33F
330
33E
100
AcDbEntity
  8
M3 LINEE SOTTILI
  6
TRATTO-PUNTO
 62
4
370
20
440
33554585
100
AcDbVertex
100
AcDb2dVertex
 10
1005.5755591763441
 20
1086.696087732951
 30
-1.05846599999995
 70
0
  0
VERTEX
  5
340
330
33E
100
AcDbEntity
  8
M3 LINEE SOTTILI
  6
TRATTO-PUNTO
 62
4
370
20
440
33554585
100
AcDbVertex
100
AcDb2dVertex
 10
1003.1548129036241
 20
1046.886134317313
 30
-1.05846599999995
 70
0
  0
SEQEND
  5
341
330
1F
100
AcDbEntity
  8
M3 LINEE SOTTILI
  6
TRATTO-PUNTO
 62
4
370
20
440
33554585
  0
POLYLINE
  5
342
330
1F
100
AcDbEntity
  8
M3 LINEE SOTTILI
  6
TRATTO-PUNTO
 62
4
370
20
440
33554585
100
AcDb2dPolyline
 66
1
 10
0.0
 20
0.0
 30
-1.05846599999995
 70
0
  0
VERTEX
  5
343
330
342
100
AcDbEntity
  8
M3 LINEE SOTTILI
  6
TRATTO-PUNTO
 62
4
370
20
440
33554585
100
AcDbVertex
100
AcDb2dVertex
 10
1002.284192779865
 20
1086.895714634632
 30
-1.05846599999995
 70
0
  0
VERTEX
  5
344
330
342
100
AcDbEntity
  8
M3 LINEE SOTTILI
  6
TRATTO-PUNTO
 62
4
370
20
440
33554585
100
AcDbVertex
100
AcDb2dVertex
 10
999.8530523152592
 20
1047.086906334156
 30
-1.05846599999995
 70
0
  0
SEQEND
  5
345
330
1F
100
AcDbEntity
  8
M3 LINEE SOTTILI
  6
TRATTO-PUNTO
 62
4
370
20
440
33554585
  0
MTEXT
  5
346
330
1F
100
AcDbEntity
  8
M3 TESTI
 62
4
440
33554585
100
AcDbMText
 10
1018.136983515353
 20
1078.046359089771
 30
-1.05846599999995
 40
0.125
 41
6.97768540205476
 46
0.0
 71
1
 72
5
  1
2
  7
MA 1-50
 11
-0.060695454562767995
 21
-0.9981563313406469
 31
0.0
1001
ACAD
1000
ACAD_MTEXT_COLUMN_INFO_BEGIN
1070
75
1070
2
1070
79
1070
0
1070
76
1070
1
1070
78
1070
0
1070
48
1040
6.97768540205476
1070
49
1040
0.625
1070
50
1070
1
1040
0.0
1000
ACAD_MTEXT_COLUMN_INFO_END
1000
ACAD_MTEXT_COLUMNS_BEGIN
1070
47
1070
1
1000
ACAD_MTEXT_COLUMNS_END
  0
MTEXT
  5
347
330
1F
100
AcDbEntity
  8
M3 TESTI
 62
4
440
33554585
100
AcDbMText
 10
1017.66659374249
 20
1070.310647521854
 30
-1.05846599999995
 40
0.125
 41
6.97768540205476
 46
0.0
 71
1
 72
5
  1
3
  7
MA 1-50
 11
-0.06069545456276828
 21
-0.9981563313406467
 31
0.0
1001
ACAD
1000
ACAD_MTEXT_COLUMN_INFO_BEGIN
1070
75
1070
2
1070
79
1070
0
1070
76
1070
1
1070
78
1070
0
1070
48
1040
6.97768540205476
1070
49
1040
0.625
1070
50
1070
1
1040
0.0
1000
ACAD_MTEXT_COLUMN_INFO_END
1000
ACAD_MTEXT_COLUMNS_BEGIN
1070
47
1070
1
1000
ACAD_MTEXT_COLUMNS_END
  0
MTEXT
  5
348
330
1F
100
AcDbEntity
  8
M3 TESTI
 62
4
440
33554585
100
AcDbMText
 10
1017.326708954228
 20
1064.721133304588
 30
-1.05846599999995
 40
0.125
 41
6.97768540205476
 46
0.0
 71
1
 72
5
  1
4
  7
MA 1-50
 11
-0.060695454562767995
 21
-0.9981563313406469
 31
0.0
1001
ACAD
1000
ACAD_MTEXT_COLUMN_INFO_BEGIN
1070
75
1070
2
1070
79
1070
0
1070
76
1070
1
1070
78
1070
0
1070
48
1040
6.97768540205476
1070
49
1040
0.625
1070
50
1070
1
1040
0.0
1000
ACAD_MTEXT_COLUMN_INFO_END
1000
ACAD_MTEXT_COLUMNS_BEGIN
1070
47
1070
1
1000
ACAD_MTEXT_COLUMNS_END
  0
MTEXT
  5
349
330
1F
100
AcDbEntity
  8
M3 TESTI
 62
4
440
33554585
100
AcDbMText
 10
1016.9798246741129
 20
1059.016508632743
 30
-1.05846599999995
 40
0.125
 41
6.97768540205476
 46
0.0
 71
1
 72
5
  1
5
  7
MA 1-50
 11
-0.060695454562767995
 21
-0.9981563313406469
 31
0.0
1001
ACAD
1000
ACAD_MTEXT_COLUMN_INFO_BEGIN
1070
75
1070
2
1070
79
1070
0
1070
76
1070
1
1070
78
1070
0
1070
48
1040
6.97768540205476
1070
49
1040
0.625
1070
50
1070
1
1040
0.0
1000
ACAD_MTEXT_COLUMN_INFO_END
1000
ACAD_MTEXT_COLUMNS_BEGIN
1070
47
1070
1
1000
ACAD_MTEXT_COLUMNS_END
  0
MTEXT
  5
34A
330
1F
100
AcDbEntity
  8
M3 TESTI
 62
4
440
33554585
100
AcDbMText
 10
1016.7585897422318
 20
1055.378228805011
 30
-1.05846599999995
 40
0.125
 41
6.97768540205476
 46
0.0
 71
1
 72
5
  1
6
  7
MA 1-50
 11
-0.060695454562767995
 21
-0.9981563313406469
 31
0.0
1001
ACAD
1000
ACAD_MTEXT_COLUMN_INFO_BEGIN
1070
75
1070
2
1070
79
1070
0
1070
76
1070
1
1070
78
1070
0
1070
48
1040
6.97768540205476
1070
49
1040
0.625
1070
50
1070
1
1040
0.0
1000
ACAD_MTEXT_COLUMN_INFO_END
1000
ACAD_MTEXT_COLUMNS_BEGIN
1070
47
1070
1
1000
ACAD_MTEXT_COLUMNS_END
  0
MTEXT
  5
34B
330
1F
100
AcDbEntity
  8
M3 TESTI
 62
4
440
33554585
100
AcDbMText
 10
1016.5862146512741
 20
1052.543464824006
 30
-1.05846599999995
 40
0.125
 41
6.97768540205476
 46
0.0
 71
1
 72
5
  1
7
  7
MA 1-50
 11
-0.060695454562767995
 21
-0.9981563313406469
 31
0.0
1001
ACAD
1000
ACAD_MTEXT_COLUMN_INFO_BEGIN
1070
75
1070
2
1070
79
1070
0
1070
76
1070
1
1070
78
1070
0
1070
48
1040
6.97768540205476
1070
49
1040
0.625
1070
50
1070
1
1040
0.0
1000
ACAD_MTEXT_COLUMN_INFO_END
1000
ACAD_MTEXT_COLUMNS_BEGIN
1070
47
1070
1
1000
ACAD_MTEXT_COLUMNS_END
  0
CIRCLE
  5
34C
330
1F
100
AcDbEntity
  8
M3 LINEE SOTTILI
 62
4
370
20
440
33554585
100
AcDbCircle
 10
1018.082898809183
 20
1077.9941018731
 30
-1.05846599999995
 40
0.1574306814475634
  0
CIRCLE
  5
34D
330
1F
100
AcDbEntity
  8
M3 LINEE SOTTILI
 62
4
370
20
440
33554585
100
AcDbCircle
 10
1017.6125090363189
 20
1070.258390305182
 30
-1.05846599999995
 40
0.1574306814475634
  0
CIRCLE
  5
34E
330
1F
100
AcDbEntity
  8
M3 LINEE SOTTILI
 62
4
370
20
440
33554585
100
AcDbCircle
 10
1017.27263297635
 20
1064.669019017316
 30
-1.05846599999995
 40
0.1574306814475634
  0
CIRCLE
  5
34F
330
1F
100
AcDbEntity
  8
M3 LINEE SOTTILI
 62
4
370
20
440
33554585
100
AcDbCircle
 10
1016.925739967942
 20
1058.964251416072
 30
-1.05846599999995
 40
0.1574306814475634
  0
CIRCLE
  5
350
330
1F
100
AcDbEntity
  8
M3 LINEE SOTTILI
 62
4
370
20
440
33554585
100
AcDbCircle
 10
1016.7045050360612
 20
1055.325971588339
 30
-1.05846599999995
 40
0.1574306814475634
  0
CIRCLE
  5
351
330
1F
100
AcDbEntity
  8
M3 LINEE SOTTILI
 62
4
370
20
440
33554585
100
AcDbCircle
 10
1016.532129945103
 20
1052.491207607334
 30
-1.05846599999995
 40
0.1574306814475634
  0
POLYLINE
  5
352
330
1F
100
AcDbEntity
  8
M3 LINEE SOTTILI
  6
TRATTO-PUNTO
 62
4
370
20
440
33554585
100
AcDb2dPolyline
 66
1
 10
0.0
 20
0.0
 30
-1.05846599999995
 70
0
  0
VERTEX
  5
353
330
352
100
AcDbEntity
  8
M3 LINEE SOTTILI
  6
TRATTO-PUNTO
 62
4
370
20
440
33554585
100
AcDbVertex
100
AcDb2dVertex
 10
1014.710535078525
 20
1086.140112178904
 30
-1.05846599999995
 70
0
  0
VERTEX
  5
354
330
352
100
AcDbEntity
  8
M3 LINEE SOTTILI
  6
TRATTO-PUNTO
 62
4
370
20
440
33554585
100
AcDbVertex
100
AcDb2dVertex
 10
1012.2815016359868
 20
1046.331162612109
 30
-1.05846599999995
 70
0
  0
SEQEND
  5
355
330
1F
100
AcDbEntity
  8
M3 LINEE SOTTILI
  6
TRATTO-PUNTO
 62
4
370
20
440
33554585
  0
POLYLINE
  5
356
330
1F
100
AcDbEntity
  8
M3 LINEE SOTTILI
  6
TRATTO-PUNTO
 62
4
370
20
440
33554585
100
AcDb2dPolyline
 66
1
 10
0.0
 20
0.0
 30
-1.05846599999995
 70
0
  0
VERTEX
  5
357
330
356
100
AcDbEntity
  8
M3 LINEE SOTTILI
  6
TRATTO-PUNTO
 62
4
370
20
440
33554585
100
AcDbVertex
100
AcDb2dVertex
 10
1016.067870513582
 20
1047.450091897535
 30
-1.05846599999995
 70
0
  0
VERTEX
  5
358
330
356
100
AcDbEntity
  8
M3 LINEE SOTTILI
  6
TRATTO-PUNTO
 62
4
370
20
440
33554585
100
AcDbVertex
100
AcDb2dVertex
 10
990.8386616580574
 20
1048.984218618635
 30
-1.05846599999995
 70
0
  0
SEQEND
  5
359
330
1F
100
AcDbEntity
  8
M3 LINEE SOTTILI
  6
TRATTO-PUNTO
 62
4
370
20
440
33554585
  0
LWPOLYLINE
  5
35A
330
1F
100
AcDbEntity
  8
MURI INTERRATO
 62
4
440
33554585
100
AcDbPolyline
 90
4
 70
1
 38
-1.05846599999995
 10
1003.643656248169
 20
1057.382497294489
 10
1003.943103147571
 20
1057.36428865812
 10
1004.015937693046
 20
1058.562076255728
 10
1003.716490793644
 20
1058.580284892097
1001
REVIT
1002
{
1070
1
1000
2064679
1002
}
1002
{
1070
5
1000
952
1002
}
1002
{
1070
2
1000
-2000011
1002
}
  0
POLYLINE
  5
35B
330
1F
100
AcDbEntity
  8
M3 LINEE SOTTILI
  6
TRATTO-PUNTO
 62
4
370
20
440
33554585
100
AcDb2dPolyline
 66
1
 10
0.0
 20
0.0
 30
-1.05846599999995
 70
0
  0
VERTEX
  5
35C
330
35B
100
AcDbEntity
  8
M3 LINEE SOTTILI
  6
TRATTO-PUNTO
 62
4
370
20
440
33554585
100
AcDbVertex
100
AcDb2dVertex
 10
1018.223166105106
 20
1082.894623223438
 30
-1.05846599999995
 70
0
  0
VERTEX
  5
35D
330
35B
100
AcDbEntity
  8
M3 LINEE SOTTILI
  6
TRATTO-PUNTO
 62
4
370
20
440
33554585
100
AcDbVertex
100
AcDb2dVertex
 10
992.9939572495812
 20
1084.428749944539
 30
-1.05846599999995
 70
0
  0
SEQEND
  5
35E
330
1F
100
AcDbEntity
  8
M3 LINEE SOTTILI
  6
TRATTO-PUNTO
 62
4
370
20
440
33554585
  0
MTEXT
  5
35F
330
1F
100
AcDbEntity
  8
M3 TESTI
 62
4
440
33554585
100
AcDbMText
 10
1018.4606397458751
 20
1082.907677716693
 30
-1.05846599999995
 40
0.125
 41
6.97768540205476
 46
0.0
 71
1
 72
5
  1
1
  7
MA 1-50
 11
-0.060695454562767995
 21
-0.9981563313406469
 31
0.0
1001
ACAD
1000
ACAD_MTEXT_COLUMN_INFO_BEGIN
1070
75
1070
2
1070
79
1070
0
1070
76
1070
1
1070
78
1070
0
1070
48
1040
6.97768540205476
1070
49
1040
0.625
1070
50
1070
1
1040
0.0
1000
ACAD_MTEXT_COLUMN_INFO_END
1000
ACAD_MTEXT_COLUMNS_BEGIN
1070
47
1070
1
1000
ACAD_MTEXT_COLUMNS_END
  0
CIRCLE
  5
360
330
1F
100
AcDbEntity
  8
M3 LINEE SOTTILI
 62
4
370
20
440
33554585
100
AcDbCircle
 10
1018.38030653654
 20
1082.885067896666
 30
-1.05846599999995
 40
0.1574306814475634
  0
LWPOLYLINE
  5
361
330
1F
100
AcDbEntity
  8
SOLETTA INTERRATO
 62
4
440
33554585
100
AcDbPolyline
 90
8
 70
0
 38
-1.05846599999995
 10
1006.5673406500491
 20
1047.386593847187
 10
1010.18565735111
 20
1047.1665728244
 10
1010.984182416232
 20
1047.118016460747
 10
1010.984183628618
 20
1047.118036398821
 10
1011.6798934830808
 20
1047.075731977625
 10
1011.7587975678671
 20
1048.373335107302
 10
1011.063087713401
 20
1048.415639528498
 10
1012.031179007437
 20
1064.336213176373
  0
CIRCLE
  5
362
330
1F
100
AcDbEntity
  8
DBP LINEE SOTTILI
  6
Continuous
 62
4
440
33554585
100
AcDbCircle
 10
1004.6141347323601
 20
1067.700523055923
 30
-1.05846599999995
 40
0.055416520272081
  0
ARC
  5
364
330
1F
100
AcDbEntity
  8
A-DETL-THIN
 62
4
440
33554585
100
AcDbCircle
 10
998.953574704788
 20
1082.447735678331
 30
-1.05846599999995
 40
0.720510051935161
100
AcDbArc
 50
86.5202678639269
 51
266.5202678639449
1001
REVIT
1002
{
1070
1
1000
2147260
1002
}
1002
{
1070
2
1000
-2000051
1002
}
1002
{
1070
3
1000
-2000042
1002
}
  0
ARC
  5
366
330
1F
100
AcDbEntity
  8
A-DETL-THIN
 62
4
440
33554585
100
AcDbCircle
 10
998.953574704788
 20
1082.447735678331
 30
-1.05846599999995
 40
0.7205100519351609
100
AcDbArc
 50
266.5202678639449
 51
86.5202678639269
1001
REVIT
1002
{
1070
1
1000
2147260
1002
}
1002
{
1070
2
1000
-2000051
1002
}
1002
{
1070
3
1000
-2000042
1002
}
  0
CIRCLE
  5
367
330
1F
100
AcDbEntity
  8
DBP STRUTTURE SOTTILI
 62
4
440
33554585
100
AcDbCircle
 10
998.953574704788
 20
1082.447735678331
 30
-1.05846599999995
 40
0.7205100519275652
  0
LWPOLYLINE
  5
369
330
1F
100
AcDbEntity
  8
DBP QUOTE
 62
4
440
33554585
100
AcDbPolyline
 90
2
 70
0
 38
-1.05846599999995
 10
998.3640333352737
 20
1082.861952660793
 10
999.5518429431131
 20
1082.789724852564
  0
LWPOLYLINE
  5
36B
330
1F
100
AcDbEntity
  8
DBP QUOTE
 62
4
440
33554585
100
AcDbPolyline
 90
2
 70
0
 38
-1.05846599999995
 10
998.2673853141973
 20
1082.667460176667
 10
999.6613317180097
 20
1082.582697692115
  0
LWPOLYLINE
  5
36C
330
1F
100
AcDbEntity
  8
DBP QUOTE
 62
4
440
33554585
100
AcDbPolyline
 90
2
 70
0
 38
-1.05846599999995
 10
998.2334166805028
 20
1082.469156311709
 10
999.6710236508538
 20
1082.381738934482
  0
LWPOLYLINE
  5
36D
330
1F
100
AcDbEntity
  8
DBP QUOTE
 62
4
440
33554585
100
AcDbPolyline
 90
2
 70
0
 38
-1.05846599999995
 10
998.2563303973782
 20
1082.267393569603
 10
999.6238317521534
 20
1082.184239144051
  0
LWPOLYLINE
  5
36E
330
1F
100
AcDbEntity
  8
DBP QUOTE
 62
4
440
33554585
100
AcDbPolyline
 90
2
 70
0
 38
-1.05846599999995
 10
998.3525959072686
 20
1082.061170483681
 10
999.5032865794628
 20
1081.991199787492
  0
LWPOLYLINE
  5
36F
330
1F
100
AcDbEntity
  8
DBP QUOTE
 62
4
440
33554585
100
AcDbPolyline
 90
2
 70
0
 38
-1.05846599999995
 10
998.5533722491505
 20
1081.8485923487
 10
999.278232055756
 20
1081.804515389937
  0
LWPOLYLINE
  5
370
330
1F
100
AcDbEntity
  8
DBP QUOTE
 62
4
440
33554585
100
AcDbPolyline
 90
2
 70
0
 38
-1.05846599999995
 10
998.5570510508164
 20
1083.049320025509
 10
999.420069054951
 20
1082.996842003367
  0
LWPOLYLINE
  5
371
330
1F
100
AcDbEntity
  8
DBP QUOTE
 62
4
440
33554585
100
AcDbPolyline
 90
2
 70
0
 38
-1.05846599999995
 10
999.5027437251224
 20
1081.982272372565
 10
999.555159051966
 20
1082.844259332303
  0
LWPOLYLINE
  5
372
330
1F
100
AcDbEntity
  8
DBP QUOTE
 62
4
440
33554585
100
AcDbPolyline
 90
2
 70
0
 38
-1.05846599999995
 10
999.2919992477318
 20
1081.811651121325
 10
999.3665783015222
 20
1083.038127720972
  0
LWPOLYLINE
  5
373
330
1F
100
AcDbEntity
  8
DBP QUOTE
 62
4
440
33554585
100
AcDbPolyline
 90
2
 70
0
 38
-1.05846599999995
 10
999.0873195816466
 20
1081.74076764857
 10
999.172058179035
 20
1083.134321220277
  0
LWPOLYLINE
  5
374
330
1F
100
AcDbEntity
  8
DBP QUOTE
 62
4
440
33554585
100
AcDbPolyline
 90
2
 70
0
 38
-1.05846599999995
 10
998.8863807631187
 20
1081.731403620737
 10
998.9737344778728
 20
1083.167963641186
  0
LWPOLYLINE
  5
375
330
1F
100
AcDbEntity
  8
DBP QUOTE
 62
4
440
33554585
100
AcDbPolyline
 90
2
 70
0
 38
-1.05846599999995
 10
998.6888850646799
 20
1081.778662813565
 10
998.7719676569986
 20
1083.144982847649
  0
LWPOLYLINE
  5
376
330
1F
100
AcDbEntity
  8
DBP QUOTE
 62
4
440
33554585
100
AcDbPolyline
 90
2
 70
0
 38
-1.05846599999995
 10
998.4954506483828
 20
1081.892711101427
 10
998.56574905765
 20
1083.048791120905
  0
LWPOLYLINE
  5
377
330
1F
100
AcDbEntity
  8
DBP QUOTE
 62
4
440
33554585
100
AcDbPolyline
 90
2
 70
0
 38
-1.05846599999995
 10
998.3092258565816
 20
1082.125323990028
 10
998.3531017075302
 20
1082.846876513734
  0
LWPOLYLINE
  5
378
330
1F
100
AcDbEntity
  8
MURI INTERRATO
 62
4
440
33554585
100
AcDbPolyline
 90
7
 70
0
 38
-1.05846599999995
 10
1007.396214653786
 20
1047.83713557205
 10
1010.685139866426
 20
1047.637144058424
 10
1011.214162506793
 20
1047.604975480594
 10
1011.232371133606
 20
1047.904422222854
 10
1010.70336507752
 20
1047.936589941381
 10
1010.924886910298
 20
1051.579861540067
 10
1010.755200233978
 20
1051.590179773423
  0
LWPOLYLINE
  5
379
330
1F
100
AcDbEntity
  8
MURI INTERRATO
 62
4
440
33554585
100
AcDbPolyline
 90
8
 70
0
 38
-1.05846599999995
 10
1007.181397531207
 20
1051.306570483366
 10
1006.2431305798691
 20
1051.363624210695
 10
1006.0519398979959
 20
1048.21943176697
 10
1010.4538094342211
 20
1047.951764805307
 10
1010.645000116094
 20
1051.095957249032
 10
1009.6168989911271
 20
1051.158473573537
 10
1009.647246718409
 20
1051.657551739207
 10
1010.4557533353
 20
1051.60838842171
  0
LWPOLYLINE
  5
37A
330
1F
100
AcDbEntity
  8
MURI INTERRATO
 62
4
440
33554585
100
AcDbPolyline
 90
2
 70
0
 38
-1.05846599999995
 10
1006.972812803356
 20
1052.831382377584
 10
1006.8994113319031
 20
1051.624271499368
  0
LWPOLYLINE
  5
37B
330
1F
100
AcDbEntity
  8
MURI INTERRATO
 62
4
440
33554585
100
AcDbPolyline
 90
8
 70
0
 38
-1.05846599999995
 10
1006.9001592681739
 20
1051.624226019137
 10
1005.1388625138279
 20
1051.731326183478
 10
1005.175886741114
 20
1052.340201545644
 10
1004.8764398425001
 20
1052.358410194963
 10
1004.821206978017
 20
1051.450087920437
 10
1005.9436836804671
 20
1051.381832847064
 10
1005.7524929985939
 20
1048.237640403339
 10
998.0067998672694
 20
1048.708637130706
1001
REVIT
1002
{
1070
1
1000
2065751
1002
}
1002
{
1070
5
1000
952
1002
}
1002
{
1070
2
1000
-2000011
1002
}
  0
LWPOLYLINE
  5
37C
330
1F
100
AcDbEntity
  8
MURI INTERRATO
 62
4
440
33554585
100
AcDbPolyline
 90
6
 70
0
 38
-1.05846599999995
 10
998.0067998672694
 20
1048.708637130706
 10
998.1660009765656
 20
1051.326750731175
 10
1003.2565982664009
 20
1051.017203912905
 10
1003.231588704349
 20
1050.605913596574
 10
1003.531035603751
 20
1050.587704960206
 10
1003.761016783882
 20
1054.369819664098
1001
REVIT
1002
{
1070
1
1000
2065687
1002
}
1002
{
1070
5
1000
952
1002
}
1002
{
1070
2
1000
-2000011
1002
}
  0
LWPOLYLINE
  5
37D
330
1F
100
AcDbEntity
  8
MURI INTERRATO
 62
4
440
33554585
100
AcDbPolyline
 90
4
 70
0
 38
-1.05846599999995
 10
1003.46156988448
 20
1054.388028300467
 10
1003.274806902647
 20
1051.316650812314
 10
998.1842096128116
 20
1051.626197630584
 10
998.5136069128675
 20
1057.043242497387
1001
REVIT
1002
{
1070
1
1000
2065638
1002
}
1002
{
1070
5
1000
952
1002
}
1002
{
1070
2
1000
-2000011
1002
}
  0
LWPOLYLINE
  5
37E
330
1F
100
AcDbEntity
  8
MURI INTERRATO
 62
4
440
33554585
100
AcDbPolyline
 90
4
 70
1
 38
-1.05846599999995
 10
1003.90161193006
 20
1061.624661702678
 10
1003.816638293798
 20
1060.227242838837
 10
1004.1160851932
 20
1060.209034202468
 10
1004.201058829462
 20
1061.606453066309
1001
REVIT
1002
{
1070
1
1000
2064116
1002
}
1002
{
1070
5
1000
952
1002
}
1002
{
1070
2
1000
-2000011
1002
}
  0
LWPOLYLINE
  5
37F
330
1F
100
AcDbEntity
  8
MURI INTERRATO
 62
4
440
33554585
100
AcDbPolyline
 90
8
 70
1
 38
-1.05846599999995
 10
1004.8649863375881
 20
1076.643879710859
 10
1004.6373783829781
 20
1072.900793468334
 10
1003.888761134685
 20
1072.946315065091
 10
1003.873587271042
 20
1072.696775982208
 10
1004.871743602401
 20
1072.636080527644
 10
1005.129699284292
 20
1076.878244935841
 10
1004.1315429529332
 20
1076.938940390405
 10
1004.116369089295
 20
1076.689401307615
1001
REVIT
1002
{
1070
1
1000
2063266
1002
}
1002
{
1070
5
1000
952
1002
}
1002
{
1070
2
1000
-2000011
1002
}
  0
LWPOLYLINE
  5
380
330
1F
100
AcDbEntity
  8
MURI INTERRATO
 62
4
440
33554585
100
AcDbPolyline
 90
16
 70
0
 38
-1.05846599999995
 10
994.4708002962511
 20
1079.279618993148
 10
993.657302886209
 20
1079.329085788617
 10
993.9729192499353
 20
1084.519498711585
 10
1002.257616800061
 20
1084.015726438714
 10
1002.051252192213
 20
1080.621994915992
 10
1001.7518052928099
 20
1080.64020355236
 10
1001.9399612642901
 20
1083.734488175681
 10
997.7477046726592
 20
1083.989409084845
 10
997.5534792181843
 20
1080.795308824592
 10
997.254032318782
 20
1080.813517460961
 10
997.448257773257
 20
1084.007617721213
 10
994.2541575129687
 20
1084.201843175814
 10
993.9749584219803
 20
1079.61032405165
 10
995.5370730731784
 20
1079.515335665707
 10
995.5188644368095
 20
1079.215888766304
 10
994.7702471956534
 20
1079.261410356779
1001
REVIT
1002
{
1070
1
1000
2061080
1002
}
1002
{
1070
5
1000
952
1002
}
1002
{
1070
2
1000
-2000011
1002
}
  0
LWPOLYLINE
  5
381
330
1F
100
AcDbEntity
  8
MURI INTERRATO
 62
4
440
33554585
100
AcDbPolyline
 90
4
 70
0
 38
-1.05846599999995
 10
1015.6454305685102
 20
1070.227726493037
 10
1016.258909285649
 20
1080.309077794951
 10
1015.9594623862458
 20
1080.32728643132
 10
1015.364192305477
 20
1070.545382028808
1001
REVIT
1002
{
1070
1
1000
2062501
1002
}
1002
{
1070
5
1000
952
1002
}
1002
{
1070
2
1000
-2000011
1002
}
  0
LWPOLYLINE
  5
382
330
1F
100
AcDbEntity
  8
MURI INTERRATO
 62
4
440
33554585
100
AcDbPolyline
 90
10
 70
0
 38
-1.05846599999995
 10
1015.364192305477
 20
1070.545382028808
 10
1011.7508663861081
 20
1070.76509957432
 10
1012.221256158972
 20
1078.500811142237
 10
1010.843800421635
 20
1078.584570869539
 10
1010.8255917852662
 20
1078.285123970137
 10
1011.9036006232031
 20
1078.219572879251
 10
1011.451419486709
 20
1070.783308210736
 10
1008.681984837589
 20
1070.951710784209
 10
1008.6637762012201
 20
1070.652263884806
 10
1013.599210089262
 20
1070.352152174891
1001
REVIT
1002
{
1070
1
1000
2062877
1002
}
1002
{
1070
5
1000
952
1002
}
1002
{
1070
2
1000
-2000011
1002
}
  0
LWPOLYLINE
  5
383
330
1F
100
AcDbEntity
  8
MURI INTERRATO
 62
4
440
33554585
100
AcDbPolyline
 90
4
 70
0
 38
-1.05846599999995
 10
1014.087808498494
 20
1078.38731064221
 10
1013.8298528166151
 20
1074.145146234014
 10
1014.1292997160172
 20
1074.126937597646
 10
1014.3872553978958
 20
1078.369102005841
1001
REVIT
1002
{
1070
1
1000
2062606
1002
}
1002
{
1070
5
1000
952
1002
}
1002
{
1070
2
1000
-2000011
1002
}
  0
LWPOLYLINE
  5
384
330
1F
100
AcDbEntity
  8
MURI INTERRATO
 62
4
440
33554585
100
AcDbPolyline
 90
4
 70
1
 38
-1.05846599999995
 10
1003.767370225557
 20
1070.950002402362
 10
1004.765526556916
 20
1070.889306947798
 10
1004.7837351932849
 20
1071.1887538472
 10
1003.7855788619258
 20
1071.249449301764
1001
REVIT
1002
{
1070
1
1000
2063707
1002
}
1002
{
1070
5
1000
952
1002
}
1002
{
1070
2
1000
-2000011
1002
}
  0
LWPOLYLINE
  5
385
330
1F
100
AcDbEntity
  8
SOLETTA INTERRATO
 62
4
440
33554585
100
AcDbPolyline
 90
7
 70
0
 38
-1.05846599999995
 10
1002.489634965656
 20
1079.593490853537
 10
1002.787042693014
 20
1084.484456877104
 10
993.5041888115466
 20
1085.048924604538
 10
993.1278769932574
 20
1078.860355350228
 10
993.9413744032995
 20
1078.810888554759
 10
993.7592877639486
 20
1075.816420108297
 10
1000.9310410046301
 20
1075.380323267262
  0
LWPOLYLINE
  5
386
330
1F
100
AcDbEntity
  8
SOLETTA INTERRATO
 62
4
440
33554585
100
AcDbPolyline
 90
2
 70
0
 38
-1.05846599999995
 10
1001.1434753712701
 20
1078.873869879396
 10
1000.852137189368
 20
1074.082719488947
  0
LWPOLYLINE
  5
387
330
1F
100
AcDbEntity
  8
SOLETTA INTERRATO
 62
4
440
33554585
100
AcDbPolyline
 90
6
 70
0
 38
-1.05846599999995
 10
1016.663454870692
 20
1078.731615398745
 10
1016.7575328252678
 20
1080.278757712377
 10
1016.787880552549
 20
1080.777835878047
 10
1015.989833308777
 20
1080.826363186549
 10
1015.4907551431061
 20
1080.85671091383
 10
1015.366329461249
 20
1078.810490434528
  0
HATCH
  5
388
330
1F
100
AcDbEntity
  8
NO-STAMPA
 62
4
440
33554585
100
AcDbHatch
 10
0.0
 20
0.0
 30
-1.05846599999995
210
0.0
220
0.0
230
1.0
  2
ANSI36
 70
0
 71
0
 91
1
 92
1
 93
4
 72
1
 10
1015.831878096305
 20
1078.236625739829
 11
1015.8136694599361
 21
1077.937178840427
 72
1
 10
1015.8136694599361
 20
1077.937178840427
 11
1014.366342779492
 21
1078.025187249543
 72
1
 10
1014.366342779492
 20
1078.025187249543
 11
1014.3845514158611
 21
1078.324634148945
 72
1
 10
1014.3845514158611
 20
1078.324634148945
 11
1015.831878096305
 21
1078.236625739829
 97
0
 75
1
 76
1
 52
356.5202678639379
 41
4.0
 77
0
 78
1
 53
41.52026786393788
 43
879.5378103541086
 44
2470.001935237244
 45
0.3236886467899548
 46
0.9543849642252795
 79
4
 49
1.25
 49
-0.25
 49
0.0
 49
-0.25
 98
1
 10
879.5378103541086
 20
2470.001935237244
1001
GradientColor1ACI
1070
5
1001
GradientColor2ACI
1070
2
1001
ACAD
1010
0.0
1020
0.0
1030
0.0
  0
HATCH
  5
38A
330
1F
100
AcDbEntity
  8
NO-STAMPA
 62
4
440
33554585
100
AcDbHatch
 10
0.0
 20
0.0
 30
-1.05846599999995
210
0.0
220
0.0
230
1.0
  2
ANSI36
 70
0
 71
0
 91
1
 92
1
 93
4
 72
1
 10
1015.831878096305
 20
1078.236625739829
 11
1015.8136694599361
 21
1077.937178840427
 72
1
 10
1015.8136694599361
 20
1077.937178840427
 11
1014.366342779492
 21
1078.025187249543
 72
1
 10
1014.366342779492
 20
1078.025187249543
 11
1014.3845514158611
 21
1078.324634148945
 72
1
 10
1014.3845514158611
 20
1078.324634148945
 11
1015.831878096305
 21
1078.236625739829
 97
0
 75
1
 76
1
 52
356.5202678639379
 41
4.0
 77
0
 78
1
 53
41.52026786393788
 43
879.5378103541086
 44
2470.001935237244
 45
0.3236886467899548
 46
0.9543849642252795
 79
4
 49
1.25
 49
-0.25
 49
0.0
 49
-0.25
 98
1
 10
879.5378103541086
 20
2470.001935237244
1001
GradientColor1ACI
1070
5
1001
GradientColor2ACI
1070
2
1001
ACAD
1010
0.0
1020
0.0
1030
0.0
  0
MTEXT
  5
38B
330
1F
100
AcDbEntity
  8
M3 TESTI
 62
4
440
33554585
100
AcDbMText
 10
1016.529425725688
 20
1086.234406608065
 30
-1.05846599999995
 40
0.125
 41
6.97768540205476
 46
0.0
 71
1
 72
5
  1
A
  7
MA 1-50
 11
-0.060695454562767995
 21
-0.9981563313406469
 31
0.0
1001
ACAD
1000
ACAD_MTEXT_COLUMN_INFO_BEGIN
1070
75
1070
2
1070
79
1070
0
1070
76
1070
1
1070
78
1070
0
1070
48
1040
6.97768540205476
1070
49
1040
0.625
1070
50
1070
1
1040
0.0
1000
ACAD_MTEXT_COLUMN_INFO_END
1000
ACAD_MTEXT_COLUMNS_BEGIN
1070
47
1070
1
1000
ACAD_MTEXT_COLUMNS_END
  0
CIRCLE
  5
38C
330
1F
100
AcDbEntity
  8
M3 LINEE SOTTILI
 62
4
370
20
440
33554585
100
AcDbCircle
 10
1016.467508278108
 20
1086.190996386968
 30
-1.05846599999995
 40
0.1574306814475634
  0
MTEXT
  5
38D
330
1F
100
AcDbEntity
  8
M3 TESTI
 62
4
440
33554585
100
AcDbMText
 10
1014.782030358811
 20
1086.341031663719
 30
-1.05846599999995
 40
0.125
 41
6.97768540205476
 46
0.0
 71
1
 72
5
  1
B
  7
MA 1-50
 11
-0.060695454562767995
 21
-0.9981563313406469
 31
0.0
1001
ACAD
1000
ACAD_MTEXT_COLUMN_INFO_BEGIN
1070
75
1070
2
1070
79
1070
0
1070
76
1070
1
1070
78
1070
0
1070
48
1040
6.97768540205476
1070
49
1040
0.625
1070
50
1070
1
1040
0.0
1000
ACAD_MTEXT_COLUMN_INFO_END
1000
ACAD_MTEXT_COLUMNS_BEGIN
1070
47
1070
1
1000
ACAD_MTEXT_COLUMNS_END
  0
CIRCLE
  5
38E
330
1F
100
AcDbEntity
  8
M3 LINEE SOTTILI
 62
4
370
20
440
33554585
100
AcDbCircle
 10
1014.7201129112309
 20
1086.297621442623
 30
-1.05846599999995
 40
0.1574306814475634
  0
MTEXT
  5
38F
330
1F
100
AcDbEntity
  8
M3 TESTI
 62
4
440
33554585
100
AcDbMText
 10
1012.7807419391352
 20
1086.462354935689
 30
-1.05846599999995
 40
0.125
 41
6.97768540205476
 46
0.0
 71
1
 72
5
  1
C
  7
MA 1-50
 11
-0.060695454562767995
 21
-0.9981563313406469
 31
0.0
1001
ACAD
1000
ACAD_MTEXT_COLUMN_INFO_BEGIN
1070
75
1070
2
1070
79
1070
0
1070
76
1070
1
1070
78
1070
0
1070
48
1040
6.97768540205476
1070
49
1040
0.625
1070
50
1070
1
1040
0.0
1000
ACAD_MTEXT_COLUMN_INFO_END
1000
ACAD_MTEXT_COLUMNS_BEGIN
1070
47
1070
1
1000
ACAD_MTEXT_COLUMNS_END
  0
CIRCLE
  5
390
330
1F
100
AcDbEntity
  8
M3 LINEE SOTTILI
 62
4
370
20
440
33554585
100
AcDbCircle
 10
1012.718824491556
 20
1086.418944714593
 30
-1.05846599999995
 40
0.1574306814475634
  0
MTEXT
  5
391
330
1F
100
AcDbEntity
  8
M3 TESTI
 62
4
440
33554585
100
AcDbMText
 10
1009.097952520234
 20
1086.686296387364
 30
-1.05846599999995
 40
0.125
 41
6.97768540205476
 46
0.0
 71
1
 72
5
  1
D
  7
MA 1-50
 11
-0.060695454562767995
 21
-0.9981563313406469
 31
0.0
1001
ACAD
1000
ACAD_MTEXT_COLUMN_INFO_BEGIN
1070
75
1070
2
1070
79
1070
0
1070
76
1070
1
1070
78
1070
0
1070
48
1040
6.97768540205476
1070
49
1040
0.625
1070
50
1070
1
1040
0.0
1000
ACAD_MTEXT_COLUMN_INFO_END
1000
ACAD_MTEXT_COLUMNS_BEGIN
1070
47
1070
1
1000
ACAD_MTEXT_COLUMNS_END
  0
CIRCLE
  5
392
330
1F
100
AcDbEntity
  8
M3 LINEE SOTTILI
 62
4
370
20
440
33554585
100
AcDbCircle
 10
1009.0360350726542
 20
1086.642886166268
 30
-1.05846599999995
 40
0.1574306814475634
  0
MTEXT
  5
393
330
1F
100
AcDbEntity
  8
M3 TESTI
 62
4
440
33554585
100
AcDbMText
 10
1005.646263638879
 20
1086.884003249785
 30
-1.05846599999995
 40
0.125
 41
6.97768540205476
 46
0.0
 71
1
 72
5
  1
E
  7
MA 1-50
 11
-0.060695454562767995
 21
-0.9981563313406469
 31
0.0
1001
ACAD
1000
ACAD_MTEXT_COLUMN_INFO_BEGIN
1070
75
1070
2
1070
79
1070
0
1070
76
1070
1
1070
78
1070
0
1070
48
1040
6.97768540205476
1070
49
1040
0.625
1070
50
1070
1
1040
0.0
1000
ACAD_MTEXT_COLUMN_INFO_END
1000
ACAD_MTEXT_COLUMNS_BEGIN
1070
47
1070
1
1000
ACAD_MTEXT_COLUMNS_END
  0
CIRCLE
  5
394
330
1F
100
AcDbEntity
  8
M3 LINEE SOTTILI
 62
4
370
20
440
33554585
100
AcDbCircle
 10
1005.585084215809
 20
1086.852730079845
 30
-1.05846599999995
 40
0.1574306814475634
  0
MTEXT
  5
395
330
1F
100
AcDbEntity
  8
M3 TESTI
 62
4
440
33554585
100
AcDbMText
 10
1002.355665554217
 20
1087.096265287162
 30
-1.05846599999995
 40
0.125
 41
6.97768540205476
 46
0.0
 71
1
 72
5
  1
F
  7
MA 1-50
 11
-0.060695454562767995
 21
-0.9981563313406469
 31
0.0
1001
ACAD
1000
ACAD_MTEXT_COLUMN_INFO_BEGIN
1070
75
1070
2
1070
79
1070
0
1070
76
1070
1
1070
78
1070
0
1070
48
1040
6.97768540205476
1070
49
1040
0.625
1070
50
1070
1
1040
0.0
1000
ACAD_MTEXT_COLUMN_INFO_END
1000
ACAD_MTEXT_COLUMNS_BEGIN
1070
47
1070
1
1000
ACAD_MTEXT_COLUMNS_END
  0
CIRCLE
  5
396
330
1F
100
AcDbEntity
  8
M3 LINEE SOTTILI
 62
4
370
20
440
33554585
100
AcDbCircle
 10
1002.2937481066378
 20
1087.052855066066
 30
-1.05846599999995
 40
0.1574306814475634
  0
MTEXT
  5
397
330
1F
100
AcDbEntity
  8
M3 TESTI
 62
4
440
33554585
100
AcDbMText
 10
1000.25494840641
 20
1087.224004778662
 30
-1.05846599999995
 40
0.125
 41
6.97768540205476
 46
0.0
 71
1
 72
5
  1
G
  7
MA 1-50
 11
-0.060695454562767995
 21
-0.9981563313406469
 31
0.0
1001
ACAD
1000
ACAD_MTEXT_COLUMN_INFO_BEGIN
1070
75
1070
2
1070
79
1070
0
1070
76
1070
1
1070
78
1070
0
1070
48
1040
6.97768540205476
1070
49
1040
0.625
1070
50
1070
1
1040
0.0
1000
ACAD_MTEXT_COLUMN_INFO_END
1000
ACAD_MTEXT_COLUMNS_BEGIN
1070
47
1070
1
1000
ACAD_MTEXT_COLUMNS_END
  0
CIRCLE
  5
398
330
1F
100
AcDbEntity
  8
M3 LINEE SOTTILI
 62
4
370
20
440
33554585
100
AcDbCircle
 10
1000.1930309588301
 20
1087.180594557565
 30
-1.05846599999995
 40
0.1574306814475634
  0
MTEXT
  5
399
330
1F
100
AcDbEntity
  8
M3 TESTI
 62
4
440
33554585
100
AcDbMText
 10
995.9158948675745
 20
1087.487865694309
 30
-1.05846599999995
 40
0.125
 41
6.97768540205476
 46
0.0
 71
1
 72
5
  1
H
  7
MA 1-50
 11
-0.060695454562767995
 21
-0.9981563313406469
 31
0.0
1001
ACAD
1000
ACAD_MTEXT_COLUMN_INFO_BEGIN
1070
75
1070
2
1070
79
1070
0
1070
76
1070
1
1070
78
1070
0
1070
48
1040
6.97768540205476
1070
49
1040
0.625
1070
50
1070
1
1040
0.0
1000
ACAD_MTEXT_COLUMN_INFO_END
1000
ACAD_MTEXT_COLUMNS_BEGIN
1070
47
1070
1
1000
ACAD_MTEXT_COLUMNS_END
  0
CIRCLE
  5
39A
330
1F
100
AcDbEntity
  8
M3 LINEE SOTTILI
 62
4
370
20
440
33554585
100
AcDbCircle
 10
995.8539774199949
 20
1087.444455473212
 30
-1.05846599999995
 40
0.1574306814475634
  0
MTEXT
  5
39B
330
1F
100
AcDbEntity
  8
M3 TESTI
 62
4
440
33554585
100
AcDbMText
 10
993.61768538856
 20
1087.587175565643
 30
-1.05846599999995
 40
0.125
 41
6.97768540205476
 46
0.0
 71
1
 72
5
  1
I
  7
MA 1-50
 11
-0.060695454562767995
 21
-0.9981563313406469
 31
0.0
1001
ACAD
1000
ACAD_MTEXT_COLUMN_INFO_BEGIN
1070
75
1070
2
1070
79
1070
0
1070
76
1070
1
1070
78
1070
0
1070
48
1040
6.97768540205476
1070
49
1040
0.625
1070
50
1070
1
1040
0.0
1000
ACAD_MTEXT_COLUMN_INFO_END
1000
ACAD_MTEXT_COLUMNS_BEGIN
1070
47
1070
1
1000
ACAD_MTEXT_COLUMNS_END
  0
CIRCLE
  5
39C
330
1F
100
AcDbEntity
  8
M3 LINEE SOTTILI
 62
4
370
20
440
33554585
100
AcDbCircle
 10
993.5582178579025
 20
1087.584055018707
 30
-1.05846599999995
 40
0.1574306814475634
  0
MTEXT
  5
39D
330
1F
100
AcDbEntity
  8
M3 TESTI
 62
4
440
33554585
100
AcDbMText
 10
1016.2081827922411
 20
1046.144920679651
 30
-1.05846599999995
 40
0.125
 41
6.97768540205476
 46
0.0
 71
1
 72
5
  1
9
  7
MA 1-50
 11
-0.060695454562767995
 21
-0.9981563313406469
 31
0.0
1001
ACAD
1000
ACAD_MTEXT_COLUMN_INFO_BEGIN
1070
75
1070
2
1070
79
1070
0
1070
76
1070
1
1070
78
1070
0
1070
48
1040
6.97768540205476
1070
49
1040
0.625
1070
50
1070
1
1040
0.0
1000
ACAD_MTEXT_COLUMN_INFO_END
1000
ACAD_MTEXT_COLUMNS_BEGIN
1070
47
1070
1
1000
ACAD_MTEXT_COLUMNS_END
  0
CIRCLE
  5
39E
330
1F
100
AcDbEntity
  8
M3 LINEE SOTTILI
 62
4
370
20
440
33554585
100
AcDbCircle
 10
1016.144892944993
 20
1046.122970213393
 30
-1.05846599999995
 40
0.1574306814475634
  0
POLYLINE
  5
39F
330
1F
100
AcDbEntity
  8
M3 LINEE SOTTILI
  6
TRATTO-PUNTO
 62
4
370
20
440
33554585
100
AcDb2dPolyline
 66
1
 10
0.0
 20
0.0
 30
-1.05846599999995
 70
0
  0
VERTEX
  5
3A0
330
39F
100
AcDbEntity
  8
M3 LINEE SOTTILI
  6
TRATTO-PUNTO
 62
4
370
20
440
33554585
100
AcDbVertex
100
AcDb2dVertex
 10
1015.9877525135589
 20
1046.132525540165
 30
-1.05846599999995
 70
0
  0
VERTEX
  5
3A1
330
39F
100
AcDbEntity
  8
M3 LINEE SOTTILI
  6
TRATTO-PUNTO
 62
4
370
20
440
33554585
100
AcDbVertex
100
AcDb2dVertex
 10
990.7585436580346
 20
1047.666652261265
 30
-1.05846599999995
 70
0
  0
SEQEND
  5
3A2
330
1F
100
AcDbEntity
  8
M3 LINEE SOTTILI
  6
TRATTO-PUNTO
 62
4
370
20
440
33554585
  0
LWPOLYLINE
  5
3A3
330
1F
100
AcDbEntity
  8
NO-STAMPA
 62
4
440
33554585
100
AcDbPolyline
 90
4
 70
1
 38
-1.05846599999995
 10
1014.373530255604
 20
1078.135049525413
 10
1014.036063528235
 20
1072.585300323164
 10
1015.477660246903
 20
1072.497640339063
 10
1015.8151269742721
 20
1078.047389541312
  0
LWPOLYLINE
  5
3A4
330
1F
100
AcDbEntity
  8
M3 LINEE SOTTILI
 62
4
370
35
440
33554585
100
AcDbPolyline
 90
3
 70
0
 38
-1.05846599999995
 10
1000.3998901614741
 20
1076.215394156689
 10
1000.209801315912
 20
1076.226952996248
 10
1000.198242476592
 20
1076.036864151003
  0
LWPOLYLINE
  5
3A5
330
1F
100
AcDbEntity
  8
DBP Q
  6
Nascosta
 62
4
440
33554585
100
AcDbPolyline
 90
4
 70
1
 43
0.05
 38
-1.05846599999995
 10
1011.7533595459781
 20
1063.504867813422
 10
1011.608235945339
 20
1061.118263382353
 10
1010.356719480674
 20
1061.194365049327
 10
1010.5018430813129
 20
1063.580969480396
  0
MTEXT
  5
3A8
330
1F
100
AcDbEntity
  8
DBP Q
 62
4
440
33554585
100
AcDbMText
 10
1012.6042713561619
 20
1063.866171981093
 30
-1.05846599999995
 40
0.175
 41
2.12766096082851
 46
0.0
 71
1
 72
5
  1
PART. A\P(vedi tav. 122)
  7
DBP 1-50
 11
-0.060695454562767995
 21
-0.9981563313406469
 31
0.0
  0
LWPOLYLINE
  5
3AA
330
1F
100
AcDbEntity
  8
DBP Q
  6
Nascosta
 62
4
440
33554585
100
AcDbPolyline
 90
4
 70
1
 43
0.05
 38
-1.05846599999995
 10
994.6392883030398
 20
1083.183340783447
 10
994.4941647024007
 20
1080.796736352378
 10
993.4061287202728
 20
1080.862897169519
 10
993.5512523209122
 20
1083.249501600587
  0
MTEXT
  5
3AB
330
1F
100
AcDbEntity
  8
DBP Q
 62
4
440
33554585
100
AcDbMText
 10
994.8729893485793
 20
1081.099354743772
 30
-1.05846599999995
 40
0.175
 41
2.12766096082851
 46
0.0
 71
1
 72
5
  1
PART. B
  7
DBP 1-50
 11
-0.060695454562767995
 21
-0.9981563313406469
 31
0.0
  0
LWPOLYLINE
  5
3AC
330
1F
100
AcDbEntity
  8
DBP Q
  6
Nascosta
 62
4
440
33554585
100
AcDbPolyline
 90
4
 70
1
 43
0.05
 38
-1.05846599999995
 10
1010.389229759398
 20
1067.194145225757
 10
1010.319457806464
 20
1066.046722950518
 10
1009.1720631294679
 20
1066.11649322527
 10
1009.2418350824018
 20
1067.263915500509
  0
MTEXT
  5
3AD
330
1F
100
AcDbEntity
  8
DBP Q
 62
4
440
33554585
100
AcDbMText
 10
1011.111005870235
 20
1068.251148096868
 30
-1.05846599999995
 40
0.175
 41
2.12766096082851
 46
0.0
 71
1
 72
5
  1
PART. G\P(vedi tav. 122)
  7
DBP 1-50
 11
-0.060695454562767995
 21
-0.9981563313406469
 31
0.0
  0
LWPOLYLINE
  5
3AE
330
1F
100
AcDbEntity
  8
SOLETTA INTERRATO
 62
4
440
33554585
100
AcDbPolyline
 90
4
 70
0
 38
-1.05846599999995
 10
1013.366394685961
 20
1069.865385575299
 10
1013.3846033223299
 20
1070.164832474701
 10
1009.8340031927542
 20
1070.380735817764
 10
1009.8157945940529
 20
1070.081289537478
  0
LINE
  5
3AF
330
1F
100
AcDbEntity
  8
SOLETTA INTERRATO
 62
4
440
33554585
100
AcDbLine
 10
1013.0750565040621
 20
1065.074235184891
 30
-1.05846599999995
 11
1009.524456374475
 21
1065.290138527954
 31
-1.05846599999995
  0
HATCH
  5
3B0
330
1F
100
AcDbEntity
  8
CAMPITURE
 62
4
370
9
440
33554585
100
AcDbHatch
 10
0.0
 20
0.0
 30
-1.05846599999995
210
0.0
220
0.0
230
1.0
  2
SOLID
 70
1
 71
0
 91
1
 92
1
 93
4
 72
1
 10
994.7702471956534
 20
1079.261410356779
 11
994.6063694683335
 21
1076.566388262152
 72
1
 10
994.6063694683335
 20
1076.566388262152
 11
994.3069230819651
 21
1076.584596867324
 72
1
 10
994.3069230819647
 20
1076.584596867324
 11
994.4708008092846
 21
1079.279618961952
 72
1
 10
994.4708008092848
 20
1079.279618961952
 11
994.7702471956534
 21
1079.261410356779
 97
0
 75
0
 76
1
 98
1
 10
879.5378103541086
 20
2470.001935237244
450
0
451
0
460
0.0
461
0.0
452
0
462
0.0
453
2
463
0
 63
5
421
255
463
1
 63
2
421
16776960
470
LINEAR
1001
GradientColor1ACI
1070
5
1001
GradientColor2ACI
1070
2
1001
ACAD
1010
0.0
1020
0.0
1030
0.0
1001
HATCHBACKGROUNDCOLOR
1071
-1030318442
1000

1000

  0
LWPOLYLINE
  5
3B1
330
1F
100
AcDbEntity
  8
MURI INTERRATO
 62
4
440
33554585
100
AcDbPolyline
 90
2
 70
0
 38
-1.05846599999995
 10
1009.6168989911271
 20
1051.158473573537
 10
1009.4257083092211
 20
1048.014281129825
  0
LWPOLYLINE
  5
3B2
330
1F
100
AcDbEntity
  8
MURI INTERRATO
 62
4
440
33554585
100
AcDbPolyline
 90
2
 70
0
 38
-1.05846599999995
 10
1009.866438073962
 20
1051.143299709893
 10
1009.675247392056
 20
1047.999107266181
  0
POLYLINE
  5
3B3
330
1F
100
AcDbEntity
  8
Z_NO STAMPA
  6
ByBlock
 62
4
440
33554585
100
AcDb2dPolyline
 66
1
 10
0.0
 20
0.0
 30
-1.05846599999995
 70
0
  0
VERTEX
  5
3B5
330
3B3
100
AcDbEntity
  8
Z_NO STAMPA
  6
ByBlock
 62
4
440
33554585
100
AcDbVertex
100
AcDb2dVertex
 10
1015.825830327296
 20
1078.131348708275
 30
-1.05846599999995
 70
0
  0
VERTEX
  5
3B6
330
3B3
100
AcDbEntity
  8
Z_NO STAMPA
  6
ByBlock
 62
4
440
33554585
100
AcDbVertex
100
AcDb2dVertex
 10
1014.3781510797121
 20
1078.219378556136
 30
-1.05846599999995
 70
0
  0
SEQEND
  5
3B7
330
1F
100
AcDbEntity
  8
Z_NO STAMPA
  6
ByBlock
 62
4
440
33554585
  0
POLYLINE
  5
3B8
330
1F
100
AcDbEntity
  8
Z_NO STAMPA
  6
ByBlock
 62
4
440
33554585
100
AcDb2dPolyline
 66
1
 10
0.0
 20
0.0
 30
-1.05846599999995
 70
0
  0
VERTEX
  5
3B9
330
3B8
100
AcDbEntity
  8
Z_NO STAMPA
  6
ByBlock
 62
4
440
33554585
100
AcDbVertex
100
AcDb2dVertex
 10
1015.807621690928
 20
1077.831901808873
 30
-1.05846599999995
 70
0
  0
VERTEX
  5
3BA
330
3B8
100
AcDbEntity
  8
Z_NO STAMPA
  6
ByBlock
 62
4
440
33554585
100
AcDbVertex
100
AcDb2dVertex
 10
1014.3599424433442
 20
1077.919931656734
 30
-1.05846599999995
 70
0
  0
SEQEND
  5
3BB
330
1F
100
AcDbEntity
  8
Z_NO STAMPA
  6
ByBlock
 62
4
440
33554585
  0
POLYLINE
  5
3BC
330
1F
100
AcDbEntity
  8
Z_NO STAMPA
  6
ByBlock
 62
4
440
33554585
100
AcDb2dPolyline
 66
1
 10
0.0
 20
0.0
 30
-1.05846599999995
 70
0
  0
VERTEX
  5
3BD
330
3BC
100
AcDbEntity
  8
Z_NO STAMPA
  6
ByBlock
 62
4
440
33554585
100
AcDbVertex
100
AcDb2dVertex
 10
1015.7894130545601
 20
1077.532454909471
 30
-1.05846599999995
 70
0
  0
VERTEX
  5
3BE
330
3BC
100
AcDbEntity
  8
Z_NO STAMPA
  6
ByBlock
 62
4
440
33554585
100
AcDbVertex
100
AcDb2dVertex
 10
1014.341733806976
 20
1077.620484757331
 30
-1.05846599999995
 70
0
  0
SEQEND
  5
3BF
330
1F
100
AcDbEntity
  8
Z_NO STAMPA
  6
ByBlock
 62
4
440
33554585
  0
POLYLINE
  5
3C0
330
1F
100
AcDbEntity
  8
Z_NO STAMPA
  6
ByBlock
 62
4
440
33554585
100
AcDb2dPolyline
 66
1
 10
0.0
 20
0.0
 30
-1.05846599999995
 70
0
  0
VERTEX
  5
3C1
330
3C0
100
AcDbEntity
  8
Z_NO STAMPA
  6
ByBlock
 62
4
440
33554585
100
AcDbVertex
100
AcDb2dVertex
 10
1015.7712044181931
 20
1077.233008010069
 30
-1.05846599999995
 70
0
  0
VERTEX
  5
3C2
330
3C0
100
AcDbEntity
  8
Z_NO STAMPA
  6
ByBlock
 62
4
440
33554585
100
AcDbVertex
100
AcDb2dVertex
 10
1014.323525170608
 20
1077.321037857929
 30
-1.05846599999995
 70
0
  0
SEQEND
  5
3C3
330
1F
100
AcDbEntity
  8
Z_NO STAMPA
  6
ByBlock
 62
4
440
33554585
  0
POLYLINE
  5
3C4
330
1F
100
AcDbEntity
  8
Z_NO STAMPA
  6
ByBlock
 62
4
440
33554585
100
AcDb2dPolyline
 66
1
 10
0.0
 20
0.0
 30
-1.05846599999995
 70
0
  0
VERTEX
  5
3C5
330
3C4
100
AcDbEntity
  8
Z_NO STAMPA
  6
ByBlock
 62
4
440
33554585
100
AcDbVertex
100
AcDb2dVertex
 10
1015.7529957818251
 20
1076.933561110666
 30
-1.05846599999995
 70
0
  0
VERTEX
  5
3C6
330
3C4
100
AcDbEntity
  8
Z_NO STAMPA
  6
ByBlock
 62
4
440
33554585
100
AcDbVertex
100
AcDb2dVertex
 10
1014.3053165342399
 20
1077.021590958527
 30
-1.05846599999995
 70
0
  0
SEQEND
  5
3C7
330
1F
100
AcDbEntity
  8
Z_NO STAMPA
  6
ByBlock
 62
4
440
33554585
  0
POLYLINE
  5
3C8
330
1F
100
AcDbEntity
  8
Z_NO STAMPA
  6
ByBlock
 62
4
440
33554585
100
AcDb2dPolyline
 66
1
 10
0.0
 20
0.0
 30
-1.05846599999995
 70
0
  0
VERTEX
  5
3C9
330
3C8
100
AcDbEntity
  8
Z_NO STAMPA
  6
ByBlock
 62
4
440
33554585
100
AcDbVertex
100
AcDb2dVertex
 10
1015.734787145457
 20
1076.634114211264
 30
-1.05846599999995
 70
0
  0
VERTEX
  5
3CA
330
3C8
100
AcDbEntity
  8
Z_NO STAMPA
  6
ByBlock
 62
4
440
33554585
100
AcDbVertex
100
AcDb2dVertex
 10
1014.2871078978719
 20
1076.722144059124
 30
-1.05846599999995
 70
0
  0
SEQEND
  5
3CB
330
1F
100
AcDbEntity
  8
Z_NO STAMPA
  6
ByBlock
 62
4
440
33554585
  0
POLYLINE
  5
3CC
330
1F
100
AcDbEntity
  8
Z_NO STAMPA
  6
ByBlock
 62
4
440
33554585
100
AcDb2dPolyline
 66
1
 10
0.0
 20
0.0
 30
-1.05846599999995
 70
0
  0
VERTEX
  5
3CD
330
3CC
100
AcDbEntity
  8
Z_NO STAMPA
  6
ByBlock
 62
4
440
33554585
100
AcDbVertex
100
AcDb2dVertex
 10
1015.716578509089
 20
1076.334667311862
 30
-1.05846599999995
 70
0
  0
VERTEX
  5
3CE
330
3CC
100
AcDbEntity
  8
Z_NO STAMPA
  6
ByBlock
 62
4
440
33554585
100
AcDbVertex
100
AcDb2dVertex
 10
1014.268899261504
 20
1076.422697159722
 30
-1.05846599999995
 70
0
  0
SEQEND
  5
3CF
330
1F
100
AcDbEntity
  8
Z_NO STAMPA
  6
ByBlock
 62
4
440
33554585
  0
POLYLINE
  5
3D0
330
1F
100
AcDbEntity
  8
Z_NO STAMPA
  6
ByBlock
 62
4
440
33554585
100
AcDb2dPolyline
 66
1
 10
0.0
 20
0.0
 30
-1.05846599999995
 70
0
  0
VERTEX
  5
3D1
330
3D0
100
AcDbEntity
  8
Z_NO STAMPA
  6
ByBlock
 62
4
440
33554585
100
AcDbVertex
100
AcDb2dVertex
 10
1015.6983698727208
 20
1076.035220412459
 30
-1.05846599999995
 70
0
  0
VERTEX
  5
3D2
330
3D0
100
AcDbEntity
  8
Z_NO STAMPA
  6
ByBlock
 62
4
440
33554585
100
AcDbVertex
100
AcDb2dVertex
 10
1014.250690625136
 20
1076.12325026032
 30
-1.05846599999995
 70
0
  0
SEQEND
  5
3D3
330
1F
100
AcDbEntity
  8
Z_NO STAMPA
  6
ByBlock
 62
4
440
33554585
  0
POLYLINE
  5
3D4
330
1F
100
AcDbEntity
  8
Z_NO STAMPA
  6
ByBlock
 62
4
440
33554585
100
AcDb2dPolyline
 66
1
 10
0.0
 20
0.0
 30
-1.05846599999995
 70
0
  0
VERTEX
  5
3D5
330
3D4
100
AcDbEntity
  8
Z_NO STAMPA
  6
ByBlock
 62
4
440
33554585
100
AcDbVertex
100
AcDb2dVertex
 10
1015.6801612363529
 20
1075.735773513057
 30
-1.05846599999995
 70
0
  0
VERTEX
  5
3D6
330
3D4
100
AcDbEntity
  8
Z_NO STAMPA
  6
ByBlock
 62
4
440
33554585
100
AcDbVertex
100
AcDb2dVertex
 10
1014.232481988769
 20
1075.823803360918
 30
-1.05846599999995
 70
0
  0
SEQEND
  5
3D7
330
1F
100
AcDbEntity
  8
Z_NO STAMPA
  6
ByBlock
 62
4
440
33554585
  0
POLYLINE
  5
3D8
330
1F
100
AcDbEntity
  8
Z_NO STAMPA
  6
ByBlock
 62
4
440
33554585
100
AcDb2dPolyline
 66
1
 10
0.0
 20
0.0
 30
-1.05846599999995
 70
0
  0
VERTEX
  5
3D9
330
3D8
100
AcDbEntity
  8
Z_NO STAMPA
  6
ByBlock
 62
4
440
33554585
100
AcDbVertex
100
AcDb2dVertex
 10
1015.6619525999849
 20
1075.436326613655
 30
-1.05846599999995
 70
0
  0
VERTEX
  5
3DA
330
3D8
100
AcDbEntity
  8
Z_NO STAMPA
  6
ByBlock
 62
4
440
33554585
100
AcDbVertex
100
AcDb2dVertex
 10
1014.214273352401
 20
1075.524356461515
 30
-1.05846599999995
 70
0
  0
SEQEND
  5
3DB
330
1F
100
AcDbEntity
  8
Z_NO STAMPA
  6
ByBlock
 62
4
440
33554585
  0
POLYLINE
  5
3DC
330
1F
100
AcDbEntity
  8
Z_NO STAMPA
  6
ByBlock
 62
4
440
33554585
100
AcDb2dPolyline
 66
1
 10
0.0
 20
0.0
 30
-1.05846599999995
 70
0
  0
VERTEX
  5
3DD
330
3DC
100
AcDbEntity
  8
Z_NO STAMPA
  6
ByBlock
 62
4
440
33554585
100
AcDbVertex
100
AcDb2dVertex
 10
1015.643743963617
 20
1075.136879714253
 30
-1.05846599999995
 70
0
  0
VERTEX
  5
3DE
330
3DC
100
AcDbEntity
  8
Z_NO STAMPA
  6
ByBlock
 62
4
440
33554585
100
AcDbVertex
100
AcDb2dVertex
 10
1014.1960647160331
 20
1075.224909562113
 30
-1.05846599999995
 70
0
  0
SEQEND
  5
3DF
330
1F
100
AcDbEntity
  8
Z_NO STAMPA
  6
ByBlock
 62
4
440
33554585
  0
POLYLINE
  5
3E0
330
1F
100
AcDbEntity
  8
Z_NO STAMPA
  6
ByBlock
 62
4
440
33554585
100
AcDb2dPolyline
 66
1
 10
0.0
 20
0.0
 30
-1.05846599999995
 70
0
  0
VERTEX
  5
3E1
330
3E0
100
AcDbEntity
  8
Z_NO STAMPA
  6
ByBlock
 62
4
440
33554585
100
AcDbVertex
100
AcDb2dVertex
 10
1015.62553532725
 20
1074.837432814851
 30
-1.05846599999995
 70
0
  0
VERTEX
  5
3E2
330
3E0
100
AcDbEntity
  8
Z_NO STAMPA
  6
ByBlock
 62
4
440
33554585
100
AcDbVertex
100
AcDb2dVertex
 10
1014.1778560796652
 20
1074.925462662711
 30
-1.05846599999995
 70
0
  0
SEQEND
  5
3E3
330
1F
100
AcDbEntity
  8
Z_NO STAMPA
  6
ByBlock
 62
4
440
33554585
  0
POLYLINE
  5
3E4
330
1F
100
AcDbEntity
  8
Z_NO STAMPA
  6
ByBlock
 62
4
440
33554585
100
AcDb2dPolyline
 66
1
 10
0.0
 20
0.0
 30
-1.05846599999995
 70
0
  0
VERTEX
  5
3E5
330
3E4
100
AcDbEntity
  8
Z_NO STAMPA
  6
ByBlock
 62
4
440
33554585
100
AcDbVertex
100
AcDb2dVertex
 10
1015.607326690882
 20
1074.537985915448
 30
-1.05846599999995
 70
0
  0
VERTEX
  5
3E6
330
3E4
100
AcDbEntity
  8
Z_NO STAMPA
  6
ByBlock
 62
4
440
33554585
100
AcDbVertex
100
AcDb2dVertex
 10
1014.159647443297
 20
1074.626015763309
 30
-1.05846599999995
 70
0
  0
SEQEND
  5
3E7
330
1F
100
AcDbEntity
  8
Z_NO STAMPA
  6
ByBlock
 62
4
440
33554585
  0
POLYLINE
  5
3E8
330
1F
100
AcDbEntity
  8
Z_NO STAMPA
  6
ByBlock
 62
4
440
33554585
100
AcDb2dPolyline
 66
1
 10
0.0
 20
0.0
 30
-1.05846599999995
 70
0
  0
VERTEX
  5
3E9
330
3E8
100
AcDbEntity
  8
Z_NO STAMPA
  6
ByBlock
 62
4
440
33554585
100
AcDbVertex
100
AcDb2dVertex
 10
1015.5891180545141
 20
1074.238539016046
 30
-1.05846599999995
 70
0
  0
VERTEX
  5
3EA
330
3E8
100
AcDbEntity
  8
Z_NO STAMPA
  6
ByBlock
 62
4
440
33554585
100
AcDbVertex
100
AcDb2dVertex
 10
1014.141438806929
 20
1074.326568863906
 30
-1.05846599999995
 70
0
  0
SEQEND
  5
3EB
330
1F
100
AcDbEntity
  8
Z_NO STAMPA
  6
ByBlock
 62
4
440
33554585
  0
POLYLINE
  5
3EC
330
1F
100
AcDbEntity
  8
Z_NO STAMPA
  6
ByBlock
 62
4
440
33554585
100
AcDb2dPolyline
 66
1
 10
0.0
 20
0.0
 30
-1.05846599999995
 70
0
  0
VERTEX
  5
3ED
330
3EC
100
AcDbEntity
  8
Z_NO STAMPA
  6
ByBlock
 62
4
440
33554585
100
AcDbVertex
100
AcDb2dVertex
 10
1015.5709094181461
 20
1073.939092116644
 30
-1.05846599999995
 70
0
  0
VERTEX
  5
3EE
330
3EC
100
AcDbEntity
  8
Z_NO STAMPA
  6
ByBlock
 62
4
440
33554585
100
AcDbVertex
100
AcDb2dVertex
 10
1014.1232301705609
 20
1074.027121964504
 30
-1.05846599999995
 70
0
  0
SEQEND
  5
3EF
330
1F
100
AcDbEntity
  8
Z_NO STAMPA
  6
ByBlock
 62
4
440
33554585
  0
POLYLINE
  5
3F0
330
1F
100
AcDbEntity
  8
Z_NO STAMPA
  6
ByBlock
 62
4
440
33554585
100
AcDb2dPolyline
 66
1
 10
0.0
 20
0.0
 30
-1.05846599999995
 70
0
  0
VERTEX
  5
3F1
330
3F0
100
AcDbEntity
  8
Z_NO STAMPA
  6
ByBlock
 62
4
440
33554585
100
AcDbVertex
100
AcDb2dVertex
 10
1015.552700781778
 20
1073.639645217241
 30
-1.05846599999995
 70
0
  0
VERTEX
  5
3F2
330
3F0
100
AcDbEntity
  8
Z_NO STAMPA
  6
ByBlock
 62
4
440
33554585
100
AcDbVertex
100
AcDb2dVertex
 10
1014.1050215341929
 20
1073.727675065102
 30
-1.05846599999995
 70
0
  0
SEQEND
  5
3F3
330
1F
100
AcDbEntity
  8
Z_NO STAMPA
  6
ByBlock
 62
4
440
33554585
  0
POLYLINE
  5
3F4
330
1F
100
AcDbEntity
  8
Z_NO STAMPA
  6
ByBlock
 62
4
440
33554585
100
AcDb2dPolyline
 66
1
 10
0.0
 20
0.0
 30
-1.05846599999995
 70
0
  0
VERTEX
  5
3F5
330
3F4
100
AcDbEntity
  8
Z_NO STAMPA
  6
ByBlock
 62
4
440
33554585
100
AcDbVertex
100
AcDb2dVertex
 10
1015.53449214541
 20
1073.34019831784
 30
-1.05846599999995
 70
0
  0
VERTEX
  5
3F6
330
3F4
100
AcDbEntity
  8
Z_NO STAMPA
  6
ByBlock
 62
4
440
33554585
100
AcDbVertex
100
AcDb2dVertex
 10
1014.086812897825
 20
1073.4282281657
 30
-1.05846599999995
 70
0
  0
SEQEND
  5
3F7
330
1F
100
AcDbEntity
  8
Z_NO STAMPA
  6
ByBlock
 62
4
440
33554585
  0
POLYLINE
  5
3F8
330
1F
100
AcDbEntity
  8
Z_NO STAMPA
  6
ByBlock
 62
4
440
33554585
100
AcDb2dPolyline
 66
1
 10
0.0
 20
0.0
 30
-1.05846599999995
 70
0
  0
VERTEX
  5
3F9
330
3F8
100
AcDbEntity
  8
Z_NO STAMPA
  6
ByBlock
 62
4
440
33554585
100
AcDbVertex
100
AcDb2dVertex
 10
1015.5162835090418
 20
1073.040751418437
 30
-1.05846599999995
 70
0
  0
VERTEX
  5
3FA
330
3F8
100
AcDbEntity
  8
Z_NO STAMPA
  6
ByBlock
 62
4
440
33554585
100
AcDbVertex
100
AcDb2dVertex
 10
1014.068604261457
 20
1073.128781266298
 30
-1.05846599999995
 70
0
  0
SEQEND
  5
3FB
330
1F
100
AcDbEntity
  8
Z_NO STAMPA
  6
ByBlock
 62
4
440
33554585
  0
POLYLINE
  5
3FC
330
1F
100
AcDbEntity
  8
Z_NO STAMPA
  6
ByBlock
 62
4
440
33554585
100
AcDb2dPolyline
 66
1
 10
0.0
 20
0.0
 30
-1.05846599999995
 70
0
  0
VERTEX
  5
3FD
330
3FC
100
AcDbEntity
  8
Z_NO STAMPA
  6
ByBlock
 62
4
440
33554585
100
AcDbVertex
100
AcDb2dVertex
 10
1015.4980748726739
 20
1072.741304519035
 30
-1.05846599999995
 70
0
  0
VERTEX
  5
3FE
330
3FC
100
AcDbEntity
  8
Z_NO STAMPA
  6
ByBlock
 62
4
440
33554585
100
AcDbVertex
100
AcDb2dVertex
 10
1014.05039562509
 20
1072.829334366895
 30
-1.05846599999995
 70
0
  0
SEQEND
  5
3FF
330
1F
100
AcDbEntity
  8
Z_NO STAMPA
  6
ByBlock
 62
4
440
33554585
  0
POLYLINE
  5
400
330
1F
100
AcDbEntity
  8
Z_NO STAMPA
  6
ByBlock
 62
4
440
33554585
100
AcDb2dPolyline
 66
1
 10
0.0
 20
0.0
 30
-1.05846599999995
 70
0
  0
VERTEX
  5
401
330
400
100
AcDbEntity
  8
Z_NO STAMPA
  6
ByBlock
 62
4
440
33554585
100
AcDbVertex
100
AcDb2dVertex
 10
1015.4798662363069
 20
1072.441857619633
 30
-1.05846599999995
 70
0
  0
VERTEX
  5
402
330
400
100
AcDbEntity
  8
Z_NO STAMPA
  6
ByBlock
 62
4
440
33554585
100
AcDbVertex
100
AcDb2dVertex
 10
1014.0321869887221
 20
1072.529887467493
 30
-1.05846599999995
 70
0
  0
SEQEND
  5
403
330
1F
100
AcDbEntity
  8
Z_NO STAMPA
  6
ByBlock
 62
4
440
33554585
  0
POLYLINE
  5
404
330
1F
100
AcDbEntity
  8
Z_NO STAMPA
  6
ByBlock
 62
4
440
33554585
100
AcDb2dPolyline
 66
1
 10
0.0
 20
0.0
 30
-1.05846599999995
 70
0
  0
VERTEX
  5
405
330
404
100
AcDbEntity
  8
Z_NO STAMPA
  6
ByBlock
 62
4
440
33554585
100
AcDbVertex
100
AcDb2dVertex
 10
1015.4616575999389
 20
1072.14241072023
 30
-1.05846599999995
 70
0
  0
VERTEX
  5
406
330
404
100
AcDbEntity
  8
Z_NO STAMPA
  6
ByBlock
 62
4
440
33554585
100
AcDbVertex
100
AcDb2dVertex
 10
1014.0139783523541
 20
1072.230440568091
 30
-1.05846599999995
 70
0
  0
SEQEND
  5
407
330
1F
100
AcDbEntity
  8
Z_NO STAMPA
  6
ByBlock
 62
4
440
33554585
  0
POINT
  5
478
330
1F
100
AcDbEntity
  8
PT_MURI
100
AcDbPoint
 10
993.9729192499353
 20
1084.519498711585
 30
-1.05846599999995
  0
TEXT
  5
479
330
1F
100
AcDbEntity
  8
PT_MURI
100
AcDbText
 10
994.0229192499353
 20
1084.5694987115849
 30
-1.05846599999995
 40
0.1
  1
M1
 11
994.0229192499353
 21
1084.5694987115849
 31
-1.05846599999995
100
AcDbText
  0
POINT
  5
47A
330
1F
100
AcDbEntity
  8
PT_MURI
100
AcDbPoint
 10
1002.257616800061
 20
1084.015726438714
 30
-1.05846599999995
  0
TEXT
  5
47B
330
1F
100
AcDbEntity
  8
PT_MURI
100
AcDbText
 10
1002.3076168000609
 20
1084.065726438714
 30
-1.05846599999995
 40
0.1
  1
M2
 11
1002.3076168000609
 21
1084.065726438714
 31
-1.05846599999995
100
AcDbText
  0
POINT
  5
47C
330
1F
100
AcDbEntity
  8
PT_MURI
100
AcDbPoint
 10
994.2541575129687
 20
1084.201843175814
 30
-1.05846599999995
  0
TEXT
  5
47D
330
1F
100
AcDbEntity
  8
PT_MURI
100
AcDbText
 10
994.3041575129687
 20
1084.251843175814
 30
-1.05846599999995
 40
0.1
  1
M3
 11
994.3041575129687
 21
1084.251843175814
 31
-1.05846599999995
100
AcDbText
  0
POINT
  5
47E
330
1F
100
AcDbEntity
  8
PT_MURI
100
AcDbPoint
 10
997.448257773257
 20
1084.007617721213
 30
-1.05846599999995
  0
TEXT
  5
47F
330
1F
100
AcDbEntity
  8
PT_MURI
100
AcDbText
 10
997.4982577732569
 20
1084.0576177212129
 30
-1.05846599999995
 40
0.1
  1
M4
 11
997.4982577732569
 21
1084.0576177212129
 31
-1.05846599999995
100
AcDbText
  0
POINT
  5
480
330
1F
100
AcDbEntity
  8
PT_MURI
100
AcDbPoint
 10
997.7477046726592
 20
1083.989409084845
 30
-1.05846599999995
  0
TEXT
  5
481
330
1F
100
AcDbEntity
  8
PT_MURI
100
AcDbText
 10
997.7977046726592
 20
1084.039409084845
 30
-1.05846599999995
 40
0.1
  1
M5
 11
997.7977046726592
 21
1084.039409084845
 31
-1.05846599999995
100
AcDbText
  0
POINT
  5
482
330
1F
100
AcDbEntity
  8
PT_MURI
100
AcDbPoint
 10
1001.9399612642901
 20
1083.734488175681
 30
-1.05846599999995
  0
TEXT
  5
483
330
1F
100
AcDbEntity
  8
PT_MURI
100
AcDbText
 10
1001.9899612642901
 20
1083.784488175681
 30
-1.05846599999995
 40
0.1
  1
M6
 11
1001.9899612642901
 21
1083.784488175681
 31
-1.05846599999995
100
AcDbText
  0
POINT
  5
484
330
1F
100
AcDbEntity
  8
PT_MURI
100
AcDbPoint
 10
1015.9594623862458
 20
1080.32728643132
 30
-1.05846599999995
  0
TEXT
  5
485
330
1F
100
AcDbEntity
  8
PT_MURI
100
AcDbText
 10
1016.0094623862458
 20
1080.37728643132
 30
-1.05846599999995
 40
0.1
  1
M7
 11
1016.0094623862458
 21
1080.37728643132
 31
-1.05846599999995
100
AcDbText
  0
POINT
  5
486
330
1F
100
AcDbEntity
  8
PT_MURI
100
AcDbPoint
 10
1016.258909285649
 20
1080.309077794951
 30
-1.05846599999995
  0
TEXT
  5
487
330
1F
100
AcDbEntity
  8
PT_MURI
100
AcDbText
 10
1016.308909285649
 20
1080.359077794951
 30
-1.05846599999995
 40
0.1
  1
M8
 11
1016.308909285649
 21
1080.359077794951
 31
-1.05846599999995
100
AcDbText
  0
POINT
  5
488
330
1F
100
AcDbEntity
  8
PT_MURI
100
AcDbPoint
 10
1001.7518052928099
 20
1080.64020355236
 30
-1.05846599999995
  0
TEXT
  5
489
330
1F
100
AcDbEntity
  8
PT_MURI
100
AcDbText
 10
1001.8018052928098
 20
1080.69020355236
 30
-1.05846599999995
 40
0.1
  1
M9
 11
1001.8018052928098
 21
1080.69020355236
 31
-1.05846599999995
100
AcDbText
  0
POINT
  5
48A
330
1F
100
AcDbEntity
  8
PT_MURI
100
AcDbPoint
 10
1002.051252192213
 20
1080.621994915992
 30
-1.05846599999995
  0
TEXT
  5
48B
330
1F
100
AcDbEntity
  8
PT_MURI
100
AcDbText
 10
1002.101252192213
 20
1080.671994915992
 30
-1.05846599999995
 40
0.1
  1
M10
 11
1002.101252192213
 21
1080.671994915992
 31
-1.05846599999995
100
AcDbText
  0
POINT
  5
48C
330
1F
100
AcDbEntity
  8
PT_MURI
100
AcDbPoint
 10
997.254032318782
 20
1080.813517460961
 30
-1.05846599999995
  0
TEXT
  5
48D
330
1F
100
AcDbEntity
  8
PT_MURI
100
AcDbText
 10
997.304032318782
 20
1080.863517460961
 30
-1.05846599999995
 40
0.1
  1
M11
 11
997.304032318782
 21
1080.863517460961
 31
-1.05846599999995
100
AcDbText
  0
POINT
  5
48E
330
1F
100
AcDbEntity
  8
PT_MURI
100
AcDbPoint
 10
997.5534792181843
 20
1080.795308824592
 30
-1.05846599999995
  0
TEXT
  5
48F
330
1F
100
AcDbEntity
  8
PT_MURI
100
AcDbText
 10
997.6034792181842
 20
1080.845308824592
 30
-1.05846599999995
 40
0.1
  1
M12
 11
997.6034792181842
 21
1080.845308824592
 31
-1.05846599999995
100
AcDbText
  0
POINT
  5
490
330
1F
100
AcDbEntity
  8
PT_MURI
100
AcDbPoint
 10
993.9749584219803
 20
1079.61032405165
 30
-1.05846599999995
  0
TEXT
  5
491
330
1F
100
AcDbEntity
  8
PT_MURI
100
AcDbText
 10
994.0249584219803
 20
1079.66032405165
 30
-1.05846599999995
 40
0.1
  1
M13
 11
994.0249584219803
 21
1079.66032405165
 31
-1.05846599999995
100
AcDbText
  0
POINT
  5
492
330
1F
100
AcDbEntity
  8
PT_MURI
100
AcDbPoint
 10
995.5370730731784
 20
1079.515335665707
 30
-1.05846599999995
  0
TEXT
  5
493
330
1F
100
AcDbEntity
  8
PT_MURI
100
AcDbText
 10
995.5870730731783
 20
1079.565335665707
 30
-1.05846599999995
 40
0.1
  1
M14
 11
995.5870730731783
 21
1079.565335665707
 31
-1.05846599999995
100
AcDbText
  0
POINT
  5
494
330
1F
100
AcDbEntity
  8
PT_MURI
100
AcDbPoint
 10
996.7348606875262
 20
1079.44250127279
 30
-1.05846599999995
  0
TEXT
  5
495
330
1F
100
AcDbEntity
  8
PT_MURI
100
AcDbText
 10
996.7848606875261
 20
1079.49250127279
 30
-1.05846599999995
 40
0.1
  1
M15
 11
996.7848606875261
 21
1079.49250127279
 31
-1.05846599999995
100
AcDbText
  0
POINT
  5
496
330
1F
100
AcDbEntity
  8
PT_MURI
100
AcDbPoint
 10
1001.810485623002
 20
1079.133864733332
 30
-1.05846599999995
  0
TEXT
  5
497
330
1F
100
AcDbEntity
  8
PT_MURI
100
AcDbText
 10
1001.860485623002
 20
1079.183864733332
 30
-1.05846599999995
 40
0.1
  1
M16
 11
1001.860485623002
 21
1079.183864733332
 31
-1.05846599999995
100
AcDbText
  0
POINT
  5
498
330
1F
100
AcDbEntity
  8
PT_MURI
100
AcDbPoint
 10
1005.2541249661272
 20
1078.924465415091
 30
-1.05846599999995
  0
TEXT
  5
499
330
1F
100
AcDbEntity
  8
PT_MURI
100
AcDbText
 10
1005.3041249661271
 20
1078.974465415091
 30
-1.05846599999995
 40
0.1
  1
M17
 11
1005.3041249661271
 21
1078.974465415091
 31
-1.05846599999995
100
AcDbText
  0
POINT
  5
49A
330
1F
100
AcDbEntity
  8
PT_MURI
100
AcDbPoint
 10
1010.843800421635
 20
1078.584570869539
 30
-1.05846599999995
  0
TEXT
  5
49B
330
1F
100
AcDbEntity
  8
PT_MURI
100
AcDbText
 10
1010.893800421635
 20
1078.634570869539
 30
-1.05846599999995
 40
0.1
  1
M18
 11
1010.893800421635
 21
1078.634570869539
 31
-1.05846599999995
100
AcDbText
  0
POINT
  5
49C
330
1F
100
AcDbEntity
  8
PT_MURI
100
AcDbPoint
 10
1012.221256158972
 20
1078.500811142237
 30
-1.05846599999995
  0
TEXT
  5
49D
330
1F
100
AcDbEntity
  8
PT_MURI
100
AcDbText
 10
1012.2712561589719
 20
1078.5508111422369
 30
-1.05846599999995
 40
0.1
  1
M19
 11
1012.2712561589719
 21
1078.5508111422369
 31
-1.05846599999995
100
AcDbText
  0
POINT
  5
49E
330
1F
100
AcDbEntity
  8
PT_MURI
100
AcDbPoint
 10
1014.087808498494
 20
1078.38731064221
 30
-1.05846599999995
  0
TEXT
  5
49F
330
1F
100
AcDbEntity
  8
PT_MURI
100
AcDbText
 10
1014.137808498494
 20
1078.43731064221
 30
-1.05846599999995
 40
0.1
  1
M20
 11
1014.137808498494
 21
1078.43731064221
 31
-1.05846599999995
100
AcDbText
  0
POINT
  5
4A0
330
1F
100
AcDbEntity
  8
PT_MURI
100
AcDbPoint
 10
1014.3872553978958
 20
1078.369102005841
 30
-1.05846599999995
  0
TEXT
  5
4A1
330
1F
100
AcDbEntity
  8
PT_MURI
100
AcDbText
 10
1014.4372553978958
 20
1078.4191020058408
 30
-1.05846599999995
 40
0.1
  1
M21
 11
1014.4372553978958
 21
1078.4191020058408
 31
-1.05846599999995
100
AcDbText
  0
POINT
  5
4A2
330
1F
100
AcDbEntity
  8
PT_MURI
100
AcDbPoint
 10
993.657302886209
 20
1079.329085788617
 30
-1.05846599999995
  0
TEXT
  5
4A3
330
1F
100
AcDbEntity
  8
PT_MURI
100
AcDbText
 10
993.7073028862089
 20
1079.379085788617
 30
-1.05846599999995
 40
0.1
  1
M22
 11
993.7073028862089
 21
1079.379085788617
 31
-1.05846599999995
100
AcDbText
  0
POINT
  5
4A4
330
1F
100
AcDbEntity
  8
PT_MURI
100
AcDbPoint
 10
994.4708002962511
 20
1079.279618993148
 30
-1.05846599999995
  0
TEXT
  5
4A5
330
1F
100
AcDbEntity
  8
PT_MURI
100
AcDbText
 10
994.5208002962511
 20
1079.329618993148
 30
-1.05846599999995
 40
0.1
  1
M23
 11
994.5208002962511
 21
1079.329618993148
 31
-1.05846599999995
100
AcDbText
  0
POINT
  5
4A6
330
1F
100
AcDbEntity
  8
PT_MURI
100
AcDbPoint
 10
994.7702471956534
 20
1079.261410356779
 30
-1.05846599999995
  0
TEXT
  5
4A7
330
1F
100
AcDbEntity
  8
PT_MURI
100
AcDbText
 10
994.8202471956533
 20
1079.3114103567789
 30
-1.05846599999995
 40
0.1
  1
M24
 11
994.8202471956533
 21
1079.3114103567789
 31
-1.05846599999995
100
AcDbText
  0
POINT
  5
4A8
330
1F
100
AcDbEntity
  8
PT_MURI
100
AcDbPoint
 10
995.5188644368095
 20
1079.215888766304
 30
-1.05846599999995
  0
TEXT
  5
4A9
330
1F
100
AcDbEntity
  8
PT_MURI
100
AcDbText
 10
995.5688644368095
 20
1079.265888766304
 30
-1.05846599999995
 40
0.1
  1
M25
 11
995.5688644368095
 21
1079.265888766304
 31
-1.05846599999995
100
AcDbText
  0
POINT
  5
4AA
330
1F
100
AcDbEntity
  8
PT_MURI
100
AcDbPoint
 10
996.7166520511573
 20
1079.143054373387
 30
-1.05846599999995
  0
TEXT
  5
4AB
330
1F
100
AcDbEntity
  8
PT_MURI
100
AcDbText
 10
996.7666520511573
 20
1079.193054373387
 30
-1.05846599999995
 40
0.1
  1
M26
 11
996.7666520511573
 21
1079.193054373387
 31
-1.05846599999995
100
AcDbText
  0
POINT
  5
4AC
330
1F
100
AcDbEntity
  8
PT_MURI
100
AcDbPoint
 10
997.9393935476605
 20
1079.068702288542
 30
-1.05846599999995
  0
TEXT
  5
4AD
330
1F
100
AcDbEntity
  8
PT_MURI
100
AcDbText
 10
997.9893935476605
 20
1079.118702288542
 30
-1.05846599999995
 40
0.1
  1
M27
 11
997.9893935476605
 21
1079.118702288542
 31
-1.05846599999995
100
AcDbText
  0
POINT
  5
4AE
330
1F
100
AcDbEntity
  8
PT_MURI
100
AcDbPoint
 10
998.2388404470626
 20
1079.050493652174
 30
-1.05846599999995
  0
TEXT
  5
4AF
330
1F
100
AcDbEntity
  8
PT_MURI
100
AcDbText
 10
998.2888404470625
 20
1079.100493652174
 30
-1.05846599999995
 40
0.1
  1
M28
 11
998.2888404470625
 21
1079.100493652174
 31
-1.05846599999995
100
AcDbText
  0
POINT
  5
4B0
330
1F
100
AcDbEntity
  8
PT_MURI
100
AcDbPoint
 10
999.7111210357903
 20
1078.960967856694
 30
-1.05846599999995
  0
TEXT
  5
4B1
330
1F
100
AcDbEntity
  8
PT_MURI
100
AcDbText
 10
999.7611210357902
 20
1079.010967856694
 30
-1.05846599999995
 40
0.1
  1
M29
 11
999.7611210357902
 21
1079.010967856694
 31
-1.05846599999995
100
AcDbText
  0
POINT
  5
4B2
330
1F
100
AcDbEntity
  8
PT_MURI
100
AcDbPoint
 10
1000.0105679351918
 20
1078.942759220325
 30
-1.05846599999995
  0
TEXT
  5
4B3
330
1F
100
AcDbEntity
  8
PT_MURI
100
AcDbText
 10
1000.0605679351918
 20
1078.9927592203248
 30
-1.05846599999995
 40
0.1
  1
M30
 11
1000.0605679351918
 21
1078.9927592203248
 31
-1.05846599999995
100
AcDbText
  0
POINT
  5
4B4
330
1F
100
AcDbEntity
  8
PT_MURI
100
AcDbPoint
 10
1001.6425535369331
 20
1078.843522152115
 30
-1.05846599999995
  0
TEXT
  5
4B5
330
1F
100
AcDbEntity
  8
PT_MURI
100
AcDbText
 10
1001.692553536933
 20
1078.8935221521149
 30
-1.05846599999995
 40
0.1
  1
M31
 11
1001.692553536933
 21
1078.8935221521149
 31
-1.05846599999995
100
AcDbText
  0
POINT
  5
4B6
330
1F
100
AcDbEntity
  8
PT_MURI
100
AcDbPoint
 10
1001.9420004363351
 20
1078.825313515746
 30
-1.05846599999995
  0
TEXT
  5
4B7
330
1F
100
AcDbEntity
  8
PT_MURI
100
AcDbText
 10
1001.992000436335
 20
1078.875313515746
 30
-1.05846599999995
 40
0.1
  1
M32
 11
1001.992000436335
 21
1078.875313515746
 31
-1.05846599999995
100
AcDbText
  0
POINT
  5
4B8
330
1F
100
AcDbEntity
  8
PT_MURI
100
AcDbPoint
 10
1004.936469430356
 20
1078.643227152058
 30
-1.05846599999995
  0
TEXT
  5
4B9
330
1F
100
AcDbEntity
  8
PT_MURI
100
AcDbText
 10
1004.986469430356
 20
1078.693227152058
 30
-1.05846599999995
 40
0.1
  1
M33
 11
1004.986469430356
 21
1078.693227152058
 31
-1.05846599999995
100
AcDbText
  0
POINT
  5
4BA
330
1F
100
AcDbEntity
  8
PT_MURI
100
AcDbPoint
 10
1010.8255917852662
 20
1078.285123970137
 30
-1.05846599999995
  0
TEXT
  5
4BB
330
1F
100
AcDbEntity
  8
PT_MURI
100
AcDbText
 10
1010.8755917852661
 20
1078.335123970137
 30
-1.05846599999995
 40
0.1
  1
M34
 11
1010.8755917852661
 21
1078.335123970137
 31
-1.05846599999995
100
AcDbText
  0
POINT
  5
4BC
330
1F
100
AcDbEntity
  8
PT_MURI
100
AcDbPoint
 10
1011.9036006232031
 20
1078.219572879251
 30
-1.05846599999995
  0
TEXT
  5
4BD
330
1F
100
AcDbEntity
  8
PT_MURI
100
AcDbText
 10
1011.9536006232031
 20
1078.269572879251
 30
-1.05846599999995
 40
0.1
  1
M35
 11
1011.9536006232031
 21
1078.269572879251
 31
-1.05846599999995
100
AcDbText
  0
POINT
  5
4BE
330
1F
100
AcDbEntity
  8
PT_MURI
100
AcDbPoint
 10
1004.9155568116121
 20
1078.299312388129
 30
-1.05846599999995
  0
TEXT
  5
4BF
330
1F
100
AcDbEntity
  8
PT_MURI
100
AcDbText
 10
1004.965556811612
 20
1078.349312388129
 30
-1.05846599999995
 40
0.1
  1
M36
 11
1004.965556811612
 21
1078.349312388129
 31
-1.05846599999995
100
AcDbText
  0
POINT
  5
4C0
330
1F
100
AcDbEntity
  8
PT_MURI
100
AcDbPoint
 10
1005.2150037110141
 20
1078.28110375176
 30
-1.05846599999995
  0
TEXT
  5
4C1
330
1F
100
AcDbEntity
  8
PT_MURI
100
AcDbText
 10
1005.2650037110141
 20
1078.3311037517599
 30
-1.05846599999995
 40
0.1
  1
M37
 11
1005.2650037110141
 21
1078.3311037517599
 31
-1.05846599999995
100
AcDbText
  0
POINT
  5
4C2
330
1F
100
AcDbEntity
  8
PT_MURI
100
AcDbPoint
 10
1004.1315429529332
 20
1076.938940390405
 30
-1.05846599999995
  0
TEXT
  5
4C3
330
1F
100
AcDbEntity
  8
PT_MURI
100
AcDbText
 10
1004.1815429529331
 20
1076.9889403904049
 30
-1.05846599999995
 40
0.1
  1
M38
 11
1004.1815429529331
 21
1076.9889403904049
 31
-1.05846599999995
100
AcDbText
  0
POINT
  5
4C4
330
1F
100
AcDbEntity
  8
PT_MURI
100
AcDbPoint
 10
1005.129699284292
 20
1076.878244935841
 30
-1.05846599999995
  0
TEXT
  5
4C5
330
1F
100
AcDbEntity
  8
PT_MURI
100
AcDbText
 10
1005.1796992842919
 20
1076.928244935841
 30
-1.05846599999995
 40
0.1
  1
M39
 11
1005.1796992842919
 21
1076.928244935841
 31
-1.05846599999995
100
AcDbText
  0
POINT
  5
4C6
330
1F
100
AcDbEntity
  8
PT_MURI
100
AcDbPoint
 10
1004.116369089295
 20
1076.689401307615
 30
-1.05846599999995
  0
TEXT
  5
4C7
330
1F
100
AcDbEntity
  8
PT_MURI
100
AcDbText
 10
1004.1663690892949
 20
1076.739401307615
 30
-1.05846599999995
 40
0.1
  1
M40
 11
1004.1663690892949
 21
1076.739401307615
 31
-1.05846599999995
100
AcDbText
  0
POINT
  5
4C8
330
1F
100
AcDbEntity
  8
PT_MURI
100
AcDbPoint
 10
1004.8649863375881
 20
1076.643879710859
 30
-1.05846599999995
  0
TEXT
  5
4C9
330
1F
100
AcDbEntity
  8
PT_MURI
100
AcDbText
 10
1004.9149863375881
 20
1076.693879710859
 30
-1.05846599999995
 40
0.1
  1
M41
 11
1004.9149863375881
 21
1076.693879710859
 31
-1.05846599999995
100
AcDbText
  0
POINT
  5
4CA
330
1F
100
AcDbEntity
  8
PT_MURI
100
AcDbPoint
 10
994.6063694683332
 20
1076.566388262149
 30
-1.05846599999995
  0
TEXT
  5
4CB
330
1F
100
AcDbEntity
  8
PT_MURI
100
AcDbText
 10
994.6563694683332
 20
1076.616388262149
 30
-1.05846599999995
 40
0.1
  1
M42
 11
994.6563694683332
 21
1076.616388262149
 31
-1.05846599999995
100
AcDbText
  0
POINT
  5
4CC
330
1F
100
AcDbEntity
  8
PT_MURI
100
AcDbPoint
 10
997.7755158203404
 20
1076.373680193912
 30
-1.05846599999995
  0
TEXT
  5
4CD
330
1F
100
AcDbEntity
  8
PT_MURI
100
AcDbText
 10
997.8255158203403
 20
1076.4236801939119
 30
-1.05846599999995
 40
0.1
  1
M43
 11
997.8255158203403
 21
1076.4236801939119
 31
-1.05846599999995
100
AcDbText
  0
POINT
  5
4CE
330
1F
100
AcDbEntity
  8
PT_MURI
100
AcDbPoint
 10
998.0749627197424
 20
1076.355471557543
 30
-1.05846599999995
  0
TEXT
  5
4CF
330
1F
100
AcDbEntity
  8
PT_MURI
100
AcDbText
 10
998.1249627197424
 20
1076.405471557543
 30
-1.05846599999995
 40
0.1
  1
M44
 11
998.1249627197424
 21
1076.405471557543
 31
-1.05846599999995
100
AcDbText
  0
POINT
  5
4D0
330
1F
100
AcDbEntity
  8
PT_MURI
100
AcDbPoint
 10
999.5472433084701
 20
1076.265945762063
 30
-1.05846599999995
  0
TEXT
  5
4D1
330
1F
100
AcDbEntity
  8
PT_MURI
100
AcDbText
 10
999.5972433084701
 20
1076.315945762063
 30
-1.05846599999995
 40
0.1
  1
M45
 11
999.5972433084701
 21
1076.315945762063
 31
-1.05846599999995
100
AcDbText
  0
POINT
  5
4D2
330
1F
100
AcDbEntity
  8
PT_MURI
100
AcDbPoint
 10
994.2887144455958
 20
1076.285149967919
 30
-1.05846599999995
  0
TEXT
  5
4D3
330
1F
100
AcDbEntity
  8
PT_MURI
100
AcDbText
 10
994.3387144455958
 20
1076.335149967919
 30
-1.05846599999995
 40
0.1
  1
M46
 11
994.3387144455958
 21
1076.335149967919
 31
-1.05846599999995
100
AcDbText
  0
POINT
  5
4D4
330
1F
100
AcDbEntity
  8
PT_MURI
100
AcDbPoint
 10
999.8284816292166
 20
1075.948291175404
 30
-1.05846599999995
  0
TEXT
  5
4D5
330
1F
100
AcDbEntity
  8
PT_MURI
100
AcDbText
 10
999.8784816292166
 20
1075.998291175404
 30
-1.05846599999995
 40
0.1
  1
M47
 11
999.8784816292166
 21
1075.998291175404
 31
-1.05846599999995
100
AcDbText
  0
POINT
  5
4D6
330
1F
100
AcDbEntity
  8
PT_MURI
100
AcDbPoint
 10
1014.147508362865
 20
1074.426384496411
 30
-1.05846599999995
  0
TEXT
  5
4D7
330
1F
100
AcDbEntity
  8
PT_MURI
100
AcDbText
 10
1014.1975083628649
 20
1074.476384496411
 30
-1.05846599999995
 40
0.1
  1
M48
 11
1014.1975083628649
 21
1074.476384496411
 31
-1.05846599999995
100
AcDbText
  0
POINT
  5
4D8
330
1F
100
AcDbEntity
  8
PT_MURI
100
AcDbPoint
 10
1015.5948350433091
 20
1074.338376087295
 30
-1.05846599999995
  0
TEXT
  5
4D9
330
1F
100
AcDbEntity
  8
PT_MURI
100
AcDbText
 10
1015.6448350433091
 20
1074.388376087295
 30
-1.05846599999995
 40
0.1
  1
M49
 11
1015.6448350433091
 21
1074.388376087295
 31
-1.05846599999995
100
AcDbText
  0
POINT
  5
4DA
330
1F
100
AcDbEntity
  8
PT_MURI
100
AcDbPoint
 10
1013.8298528166151
 20
1074.145146234014
 30
-1.05846599999995
  0
TEXT
  5
4DB
330
1F
100
AcDbEntity
  8
PT_MURI
100
AcDbText
 10
1013.8798528166151
 20
1074.195146234014
 30
-1.05846599999995
 40
0.1
  1
M50
 11
1013.8798528166151
 21
1074.195146234014
 31
-1.05846599999995
100
AcDbText
  0
POINT
  5
4DC
330
1F
100
AcDbEntity
  8
PT_MURI
100
AcDbPoint
 10
1014.1292997264941
 20
1074.126937597009
 30
-1.05846599999995
  0
TEXT
  5
4DD
330
1F
100
AcDbEntity
  8
PT_MURI
100
AcDbText
 10
1014.179299726494
 20
1074.1769375970089
 30
-1.05846599999995
 40
0.1
  1
M51
 11
1014.179299726494
 21
1074.1769375970089
 31
-1.05846599999995
100
AcDbText
  0
POINT
  5
4DE
330
1F
100
AcDbEntity
  8
PT_MURI
100
AcDbPoint
 10
1015.576626406938
 20
1074.038929187893
 30
-1.05846599999995
  0
TEXT
  5
4DF
330
1F
100
AcDbEntity
  8
PT_MURI
100
AcDbText
 10
1015.6266264069379
 20
1074.088929187893
 30
-1.05846599999995
 40
0.1
  1
M52
 11
1015.6266264069379
 21
1074.088929187893
 31
-1.05846599999995
100
AcDbText
  0
POINT
  5
4E0
330
1F
100
AcDbEntity
  8
PT_MURI
100
AcDbPoint
 10
1003.888761134685
 20
1072.946315065091
 30
-1.05846599999995
  0
TEXT
  5
4E1
330
1F
100
AcDbEntity
  8
PT_MURI
100
AcDbText
 10
1003.9387611346849
 20
1072.996315065091
 30
-1.05846599999995
 40
0.1
  1
M53
 11
1003.9387611346849
 21
1072.996315065091
 31
-1.05846599999995
100
AcDbText
  0
POINT
  5
4E2
330
1F
100
AcDbEntity
  8
PT_MURI
100
AcDbPoint
 10
1004.6373783829781
 20
1072.900793468334
 30
-1.05846599999995
  0
TEXT
  5
4E3
330
1F
100
AcDbEntity
  8
PT_MURI
100
AcDbText
 10
1004.6873783829781
 20
1072.950793468334
 30
-1.05846599999995
 40
0.1
  1
M54
 11
1004.6873783829781
 21
1072.950793468334
 31
-1.05846599999995
100
AcDbText
  0
POINT
  5
4E4
330
1F
100
AcDbEntity
  8
PT_MURI
100
AcDbPoint
 10
1003.873587271042
 20
1072.696775982208
 30
-1.05846599999995
  0
TEXT
  5
4E5
330
1F
100
AcDbEntity
  8
PT_MURI
100
AcDbText
 10
1003.9235872710419
 20
1072.746775982208
 30
-1.05846599999995
 40
0.1
  1
M55
 11
1003.9235872710419
 21
1072.746775982208
 31
-1.05846599999995
100
AcDbText
  0
POINT
  5
4E6
330
1F
100
AcDbEntity
  8
PT_MURI
100
AcDbPoint
 10
1004.871743602401
 20
1072.636080527644
 30
-1.05846599999995
  0
TEXT
  5
4E7
330
1F
100
AcDbEntity
  8
PT_MURI
100
AcDbText
 10
1004.921743602401
 20
1072.686080527644
 30
-1.05846599999995
 40
0.1
  1
M56
 11
1004.921743602401
 21
1072.686080527644
 31
-1.05846599999995
100
AcDbText
  0
POINT
  5
4E8
330
1F
100
AcDbEntity
  8
PT_MURI
100
AcDbPoint
 10
1001.4898192998421
 20
1071.389048847258
 30
-1.05846599999995
  0
TEXT
  5
4E9
330
1F
100
AcDbEntity
  8
PT_MURI
100
AcDbText
 10
1001.5398192998421
 20
1071.439048847258
 30
-1.05846599999995
 40
0.1
  1
M57
 11
1001.5398192998421
 21
1071.439048847258
 31
-1.05846599999995
100
AcDbText
  0
POINT
  5
4EA
330
1F
100
AcDbEntity
  8
PT_MURI
100
AcDbPoint
 10
1002.2883443649171
 20
1071.340492483608
 30
-1.05846599999995
  0
TEXT
  5
4EB
330
1F
100
AcDbEntity
  8
PT_MURI
100
AcDbText
 10
1002.338344364917
 20
1071.3904924836079
 30
-1.05846599999995
 40
0.1
  1
M58
 11
1002.338344364917
 21
1071.3904924836079
 31
-1.05846599999995
100
AcDbText
  0
POINT
  5
4EC
330
1F
100
AcDbEntity
  8
PT_MURI
100
AcDbPoint
 10
1003.7855788619258
 20
1071.249449301764
 30
-1.05846599999995
  0
TEXT
  5
4ED
330
1F
100
AcDbEntity
  8
PT_MURI
100
AcDbText
 10
1003.8355788619258
 20
1071.2994493017638
 30
-1.05846599999995
 40
0.1
  1
M59
 11
1003.8355788619258
 21
1071.2994493017638
 31
-1.05846599999995
100
AcDbText
  0
POINT
  5
4EE
330
1F
100
AcDbEntity
  8
PT_MURI
100
AcDbPoint
 10
1004.7837351932849
 20
1071.1887538472
 30
-1.05846599999995
  0
TEXT
  5
4EF
330
1F
100
AcDbEntity
  8
PT_MURI
100
AcDbText
 10
1004.8337351932848
 20
1071.2387538471999
 30
-1.05846599999995
 40
0.1
  1
M60
 11
1004.8337351932848
 21
1071.2387538471999
 31
-1.05846599999995
100
AcDbText
  0
POINT
  5
4F0
330
1F
100
AcDbEntity
  8
PT_MURI
100
AcDbPoint
 10
1008.681984837589
 20
1070.951710784209
 30
-1.05846599999995
  0
TEXT
  5
4F1
330
1F
100
AcDbEntity
  8
PT_MURI
100
AcDbText
 10
1008.7319848375889
 20
1071.0017107842089
 30
-1.05846599999995
 40
0.1
  1
M61
 11
1008.7319848375889
 21
1071.0017107842089
 31
-1.05846599999995
100
AcDbText
  0
POINT
  5
4F2
330
1F
100
AcDbEntity
  8
PT_MURI
100
AcDbPoint
 10
1011.451419486709
 20
1070.783308210736
 30
-1.05846599999995
  0
TEXT
  5
4F3
330
1F
100
AcDbEntity
  8
PT_MURI
100
AcDbText
 10
1011.501419486709
 20
1070.833308210736
 30
-1.05846599999995
 40
0.1
  1
M62
 11
1011.501419486709
 21
1070.833308210736
 31
-1.05846599999995
100
AcDbText
  0
POINT
  5
4F4
330
1F
100
AcDbEntity
  8
PT_MURI
100
AcDbPoint
 10
1011.7508663861081
 20
1070.76509957432
 30
-1.05846599999995
  0
TEXT
  5
4F5
330
1F
100
AcDbEntity
  8
PT_MURI
100
AcDbText
 10
1011.800866386108
 20
1070.81509957432
 30
-1.05846599999995
 40
0.1
  1
M63
 11
1011.800866386108
 21
1070.81509957432
 31
-1.05846599999995
100
AcDbText
  0
POINT
  5
4F6
330
1F
100
AcDbEntity
  8
PT_MURI
100
AcDbPoint
 10
1015.364192305477
 20
1070.545382028808
 30
-1.05846599999995
  0
TEXT
  5
4F7
330
1F
100
AcDbEntity
  8
PT_MURI
100
AcDbText
 10
1015.414192305477
 20
1070.595382028808
 30
-1.05846599999995
 40
0.1
  1
M64
 11
1015.414192305477
 21
1070.595382028808
 31
-1.05846599999995
100
AcDbText
  0
POINT
  5
4F8
330
1F
100
AcDbEntity
  8
PT_MURI
100
AcDbPoint
 10
1001.471610663473
 20
1071.089601947856
 30
-1.05846599999995
  0
TEXT
  5
4F9
330
1F
100
AcDbEntity
  8
PT_MURI
100
AcDbText
 10
1001.521610663473
 20
1071.139601947856
 30
-1.05846599999995
 40
0.1
  1
M65
 11
1001.521610663473
 21
1071.139601947856
 31
-1.05846599999995
100
AcDbText
  0
POINT
  5
4FA
330
1F
100
AcDbEntity
  8
PT_MURI
100
AcDbPoint
 10
1002.270135728548
 20
1071.041045584206
 30
-1.05846599999995
  0
TEXT
  5
4FB
330
1F
100
AcDbEntity
  8
PT_MURI
100
AcDbText
 10
1002.3201357285479
 20
1071.0910455842059
 30
-1.05846599999995
 40
0.1
  1
M66
 11
1002.3201357285479
 21
1071.0910455842059
 31
-1.05846599999995
100
AcDbText
  0
POINT
  5
4FC
330
1F
100
AcDbEntity
  8
PT_MURI
100
AcDbPoint
 10
1003.767370225557
 20
1070.950002402362
 30
-1.05846599999995
  0
TEXT
  5
4FD
330
1F
100
AcDbEntity
  8
PT_MURI
100
AcDbText
 10
1003.8173702255569
 20
1071.000002402362
 30
-1.05846599999995
 40
0.1
  1
M67
 11
1003.8173702255569
 21
1071.000002402362
 31
-1.05846599999995
100
AcDbText
  0
POINT
  5
4FE
330
1F
100
AcDbEntity
  8
PT_MURI
100
AcDbPoint
 10
1004.765526556916
 20
1070.889306947798
 30
-1.05846599999995
  0
TEXT
  5
4FF
330
1F
100
AcDbEntity
  8
PT_MURI
100
AcDbText
 10
1004.815526556916
 20
1070.939306947798
 30
-1.05846599999995
 40
0.1
  1
M68
 11
1004.815526556916
 21
1070.939306947798
 31
-1.05846599999995
100
AcDbText
  0
POINT
  5
500
330
1F
100
AcDbEntity
  8
PT_MURI
100
AcDbPoint
 10
1008.6637762012201
 20
1070.652263884806
 30
-1.05846599999995
  0
TEXT
  5
501
330
1F
100
AcDbEntity
  8
PT_MURI
100
AcDbText
 10
1008.7137762012201
 20
1070.702263884806
 30
-1.05846599999995
 40
0.1
  1
M69
 11
1008.7137762012201
 21
1070.702263884806
 31
-1.05846599999995
100
AcDbText
  0
POINT
  5
502
330
1F
100
AcDbEntity
  8
PT_MURI
100
AcDbPoint
 10
1013.599210089262
 20
1070.352152174891
 30
-1.05846599999995
  0
TEXT
  5
503
330
1F
100
AcDbEntity
  8
PT_MURI
100
AcDbText
 10
1013.6492100892619
 20
1070.402152174891
 30
-1.05846599999995
 40
0.1
  1
M70
 11
1013.6492100892619
 21
1070.402152174891
 31
-1.05846599999995
100
AcDbText
  0
POINT
  5
504
330
1F
100
AcDbEntity
  8
PT_MURI
100
AcDbPoint
 10
1013.898656988664
 20
1070.333943538522
 30
-1.05846599999995
  0
TEXT
  5
505
330
1F
100
AcDbEntity
  8
PT_MURI
100
AcDbText
 10
1013.948656988664
 20
1070.3839435385219
 30
-1.05846599999995
 40
0.1
  1
M71
 11
1013.948656988664
 21
1070.3839435385219
 31
-1.05846599999995
100
AcDbText
  0
POINT
  5
506
330
1F
100
AcDbEntity
  8
PT_MURI
100
AcDbPoint
 10
1015.6454305685102
 20
1070.227726493037
 30
-1.05846599999995
  0
TEXT
  5
507
330
1F
100
AcDbEntity
  8
PT_MURI
100
AcDbText
 10
1015.6954305685101
 20
1070.2777264930369
 30
-1.05846599999995
 40
0.1
  1
M72
 11
1015.6954305685101
 21
1070.2777264930369
 31
-1.05846599999995
100
AcDbText
  0
POINT
  5
508
330
1F
100
AcDbEntity
  8
PT_MURI
100
AcDbPoint
 10
1001.1499247542911
 20
1065.799373391751
 30
-1.05846599999995
  0
TEXT
  5
509
330
1F
100
AcDbEntity
  8
PT_MURI
100
AcDbText
 10
1001.199924754291
 20
1065.849373391751
 30
-1.05846599999995
 40
0.1
  1
M73
 11
1001.199924754291
 21
1065.849373391751
 31
-1.05846599999995
100
AcDbText
  0
POINT
  5
50A
330
1F
100
AcDbEntity
  8
PT_MURI
100
AcDbPoint
 10
1004.443840647715
 20
1065.599078391694
 30
-1.05846599999995
  0
TEXT
  5
50B
330
1F
100
AcDbEntity
  8
PT_MURI
100
AcDbText
 10
1004.4938406477149
 20
1065.649078391694
 30
-1.05846599999995
 40
0.1
  1
M74
 11
1004.4938406477149
 21
1065.649078391694
 31
-1.05846599999995
100
AcDbText
  0
POINT
  5
50C
330
1F
100
AcDbEntity
  8
PT_MURI
100
AcDbPoint
 10
1006.2405220441301
 20
1065.489826573481
 30
-1.05846599999995
  0
TEXT
  5
50D
330
1F
100
AcDbEntity
  8
PT_MURI
100
AcDbText
 10
1006.2905220441301
 20
1065.539826573481
 30
-1.05846599999995
 40
0.1
  1
M75
 11
1006.2905220441301
 21
1065.539826573481
 31
-1.05846599999995
100
AcDbText
  0
POINT
  5
50E
330
1F
100
AcDbEntity
  8
PT_MURI
100
AcDbPoint
 10
1009.4845301209889
 20
1065.292566346151
 30
-1.05846599999995
  0
TEXT
  5
50F
330
1F
100
AcDbEntity
  8
PT_MURI
100
AcDbText
 10
1009.5345301209888
 20
1065.342566346151
 30
-1.05846599999995
 40
0.1
  1
M76
 11
1009.5345301209888
 21
1065.342566346151
 31
-1.05846599999995
100
AcDbText
  0
POINT
  5
510
330
1F
100
AcDbEntity
  8
PT_MURI
100
AcDbPoint
 10
1010.931856801431
 20
1065.204557937035
 30
-1.05846599999995
  0
TEXT
  5
511
330
1F
100
AcDbEntity
  8
PT_MURI
100
AcDbText
 10
1010.9818568014309
 20
1065.2545579370349
 30
-1.05846599999995
 40
0.1
  1
M77
 11
1010.9818568014309
 21
1065.2545579370349
 31
-1.05846599999995
100
AcDbText
  0
POINT
  5
512
330
1F
100
AcDbEntity
  8
PT_MURI
100
AcDbPoint
 10
1013.27752418008
 20
1065.061923618813
 30
-1.05846599999995
  0
TEXT
  5
513
330
1F
100
AcDbEntity
  8
PT_MURI
100
AcDbText
 10
1013.32752418008
 20
1065.1119236188129
 30
-1.05846599999995
 40
0.1
  1
M78
 11
1013.32752418008
 21
1065.1119236188129
 31
-1.05846599999995
100
AcDbText
  0
POINT
  5
514
330
1F
100
AcDbEntity
  8
PT_MURI
100
AcDbPoint
 10
1001.131716117922
 20
1065.499926492348
 30
-1.05846599999995
  0
TEXT
  5
515
330
1F
100
AcDbEntity
  8
PT_MURI
100
AcDbText
 10
1001.181716117922
 20
1065.549926492348
 30
-1.05846599999995
 40
0.1
  1
M79
 11
1001.181716117922
 21
1065.549926492348
 31
-1.05846599999995
100
AcDbText
  0
POINT
  5
516
330
1F
100
AcDbEntity
  8
PT_MURI
100
AcDbPoint
 10
1004.1261851119439
 20
1065.31784012866
 30
-1.05846599999995
  0
TEXT
  5
517
330
1F
100
AcDbEntity
  8
PT_MURI
100
AcDbText
 10
1004.1761851119438
 20
1065.36784012866
 30
-1.05846599999995
 40
0.1
  1
M80
 11
1004.1761851119438
 21
1065.36784012866
 31
-1.05846599999995
100
AcDbText
  0
POINT
  5
518
330
1F
100
AcDbEntity
  8
PT_MURI
100
AcDbPoint
 10
1006.222313407761
 20
1065.190379674078
 30
-1.05846599999995
  0
TEXT
  5
519
330
1F
100
AcDbEntity
  8
PT_MURI
100
AcDbText
 10
1006.272313407761
 20
1065.240379674078
 30
-1.05846599999995
 40
0.1
  1
M81
 11
1006.272313407761
 21
1065.240379674078
 31
-1.05846599999995
100
AcDbText
  0
POINT
  5
51A
330
1F
100
AcDbEntity
  8
PT_MURI
100
AcDbPoint
 10
1009.46632148462
 20
1064.993119446749
 30
-1.05846599999995
  0
TEXT
  5
51B
330
1F
100
AcDbEntity
  8
PT_MURI
100
AcDbText
 10
1009.51632148462
 20
1065.043119446749
 30
-1.05846599999995
 40
0.1
  1
M82
 11
1009.51632148462
 21
1065.043119446749
 31
-1.05846599999995
100
AcDbText
  0
POINT
  5
51C
330
1F
100
AcDbEntity
  8
PT_MURI
100
AcDbPoint
 10
1011.2130950644641
 20
1064.886902401264
 30
-1.05846599999995
  0
TEXT
  5
51D
330
1F
100
AcDbEntity
  8
PT_MURI
100
AcDbText
 10
1011.2630950644641
 20
1064.936902401264
 30
-1.05846599999995
 40
0.1
  1
M83
 11
1011.2630950644641
 21
1064.936902401264
 31
-1.05846599999995
100
AcDbText
  0
POINT
  5
51E
330
1F
100
AcDbEntity
  8
PT_MURI
100
AcDbPoint
 10
1013.5587624431141
 20
1064.744268083042
 30
-1.05846599999995
  0
TEXT
  5
51F
330
1F
100
AcDbEntity
  8
PT_MURI
100
AcDbText
 10
1013.6087624431141
 20
1064.794268083042
 30
-1.05846599999995
 40
0.1
  1
M84
 11
1013.6087624431141
 21
1064.794268083042
 31
-1.05846599999995
100
AcDbText
  0
POINT
  5
520
330
1F
100
AcDbEntity
  8
PT_MURI
100
AcDbPoint
 10
1003.9805160209921
 20
1062.922264933422
 30
-1.05846599999995
  0
TEXT
  5
521
330
1F
100
AcDbEntity
  8
PT_MURI
100
AcDbText
 10
1004.0305160209921
 20
1062.972264933422
 30
-1.05846599999995
 40
0.1
  1
M85
 11
1004.0305160209921
 21
1062.972264933422
 31
-1.05846599999995
100
AcDbText
  0
POINT
  5
522
330
1F
100
AcDbEntity
  8
PT_MURI
100
AcDbPoint
 10
1004.2799629203942
 20
1062.904056297053
 30
-1.05846599999995
  0
TEXT
  5
523
330
1F
100
AcDbEntity
  8
PT_MURI
100
AcDbText
 10
1004.3299629203941
 20
1062.954056297053
 30
-1.05846599999995
 40
0.1
  1
M86
 11
1004.3299629203941
 21
1062.954056297053
 31
-1.05846599999995
100
AcDbText
  0
POINT
  5
524
330
1F
100
AcDbEntity
  8
PT_MURI
100
AcDbPoint
 10
1003.90161193006
 20
1061.624661702678
 30
-1.05846599999995
  0
TEXT
  5
525
330
1F
100
AcDbEntity
  8
PT_MURI
100
AcDbText
 10
1003.9516119300599
 20
1061.674661702678
 30
-1.05846599999995
 40
0.1
  1
M87
 11
1003.9516119300599
 21
1061.674661702678
 31
-1.05846599999995
100
AcDbText
  0
POINT
  5
526
330
1F
100
AcDbEntity
  8
PT_MURI
100
AcDbPoint
 10
1004.201058829462
 20
1061.606453066309
 30
-1.05846599999995
  0
TEXT
  5
527
330
1F
100
AcDbEntity
  8
PT_MURI
100
AcDbText
 10
1004.251058829462
 20
1061.656453066309
 30
-1.05846599999995
 40
0.1
  1
M88
 11
1004.251058829462
 21
1061.656453066309
 31
-1.05846599999995
100
AcDbText
  0
POINT
  5
528
330
1F
100
AcDbEntity
  8
PT_MURI
100
AcDbPoint
 10
1010.918722109835
 20
1060.045844194272
 30
-1.05846599999995
  0
TEXT
  5
529
330
1F
100
AcDbEntity
  8
PT_MURI
100
AcDbText
 10
1010.968722109835
 20
1060.0958441942719
 30
-1.05846599999995
 40
0.1
  1
M89
 11
1010.968722109835
 21
1060.0958441942719
 31
-1.05846599999995
100
AcDbText
  0
POINT
  5
52A
330
1F
100
AcDbEntity
  8
PT_MURI
100
AcDbPoint
 10
1011.268076825758
 20
1060.024600785178
 30
-1.05846599999995
  0
TEXT
  5
52B
330
1F
100
AcDbEntity
  8
PT_MURI
100
AcDbText
 10
1011.318076825758
 20
1060.074600785178
 30
-1.05846599999995
 40
0.1
  1
M90
 11
1011.318076825758
 21
1060.074600785178
 31
-1.05846599999995
100
AcDbText
  0
POINT
  5
52C
330
1F
100
AcDbEntity
  8
PT_MURI
100
AcDbPoint
 10
1003.816638293798
 20
1060.227242838837
 30
-1.05846599999995
  0
TEXT
  5
52D
330
1F
100
AcDbEntity
  8
PT_MURI
100
AcDbText
 10
1003.8666382937979
 20
1060.2772428388369
 30
-1.05846599999995
 40
0.1
  1
M91
 11
1003.8666382937979
 21
1060.2772428388369
 31
-1.05846599999995
100
AcDbText
  0
POINT
  5
52E
330
1F
100
AcDbEntity
  8
PT_MURI
100
AcDbPoint
 10
1004.1160851932
 20
1060.209034202468
 30
-1.05846599999995
  0
TEXT
  5
52F
330
1F
100
AcDbEntity
  8
PT_MURI
100
AcDbText
 10
1004.1660851931999
 20
1060.259034202468
 30
-1.05846599999995
 40
0.1
  1
M92
 11
1004.1660851931999
 21
1060.259034202468
 31
-1.05846599999995
100
AcDbText
  0
POINT
  5
530
330
1F
100
AcDbEntity
  8
PT_MURI
100
AcDbPoint
 10
1010.588927483152
 20
1059.564974664971
 30
-1.05846599999995
  0
TEXT
  5
531
330
1F
100
AcDbEntity
  8
PT_MURI
100
AcDbText
 10
1010.638927483152
 20
1059.614974664971
 30
-1.05846599999995
 40
0.1
  1
M93
 11
1010.638927483152
 21
1059.614974664971
 31
-1.05846599999995
100
AcDbText
  0
POINT
  5
532
330
1F
100
AcDbEntity
  8
PT_MURI
100
AcDbPoint
 10
1010.9382821990739
 20
1059.543731255877
 30
-1.05846599999995
  0
TEXT
  5
533
330
1F
100
AcDbEntity
  8
PT_MURI
100
AcDbText
 10
1010.9882821990739
 20
1059.593731255877
 30
-1.05846599999995
 40
0.1
  1
M94
 11
1010.9882821990739
 21
1059.593731255877
 31
-1.05846599999995
100
AcDbText
  0
POINT
  5
534
330
1F
100
AcDbEntity
  8
PT_MURI
100
AcDbPoint
 10
1000.494499013877
 20
1059.963395144788
 30
-1.05846599999995
  0
TEXT
  5
535
330
1F
100
AcDbEntity
  8
PT_MURI
100
AcDbText
 10
1000.5444990138769
 20
1060.0133951447879
 30
-1.05846599999995
 40
0.1
  1
M95
 11
1000.5444990138769
 21
1060.0133951447879
 31
-1.05846599999995
100
AcDbText
  0
POINT
  5
536
330
1F
100
AcDbEntity
  8
PT_MURI
100
AcDbPoint
 10
1003.716490793644
 20
1058.580284892097
 30
-1.05846599999995
  0
TEXT
  5
537
330
1F
100
AcDbEntity
  8
PT_MURI
100
AcDbText
 10
1003.7664907936439
 20
1058.630284892097
 30
-1.05846599999995
 40
0.1
  1
M96
 11
1003.7664907936439
 21
1058.630284892097
 31
-1.05846599999995
100
AcDbText
  0
POINT
  5
538
330
1F
100
AcDbEntity
  8
PT_MURI
100
AcDbPoint
 10
1004.015937693046
 20
1058.562076255728
 30
-1.05846599999995
  0
TEXT
  5
539
330
1F
100
AcDbEntity
  8
PT_MURI
100
AcDbText
 10
1004.065937693046
 20
1058.612076255728
 30
-1.05846599999995
 40
0.1
  1
M97
 11
1004.065937693046
 21
1058.612076255728
 31
-1.05846599999995
100
AcDbText
  0
POINT
  5
53A
330
1F
100
AcDbEntity
  8
PT_MURI
100
AcDbPoint
 10
1005.7883409076389
 20
1058.053561905026
 30
-1.05846599999995
  0
TEXT
  5
53B
330
1F
100
AcDbEntity
  8
PT_MURI
100
AcDbText
 10
1005.8383409076389
 20
1058.103561905026
 30
-1.05846599999995
 40
0.1
  1
M98
 11
1005.8383409076389
 21
1058.103561905026
 31
-1.05846599999995
100
AcDbText
  0
POINT
  5
53C
330
1F
100
AcDbEntity
  8
PT_MURI
100
AcDbPoint
 10
1010.8290303808631
 20
1057.747049859487
 30
-1.05846599999995
  0
TEXT
  5
53D
330
1F
100
AcDbEntity
  8
PT_MURI
100
AcDbText
 10
1010.879030380863
 20
1057.797049859487
 30
-1.05846599999995
 40
0.1
  1
M99
 11
1010.879030380863
 21
1057.797049859487
 31
-1.05846599999995
100
AcDbText
  0
POINT
  5
53E
330
1F
100
AcDbEntity
  8
PT_MURI
100
AcDbPoint
 10
1005.770132271271
 20
1057.754115005624
 30
-1.05846599999995
  0
TEXT
  5
53F
330
1F
100
AcDbEntity
  8
PT_MURI
100
AcDbText
 10
1005.820132271271
 20
1057.804115005624
 30
-1.05846599999995
 40
0.1
  1
M100
 11
1005.820132271271
 21
1057.804115005624
 31
-1.05846599999995
100
AcDbText
  0
POINT
  5
540
330
1F
100
AcDbEntity
  8
PT_MURI
100
AcDbPoint
 10
1006.4087202254163
 20
1057.7152840280112
 30
-1.05846599999995
  0
TEXT
  5
541
330
1F
100
AcDbEntity
  8
PT_MURI
100
AcDbText
 10
1006.4587202254163
 20
1057.7652840280111
 30
-1.05846599999995
 40
0.1
  1
M101
 11
1006.4587202254163
 21
1057.7652840280111
 31
-1.05846599999995
100
AcDbText
  0
POINT
  5
542
330
1F
100
AcDbEntity
  8
PT_MURI
100
AcDbPoint
 10
1008.1260133111418
 20
1057.6108596195468
 30
-1.05846599999995
  0
TEXT
  5
543
330
1F
100
AcDbEntity
  8
PT_MURI
100
AcDbText
 10
1008.1760133111418
 20
1057.6608596195467
 30
-1.05846599999995
 40
0.1
  1
M102
 11
1008.1760133111418
 21
1057.6608596195467
 31
-1.05846599999995
100
AcDbText
  0
POINT
  5
544
330
1F
100
AcDbEntity
  8
PT_MURI
100
AcDbPoint
 10
1010.810821744494
 20
1057.447602960085
 30
-1.05846599999995
  0
TEXT
  5
545
330
1F
100
AcDbEntity
  8
PT_MURI
100
AcDbText
 10
1010.8608217444939
 20
1057.497602960085
 30
-1.05846599999995
 40
0.1
  1
M103
 11
1010.8608217444939
 21
1057.497602960085
 31
-1.05846599999995
100
AcDbText
  0
POINT
  5
546
330
1F
100
AcDbEntity
  8
PT_MURI
100
AcDbPoint
 10
1005.8409247960801
 20
1057.3513961997364
 30
-1.05846599999995
  0
TEXT
  5
547
330
1F
100
AcDbEntity
  8
PT_MURI
100
AcDbText
 10
1005.8909247960801
 20
1057.4013961997364
 30
-1.05846599999995
 40
0.1
  1
M104
 11
1005.8909247960801
 21
1057.4013961997364
 31
-1.05846599999995
100
AcDbText
  0
POINT
  5
548
330
1F
100
AcDbEntity
  8
PT_MURI
100
AcDbPoint
 10
1003.643656248169
 20
1057.382497294489
 30
-1.05846599999995
  0
TEXT
  5
549
330
1F
100
AcDbEntity
  8
PT_MURI
100
AcDbText
 10
1003.693656248169
 20
1057.432497294489
 30
-1.05846599999995
 40
0.1
  1
M105
 11
1003.693656248169
 21
1057.432497294489
 31
-1.05846599999995
100
AcDbText
  0
POINT
  5
54A
330
1F
100
AcDbEntity
  8
PT_MURI
100
AcDbPoint
 10
1003.943103147571
 20
1057.36428865812
 30
-1.05846599999995
  0
TEXT
  5
54B
330
1F
100
AcDbEntity
  8
PT_MURI
100
AcDbText
 10
1003.993103147571
 20
1057.4142886581199
 30
-1.05846599999995
 40
0.1
  1
M106
 11
1003.993103147571
 21
1057.4142886581199
 31
-1.05846599999995
100
AcDbText
  0
POINT
  5
54C
330
1F
100
AcDbEntity
  8
PT_MURI
100
AcDbPoint
 10
1006.044179004022
 20
1057.130743143178
 30
-1.05846599999995
  0
TEXT
  5
54D
330
1F
100
AcDbEntity
  8
PT_MURI
100
AcDbText
 10
1006.094179004022
 20
1057.180743143178
 30
-1.05846599999995
 40
0.1
  1
M107
 11
1006.094179004022
 21
1057.180743143178
 31
-1.05846599999995
100
AcDbText
  0
POINT
  5
54E
330
1F
100
AcDbEntity
  8
PT_MURI
100
AcDbPoint
 10
998.2323686498341
 20
1057.360898033158
 30
-1.05846599999995
  0
TEXT
  5
54F
330
1F
100
AcDbEntity
  8
PT_MURI
100
AcDbText
 10
998.2823686498341
 20
1057.410898033158
 30
-1.05846599999995
 40
0.1
  1
M108
 11
998.2823686498341
 21
1057.410898033158
 31
-1.05846599999995
100
AcDbText
  0
POINT
  5
550
330
1F
100
AcDbEntity
  8
PT_MURI
100
AcDbPoint
 10
1000.3284969456481
 20
1057.233437578577
 30
-1.05846599999995
  0
TEXT
  5
551
330
1F
100
AcDbEntity
  8
PT_MURI
100
AcDbText
 10
1000.3784969456481
 20
1057.283437578577
 30
-1.05846599999995
 40
0.1
  1
M109
 11
1000.3784969456481
 21
1057.283437578577
 31
-1.05846599999995
100
AcDbText
  0
POINT
  5
552
330
1F
100
AcDbEntity
  8
PT_MURI
100
AcDbPoint
 10
998.5136069128675
 20
1057.043242497387
 30
-1.05846599999995
  0
TEXT
  5
553
330
1F
100
AcDbEntity
  8
PT_MURI
100
AcDbText
 10
998.5636069128675
 20
1057.0932424973869
 30
-1.05846599999995
 40
0.1
  1
M110
 11
998.5636069128675
 21
1057.0932424973869
 31
-1.05846599999995
100
AcDbText
  0
POINT
  5
554
330
1F
100
AcDbEntity
  8
PT_MURI
100
AcDbPoint
 10
1000.6097352086808
 20
1056.915782042805
 30
-1.05846599999995
  0
TEXT
  5
555
330
1F
100
AcDbEntity
  8
PT_MURI
100
AcDbText
 10
1000.6597352086808
 20
1056.965782042805
 30
-1.05846599999995
 40
0.1
  1
M111
 11
1000.6597352086808
 21
1056.965782042805
 31
-1.05846599999995
100
AcDbText
  0
POINT
  5
556
330
1F
100
AcDbEntity
  8
PT_MURI
100
AcDbPoint
 10
1008.8081076695046
 20
1055.8161507438576
 30
-1.05846599999995
  0
TEXT
  5
557
330
1F
100
AcDbEntity
  8
PT_MURI
100
AcDbText
 10
1008.8581076695045
 20
1055.8661507438576
 30
-1.05846599999995
 40
0.1
  1
M112
 11
1008.8581076695045
 21
1055.8661507438576
 31
-1.05846599999995
100
AcDbText
  0
POINT
  5
558
330
1F
100
AcDbEntity
  8
PT_MURI
100
AcDbPoint
 10
1009.1075545689067
 20
1055.7979421074888
 30
-1.05846599999995
  0
TEXT
  5
559
330
1F
100
AcDbEntity
  8
PT_MURI
100
AcDbText
 10
1009.1575545689067
 20
1055.8479421074887
 30
-1.05846599999995
 40
0.1
  1
M113
 11
1009.1575545689067
 21
1055.8479421074887
 31
-1.05846599999995
100
AcDbText
  0
POINT
  5
55A
330
1F
100
AcDbEntity
  8
PT_MURI
100
AcDbPoint
 10
998.1364698316252
 20
1055.783811029641
 30
-1.05846599999995
  0
TEXT
  5
55B
330
1F
100
AcDbEntity
  8
PT_MURI
100
AcDbText
 10
998.1864698316251
 20
1055.8338110296409
 30
-1.05846599999995
 40
0.1
  1
M114
 11
998.1864698316251
 21
1055.8338110296409
 31
-1.05846599999995
100
AcDbText
  0
POINT
  5
55C
330
1F
100
AcDbEntity
  8
PT_MURI
100
AcDbPoint
 10
1007.061002222762
 20
1054.2693402971724
 30
-1.05846599999995
  0
TEXT
  5
55D
330
1F
100
AcDbEntity
  8
PT_MURI
100
AcDbText
 10
1007.111002222762
 20
1054.3193402971724
 30
-1.05846599999995
 40
0.1
  1
M115
 11
1007.111002222762
 21
1054.3193402971724
 31
-1.05846599999995
100
AcDbText
  0
POINT
  5
55E
330
1F
100
AcDbEntity
  8
PT_MURI
100
AcDbPoint
 10
1003.46156988448
 20
1054.388028300467
 30
-1.05846599999995
  0
TEXT
  5
55F
330
1F
100
AcDbEntity
  8
PT_MURI
100
AcDbText
 10
1003.51156988448
 20
1054.438028300467
 30
-1.05846599999995
 40
0.1
  1
M116
 11
1003.51156988448
 21
1054.438028300467
 31
-1.05846599999995
100
AcDbText
  0
POINT
  5
560
330
1F
100
AcDbEntity
  8
PT_MURI
100
AcDbPoint
 10
1003.761016783882
 20
1054.369819664098
 30
-1.05846599999995
  0
TEXT
  5
561
330
1F
100
AcDbEntity
  8
PT_MURI
100
AcDbText
 10
1003.811016783882
 20
1054.419819664098
 30
-1.05846599999995
 40
0.1
  1
M117
 11
1003.811016783882
 21
1054.419819664098
 31
-1.05846599999995
100
AcDbText
  0
POINT
  5
562
330
1F
100
AcDbEntity
  8
PT_MURI
100
AcDbPoint
 10
1007.0427935863931
 20
1053.9698933977704
 30
-1.05846599999995
  0
TEXT
  5
563
330
1F
100
AcDbEntity
  8
PT_MURI
100
AcDbText
 10
1007.0927935863931
 20
1054.0198933977704
 30
-1.05846599999995
 40
0.1
  1
M118
 11
1007.0927935863931
 21
1054.0198933977704
 31
-1.05846599999995
100
AcDbText
  0
POINT
  5
564
330
1F
100
AcDbEntity
  8
PT_MURI
100
AcDbPoint
 10
998.0053676497696
 20
1053.627793353946
 30
-1.05846599999995
  0
TEXT
  5
565
330
1F
100
AcDbEntity
  8
PT_MURI
100
AcDbText
 10
998.0553676497696
 20
1053.6777933539458
 30
-1.05846599999995
 40
0.1
  1
M119
 11
998.0553676497696
 21
1053.6777933539458
 31
-1.05846599999995
100
AcDbText
  0
POINT
  5
566
330
1F
100
AcDbEntity
  8
PT_MURI
100
AcDbPoint
 10
1006.972831153392
 20
1052.831381261763
 30
-1.05846599999995
  0
TEXT
  5
567
330
1F
100
AcDbEntity
  8
PT_MURI
100
AcDbText
 10
1007.022831153392
 20
1052.881381261763
 30
-1.05846599999995
 40
0.1
  1
M120
 11
1007.022831153392
 21
1052.881381261763
 31
-1.05846599999995
100
AcDbText
  0
POINT
  5
568
330
1F
100
AcDbEntity
  8
PT_MURI
100
AcDbPoint
 10
1007.272259702758
 20
1052.813173741215
 30
-1.05846599999995
  0
TEXT
  5
569
330
1F
100
AcDbEntity
  8
PT_MURI
100
AcDbText
 10
1007.322259702758
 20
1052.863173741215
 30
-1.05846599999995
 40
0.1
  1
M121
 11
1007.322259702758
 21
1052.863173741215
 31
-1.05846599999995
100
AcDbText
  0
POINT
  5
56A
330
1F
100
AcDbEntity
  8
PT_MURI
100
AcDbPoint
 10
1004.8764398425001
 20
1052.358410194963
 30
-1.05846599999995
  0
TEXT
  5
56B
330
1F
100
AcDbEntity
  8
PT_MURI
100
AcDbText
 10
1004.9264398425
 20
1052.408410194963
 30
-1.05846599999995
 40
0.1
  1
M122
 11
1004.9264398425
 21
1052.408410194963
 31
-1.05846599999995
100
AcDbText
  0
POINT
  5
56C
330
1F
100
AcDbEntity
  8
PT_MURI
100
AcDbPoint
 10
1005.175886741114
 20
1052.340201545644
 30
-1.05846599999995
  0
TEXT
  5
56D
330
1F
100
AcDbEntity
  8
PT_MURI
100
AcDbText
 10
1005.225886741114
 20
1052.390201545644
 30
-1.05846599999995
 40
0.1
  1
M123
 11
1005.225886741114
 21
1052.390201545644
 31
-1.05846599999995
100
AcDbText
  0
POINT
  5
56E
330
1F
100
AcDbEntity
  8
PT_MURI
100
AcDbPoint
 10
1009.647246718409
 20
1051.657551739207
 30
-1.05846599999995
  0
TEXT
  5
56F
330
1F
100
AcDbEntity
  8
PT_MURI
100
AcDbText
 10
1009.6972467184089
 20
1051.707551739207
 30
-1.05846599999995
 40
0.1
  1
M124
 11
1009.6972467184089
 21
1051.707551739207
 31
-1.05846599999995
100
AcDbText
  0
POINT
  5
570
330
1F
100
AcDbEntity
  8
PT_MURI
100
AcDbPoint
 10
1010.4557533353
 20
1051.60838842171
 30
-1.05846599999995
  0
TEXT
  5
571
330
1F
100
AcDbEntity
  8
PT_MURI
100
AcDbText
 10
1010.5057533352999
 20
1051.65838842171
 30
-1.05846599999995
 40
0.1
  1
M125
 11
1010.5057533352999
 21
1051.65838842171
 31
-1.05846599999995
100
AcDbText
  0
POINT
  5
572
330
1F
100
AcDbEntity
  8
PT_MURI
100
AcDbPoint
 10
1010.755200352562
 20
1051.590179766212
 30
-1.05846599999995
  0
TEXT
  5
573
330
1F
100
AcDbEntity
  8
PT_MURI
100
AcDbText
 10
1010.805200352562
 20
1051.640179766212
 30
-1.05846599999995
 40
0.1
  1
M126
 11
1010.805200352562
 21
1051.640179766212
 31
-1.05846599999995
100
AcDbText
  0
POINT
  5
574
330
1F
100
AcDbEntity
  8
PT_MURI
100
AcDbPoint
 10
1010.924886910298
 20
1051.579861540067
 30
-1.05846599999995
  0
TEXT
  5
575
330
1F
100
AcDbEntity
  8
PT_MURI
100
AcDbText
 10
1010.974886910298
 20
1051.629861540067
 30
-1.05846599999995
 40
0.1
  1
M127
 11
1010.974886910298
 21
1051.629861540067
 31
-1.05846599999995
100
AcDbText
  0
POINT
  5
576
330
1F
100
AcDbEntity
  8
PT_MURI
100
AcDbPoint
 10
1005.1388625138279
 20
1051.731326183478
 30
-1.05846599999995
  0
TEXT
  5
577
330
1F
100
AcDbEntity
  8
PT_MURI
100
AcDbText
 10
1005.1888625138279
 20
1051.7813261834779
 30
-1.05846599999995
 40
0.1
  1
M128
 11
1005.1888625138279
 21
1051.7813261834779
 31
-1.05846599999995
100
AcDbText
  0
POINT
  5
578
330
1F
100
AcDbEntity
  8
PT_MURI
100
AcDbPoint
 10
1006.8994113319031
 20
1051.624271499368
 30
-1.05846599999995
  0
TEXT
  5
579
330
1F
100
AcDbEntity
  8
PT_MURI
100
AcDbText
 10
1006.9494113319031
 20
1051.674271499368
 30
-1.05846599999995
 40
0.1
  1
M129
 11
1006.9494113319031
 21
1051.674271499368
 31
-1.05846599999995
100
AcDbText
  0
POINT
  5
57A
330
1F
100
AcDbEntity
  8
PT_MURI
100
AcDbPoint
 10
1004.821206978017
 20
1051.450087920437
 30
-1.05846599999995
  0
TEXT
  5
57B
330
1F
100
AcDbEntity
  8
PT_MURI
100
AcDbText
 10
1004.871206978017
 20
1051.500087920437
 30
-1.05846599999995
 40
0.1
  1
M130
 11
1004.871206978017
 21
1051.500087920437
 31
-1.05846599999995
100
AcDbText
  0
POINT
  5
57C
330
1F
100
AcDbEntity
  8
PT_MURI
100
AcDbPoint
 10
1005.9436836804671
 20
1051.381832847064
 30
-1.05846599999995
  0
TEXT
  5
57D
330
1F
100
AcDbEntity
  8
PT_MURI
100
AcDbText
 10
1005.993683680467
 20
1051.431832847064
 30
-1.05846599999995
 40
0.1
  1
M131
 11
1005.993683680467
 21
1051.431832847064
 31
-1.05846599999995
100
AcDbText
  0
POINT
  5
57E
330
1F
100
AcDbEntity
  8
PT_MURI
100
AcDbPoint
 10
1006.2431305798691
 20
1051.363624210695
 30
-1.05846599999995
  0
TEXT
  5
57F
330
1F
100
AcDbEntity
  8
PT_MURI
100
AcDbText
 10
1006.2931305798691
 20
1051.413624210695
 30
-1.05846599999995
 40
0.1
  1
M132
 11
1006.2931305798691
 21
1051.413624210695
 31
-1.05846599999995
100
AcDbText
  0
POINT
  5
580
330
1F
100
AcDbEntity
  8
PT_MURI
100
AcDbPoint
 10
1007.181397531207
 20
1051.306570483366
 30
-1.05846599999995
  0
TEXT
  5
581
330
1F
100
AcDbEntity
  8
PT_MURI
100
AcDbText
 10
1007.231397531207
 20
1051.3565704833659
 30
-1.05846599999995
 40
0.1
  1
M133
 11
1007.231397531207
 21
1051.3565704833659
 31
-1.05846599999995
100
AcDbText
  0
POINT
  5
582
330
1F
100
AcDbEntity
  8
PT_MURI
100
AcDbPoint
 10
1009.6168989911271
 20
1051.158473573537
 30
-1.05846599999995
  0
TEXT
  5
583
330
1F
100
AcDbEntity
  8
PT_MURI
100
AcDbText
 10
1009.666898991127
 20
1051.208473573537
 30
-1.05846599999995
 40
0.1
  1
M134
 11
1009.666898991127
 21
1051.208473573537
 31
-1.05846599999995
100
AcDbText
  0
POINT
  5
584
330
1F
100
AcDbEntity
  8
PT_MURI
100
AcDbPoint
 10
1009.866438073962
 20
1051.143299709893
 30
-1.05846599999995
  0
TEXT
  5
585
330
1F
100
AcDbEntity
  8
PT_MURI
100
AcDbText
 10
1009.9164380739619
 20
1051.193299709893
 30
-1.05846599999995
 40
0.1
  1
M135
 11
1009.9164380739619
 21
1051.193299709893
 31
-1.05846599999995
100
AcDbText
  0
POINT
  5
586
330
1F
100
AcDbEntity
  8
PT_MURI
100
AcDbPoint
 10
1010.645000116094
 20
1051.095957249032
 30
-1.05846599999995
  0
TEXT
  5
587
330
1F
100
AcDbEntity
  8
PT_MURI
100
AcDbText
 10
1010.695000116094
 20
1051.1459572490319
 30
-1.05846599999995
 40
0.1
  1
M136
 11
1010.695000116094
 21
1051.1459572490319
 31
-1.05846599999995
100
AcDbText
  0
POINT
  5
588
330
1F
100
AcDbEntity
  8
PT_MURI
100
AcDbPoint
 10
998.1842096128116
 20
1051.626197630584
 30
-1.05846599999995
  0
TEXT
  5
589
330
1F
100
AcDbEntity
  8
PT_MURI
100
AcDbText
 10
998.2342096128116
 20
1051.676197630584
 30
-1.05846599999995
 40
0.1
  1
M137
 11
998.2342096128116
 21
1051.676197630584
 31
-1.05846599999995
100
AcDbText
  0
POINT
  5
58A
330
1F
100
AcDbEntity
  8
PT_MURI
100
AcDbPoint
 10
1003.274806902647
 20
1051.316650812314
 30
-1.05846599999995
  0
TEXT
  5
58B
330
1F
100
AcDbEntity
  8
PT_MURI
100
AcDbText
 10
1003.324806902647
 20
1051.366650812314
 30
-1.05846599999995
 40
0.1
  1
M138
 11
1003.324806902647
 21
1051.366650812314
 31
-1.05846599999995
100
AcDbText
  0
POINT
  5
58C
330
1F
100
AcDbEntity
  8
PT_MURI
100
AcDbPoint
 10
998.1660009765656
 20
1051.326750731175
 30
-1.05846599999995
  0
TEXT
  5
58D
330
1F
100
AcDbEntity
  8
PT_MURI
100
AcDbText
 10
998.2160009765655
 20
1051.376750731175
 30
-1.05846599999995
 40
0.1
  1
M139
 11
998.2160009765655
 21
1051.376750731175
 31
-1.05846599999995
100
AcDbText
  0
POINT
  5
58E
330
1F
100
AcDbEntity
  8
PT_MURI
100
AcDbPoint
 10
1003.2565982664009
 20
1051.017203912905
 30
-1.05846599999995
  0
TEXT
  5
58F
330
1F
100
AcDbEntity
  8
PT_MURI
100
AcDbText
 10
1003.3065982664009
 20
1051.067203912905
 30
-1.05846599999995
 40
0.1
  1
M140
 11
1003.3065982664009
 21
1051.067203912905
 31
-1.05846599999995
100
AcDbText
  0
POINT
  5
590
330
1F
100
AcDbEntity
  8
PT_MURI
100
AcDbPoint
 10
1003.231588704349
 20
1050.605913596574
 30
-1.05846599999995
  0
TEXT
  5
591
330
1F
100
AcDbEntity
  8
PT_MURI
100
AcDbText
 10
1003.2815887043489
 20
1050.655913596574
 30
-1.05846599999995
 40
0.1
  1
M141
 11
1003.2815887043489
 21
1050.655913596574
 31
-1.05846599999995
100
AcDbText
  0
POINT
  5
592
330
1F
100
AcDbEntity
  8
PT_MURI
100
AcDbPoint
 10
1003.531035603751
 20
1050.587704960206
 30
-1.05846599999995
  0
TEXT
  5
593
330
1F
100
AcDbEntity
  8
PT_MURI
100
AcDbText
 10
1003.5810356037509
 20
1050.637704960206
 30
-1.05846599999995
 40
0.1
  1
M142
 11
1003.5810356037509
 21
1050.637704960206
 31
-1.05846599999995
100
AcDbText
  0
POINT
  5
594
330
1F
100
AcDbEntity
  8
PT_MURI
100
AcDbPoint
 10
998.0067998672694
 20
1048.708637130706
 30
-1.05846599999995
  0
TEXT
  5
595
330
1F
100
AcDbEntity
  8
PT_MURI
100
AcDbText
 10
998.0567998672693
 20
1048.758637130706
 30
-1.05846599999995
 40
0.1
  1
M143
 11
998.0567998672693
 21
1048.758637130706
 31
-1.05846599999995
100
AcDbText
  0
POINT
  5
596
330
1F
100
AcDbEntity
  8
PT_MURI
100
AcDbPoint
 10
1005.7524929985939
 20
1048.237640403339
 30
-1.05846599999995
  0
TEXT
  5
597
330
1F
100
AcDbEntity
  8
PT_MURI
100
AcDbText
 10
1005.8024929985938
 20
1048.2876404033389
 30
-1.05846599999995
 40
0.1
  1
M144
 11
1005.8024929985938
 21
1048.2876404033389
 31
-1.05846599999995
100
AcDbText
  0
POINT
  5
598
330
1F
100
AcDbEntity
  8
PT_MURI
100
AcDbPoint
 10
1006.0519398979959
 20
1048.21943176697
 30
-1.05846599999995
  0
TEXT
  5
599
330
1F
100
AcDbEntity
  8
PT_MURI
100
AcDbText
 10
1006.1019398979959
 20
1048.26943176697
 30
-1.05846599999995
 40
0.1
  1
M145
 11
1006.1019398979959
 21
1048.26943176697
 31
-1.05846599999995
100
AcDbText
  0
POINT
  5
59A
330
1F
100
AcDbEntity
  8
PT_MURI
100
AcDbPoint
 10
1009.4257083092211
 20
1048.014281129825
 30
-1.05846599999995
  0
TEXT
  5
59B
330
1F
100
AcDbEntity
  8
PT_MURI
100
AcDbText
 10
1009.4757083092211
 20
1048.0642811298248
 30
-1.05846599999995
 40
0.1
  1
M146
 11
1009.4757083092211
 21
1048.0642811298248
 31
-1.05846599999995
100
AcDbText
  0
POINT
  5
59C
330
1F
100
AcDbEntity
  8
PT_MURI
100
AcDbPoint
 10
1009.675247392056
 20
1047.999107266181
 30
-1.05846599999995
  0
TEXT
  5
59D
330
1F
100
AcDbEntity
  8
PT_MURI
100
AcDbText
 10
1009.725247392056
 20
1048.049107266181
 30
-1.05846599999995
 40
0.1
  1
M147
 11
1009.725247392056
 21
1048.049107266181
 31
-1.05846599999995
100
AcDbText
  0
POINT
  5
59E
330
1F
100
AcDbEntity
  8
PT_MURI
100
AcDbPoint
 10
1010.4538094342211
 20
1047.951764805307
 30
-1.05846599999995
  0
TEXT
  5
59F
330
1F
100
AcDbEntity
  8
PT_MURI
100
AcDbText
 10
1010.503809434221
 20
1048.001764805307
 30
-1.05846599999995
 40
0.1
  1
M148
 11
1010.503809434221
 21
1048.001764805307
 31
-1.05846599999995
100
AcDbText
  0
POINT
  5
5A0
330
1F
100
AcDbEntity
  8
PT_MURI
100
AcDbPoint
 10
1010.70336507752
 20
1047.936589941381
 30
-1.05846599999995
  0
TEXT
  5
5A1
330
1F
100
AcDbEntity
  8
PT_MURI
100
AcDbText
 10
1010.7533650775199
 20
1047.986589941381
 30
-1.05846599999995
 40
0.1
  1
M149
 11
1010.7533650775199
 21
1047.986589941381
 31
-1.05846599999995
100
AcDbText
  0
POINT
  5
5A2
330
1F
100
AcDbEntity
  8
PT_MURI
100
AcDbPoint
 10
1011.232371133606
 20
1047.904422222854
 30
-1.05846599999995
  0
TEXT
  5
5A3
330
1F
100
AcDbEntity
  8
PT_MURI
100
AcDbText
 10
1011.2823711336059
 20
1047.954422222854
 30
-1.05846599999995
 40
0.1
  1
M150
 11
1011.2823711336059
 21
1047.954422222854
 31
-1.05846599999995
100
AcDbText
  0
POINT
  5
5A4
330
1F
100
AcDbEntity
  8
PT_MURI
100
AcDbPoint
 10
997.6891443314983
 20
1048.427398867673
 30
-1.05846599999995
  0
TEXT
  5
5A5
330
1F
100
AcDbEntity
  8
PT_MURI
100
AcDbText
 10
997.7391443314982
 20
1048.477398867673
 30
-1.05846599999995
 40
0.1
  1
M151
 11
997.7391443314982
 21
1048.477398867673
 31
-1.05846599999995
100
AcDbText
  0
POINT
  5
5A6
330
1F
100
AcDbEntity
  8
PT_MURI
100
AcDbPoint
 10
1003.235852718447
 20
1048.090117044874
 30
-1.05846599999995
  0
TEXT
  5
5A7
330
1F
100
AcDbEntity
  8
PT_MURI
100
AcDbText
 10
1003.2858527184469
 20
1048.140117044874
 30
-1.05846599999995
 40
0.1
  1
M152
 11
1003.2858527184469
 21
1048.140117044874
 31
-1.05846599999995
100
AcDbText
  0
POINT
  5
5A8
330
1F
100
AcDbEntity
  8
PT_MURI
100
AcDbPoint
 10
1007.396214653786
 20
1047.83713557205
 30
-1.05846599999995
  0
TEXT
  5
5A9
330
1F
100
AcDbEntity
  8
PT_MURI
100
AcDbText
 10
1007.446214653786
 20
1047.88713557205
 30
-1.05846599999995
 40
0.1
  1
M153
 11
1007.446214653786
 21
1047.88713557205
 31
-1.05846599999995
100
AcDbText
  0
POINT
  5
5AA
330
1F
100
AcDbEntity
  8
PT_MURI
100
AcDbPoint
 10
1010.685139866426
 20
1047.637144058424
 30
-1.05846599999995
  0
TEXT
  5
5AB
330
1F
100
AcDbEntity
  8
PT_MURI
100
AcDbText
 10
1010.7351398664259
 20
1047.6871440584239
 30
-1.05846599999995
 40
0.1
  1
M154
 11
1010.7351398664259
 21
1047.6871440584239
 31
-1.05846599999995
100
AcDbText
  0
POINT
  5
5AC
330
1F
100
AcDbEntity
  8
PT_MURI
100
AcDbPoint
 10
1011.214162506793
 20
1047.604975480594
 30
-1.05846599999995
  0
TEXT
  5
5AD
330
1F
100
AcDbEntity
  8
PT_MURI
100
AcDbText
 10
1011.2641625067929
 20
1047.654975480594
 30
-1.05846599999995
 40
0.1
  1
M155
 11
1011.2641625067929
 21
1047.654975480594
 31
-1.05846599999995
100
AcDbText
  0
POINT
  5
5AE
330
1F
100
AcDbEntity
  8
PT_SOLETTA
100
AcDbPoint
 10
993.5041888115466
 20
1085.048924604538
 30
-1.05846599999995
  0
TEXT
  5
5AF
330
1F
100
AcDbEntity
  8
PT_SOLETTA
100
AcDbText
 10
993.5541888115465
 20
1085.0989246045378
 30
-1.05846599999995
 40
0.1
  1
S1
 11
993.5541888115465
 21
1085.0989246045378
 31
-1.05846599999995
100
AcDbText
  0
POINT
  5
5B0
330
1F
100
AcDbEntity
  8
PT_SOLETTA
100
AcDbPoint
 10
1002.787042693014
 20
1084.484456877104
 30
-1.05846599999995
  0
TEXT
  5
5B1
330
1F
100
AcDbEntity
  8
PT_SOLETTA
100
AcDbText
 10
1002.8370426930139
 20
1084.534456877104
 30
-1.05846599999995
 40
0.1
  1
S2
 11
1002.8370426930139
 21
1084.534456877104
 31
-1.05846599999995
100
AcDbText
  0
POINT
  5
5B2
330
1F
100
AcDbEntity
  8
PT_SOLETTA
100
AcDbPoint
 10
1015.4907551431061
 20
1080.85671091383
 30
-1.05846599999995
  0
TEXT
  5
5B3
330
1F
100
AcDbEntity
  8
PT_SOLETTA
100
AcDbText
 10
1015.540755143106
 20
1080.90671091383
 30
-1.05846599999995
 40
0.1
  1
S3
 11
1015.540755143106
 21
1080.90671091383
 31
-1.05846599999995
100
AcDbText
  0
POINT
  5
5B4
330
1F
100
AcDbEntity
  8
PT_SOLETTA
100
AcDbPoint
 10
1015.989833308777
 20
1080.826363186549
 30
-1.05846599999995
  0
TEXT
  5
5B5
330
1F
100
AcDbEntity
  8
PT_SOLETTA
100
AcDbText
 10
1016.0398333087769
 20
1080.876363186549
 30
-1.05846599999995
 40
0.1
  1
S4
 11
1016.0398333087769
 21
1080.876363186549
 31
-1.05846599999995
100
AcDbText
  0
POINT
  5
5B6
330
1F
100
AcDbEntity
  8
PT_SOLETTA
100
AcDbPoint
 10
1016.787880552549
 20
1080.777835878047
 30
-1.05846599999995
  0
TEXT
  5
5B7
330
1F
100
AcDbEntity
  8
PT_SOLETTA
100
AcDbText
 10
1016.837880552549
 20
1080.827835878047
 30
-1.05846599999995
 40
0.1
  1
S5
 11
1016.837880552549
 21
1080.827835878047
 31
-1.05846599999995
100
AcDbText
  0
POINT
  5
5B8
330
1F
100
AcDbEntity
  8
PT_SOLETTA
100
AcDbPoint
 10
1016.7575328252678
 20
1080.278757712377
 30
-1.05846599999995
  0
TEXT
  5
5B9
330
1F
100
AcDbEntity
  8
PT_SOLETTA
100
AcDbText
 10
1016.8075328252678
 20
1080.328757712377
 30
-1.05846599999995
 40
0.1
  1
S6
 11
1016.8075328252678
 21
1080.328757712377
 31
-1.05846599999995
100
AcDbText
  0
POINT
  5
5BA
330
1F
100
AcDbEntity
  8
PT_SOLETTA
100
AcDbPoint
 10
1002.489634965656
 20
1079.593490853537
 30
-1.05846599999995
  0
TEXT
  5
5BB
330
1F
100
AcDbEntity
  8
PT_SOLETTA
100
AcDbText
 10
1002.539634965656
 20
1079.643490853537
 30
-1.05846599999995
 40
0.1
  1
S7
 11
1002.539634965656
 21
1079.643490853537
 31
-1.05846599999995
100
AcDbText
  0
POINT
  5
5BC
330
1F
100
AcDbEntity
  8
PT_SOLETTA
100
AcDbPoint
 10
1015.366329461249
 20
1078.810490434528
 30
-1.05846599999995
  0
TEXT
  5
5BD
330
1F
100
AcDbEntity
  8
PT_SOLETTA
100
AcDbText
 10
1015.416329461249
 20
1078.860490434528
 30
-1.05846599999995
 40
0.1
  1
S8
 11
1015.416329461249
 21
1078.860490434528
 31
-1.05846599999995
100
AcDbText
  0
POINT
  5
5BE
330
1F
100
AcDbEntity
  8
PT_SOLETTA
100
AcDbPoint
 10
1016.663454870692
 20
1078.731615398745
 30
-1.05846599999995
  0
TEXT
  5
5BF
330
1F
100
AcDbEntity
  8
PT_SOLETTA
100
AcDbText
 10
1016.713454870692
 20
1078.7816153987449
 30
-1.05846599999995
 40
0.1
  1
S9
 11
1016.713454870692
 21
1078.7816153987449
 31
-1.05846599999995
100
AcDbText
  0
POINT
  5
5C0
330
1F
100
AcDbEntity
  8
PT_SOLETTA
100
AcDbPoint
 10
1001.1434753712701
 20
1078.873869879396
 30
-1.05846599999995
  0
TEXT
  5
5C1
330
1F
100
AcDbEntity
  8
PT_SOLETTA
100
AcDbText
 10
1001.1934753712701
 20
1078.9238698793959
 30
-1.05846599999995
 40
0.1
  1
S10
 11
1001.1934753712701
 21
1078.9238698793959
 31
-1.05846599999995
100
AcDbText
  0
POINT
  5
5C2
330
1F
100
AcDbEntity
  8
PT_SOLETTA
100
AcDbPoint
 10
993.1278769932574
 20
1078.860355350228
 30
-1.05846599999995
  0
TEXT
  5
5C3
330
1F
100
AcDbEntity
  8
PT_SOLETTA
100
AcDbText
 10
993.1778769932573
 20
1078.910355350228
 30
-1.05846599999995
 40
0.1
  1
S11
 11
993.1778769932573
 21
1078.910355350228
 31
-1.05846599999995
100
AcDbText
  0
POINT
  5
5C4
330
1F
100
AcDbEntity
  8
PT_SOLETTA
100
AcDbPoint
 10
993.9413744032995
 20
1078.810888554759
 30
-1.05846599999995
  0
TEXT
  5
5C5
330
1F
100
AcDbEntity
  8
PT_SOLETTA
100
AcDbText
 10
993.9913744032995
 20
1078.860888554759
 30
-1.05846599999995
 40
0.1
  1
S12
 11
993.9913744032995
 21
1078.860888554759
 31
-1.05846599999995
100
AcDbText
  0
POINT
  5
5C6
330
1F
100
AcDbEntity
  8
PT_SOLETTA
100
AcDbPoint
 10
993.7592877639486
 20
1075.816420108297
 30
-1.05846599999995
  0
TEXT
  5
5C7
330
1F
100
AcDbEntity
  8
PT_SOLETTA
100
AcDbText
 10
993.8092877639485
 20
1075.866420108297
 30
-1.05846599999995
 40
0.1
  1
S13
 11
993.8092877639485
 21
1075.866420108297
 31
-1.05846599999995
100
AcDbText
  0
POINT
  5
5C8
330
1F
100
AcDbEntity
  8
PT_SOLETTA
100
AcDbPoint
 10
1000.9310413124581
 20
1075.380323248544
 30
-1.05846599999995
  0
TEXT
  5
5C9
330
1F
100
AcDbEntity
  8
PT_SOLETTA
100
AcDbText
 10
1000.981041312458
 20
1075.430323248544
 30
-1.05846599999995
 40
0.1
  1
S14
 11
1000.981041312458
 21
1075.430323248544
 31
-1.05846599999995
100
AcDbText
  0
POINT
  5
5CA
330
1F
100
AcDbEntity
  8
PT_SOLETTA
100
AcDbPoint
 10
1002.2286445431942
 20
1075.301419157611
 30
-1.05846599999995
  0
TEXT
  5
5CB
330
1F
100
AcDbEntity
  8
PT_SOLETTA
100
AcDbText
 10
1002.2786445431941
 20
1075.351419157611
 30
-1.05846599999995
 40
0.1
  1
S15
 11
1002.2786445431941
 21
1075.351419157611
 31
-1.05846599999995
100
AcDbText
  0
POINT
  5
5CC
330
1F
100
AcDbEntity
  8
PT_SOLETTA
100
AcDbPoint
 10
1000.852137189366
 20
1074.082719488947
 30
-1.05846599999995
  0
TEXT
  5
5CD
330
1F
100
AcDbEntity
  8
PT_SOLETTA
100
AcDbText
 10
1000.9021371893659
 20
1074.132719488947
 30
-1.05846599999995
 40
0.1
  1
S16
 11
1000.9021371893659
 21
1074.132719488947
 31
-1.05846599999995
100
AcDbText
  0
POINT
  5
5CE
330
1F
100
AcDbEntity
  8
PT_SOLETTA
100
AcDbPoint
 10
1009.8340031927542
 20
1070.380735817764
 30
-1.05846599999995
  0
TEXT
  5
5CF
330
1F
100
AcDbEntity
  8
PT_SOLETTA
100
AcDbText
 10
1009.8840031927541
 20
1070.430735817764
 30
-1.05846599999995
 40
0.1
  1
S17
 11
1009.8840031927541
 21
1070.430735817764
 31
-1.05846599999995
100
AcDbText
  0
POINT
  5
5D0
330
1F
100
AcDbEntity
  8
PT_SOLETTA
100
AcDbPoint
 10
1013.3846033223299
 20
1070.164832474701
 30
-1.05846599999995
  0
TEXT
  5
5D1
330
1F
100
AcDbEntity
  8
PT_SOLETTA
100
AcDbText
 10
1013.4346033223298
 20
1070.2148324747009
 30
-1.05846599999995
 40
0.1
  1
S18
 11
1013.4346033223298
 21
1070.2148324747009
 31
-1.05846599999995
100
AcDbText
  0
POINT
  5
5D2
330
1F
100
AcDbEntity
  8
PT_SOLETTA
100
AcDbPoint
 10
1009.8157945940761
 20
1070.081289537476
 30
-1.05846599999995
  0
TEXT
  5
5D3
330
1F
100
AcDbEntity
  8
PT_SOLETTA
100
AcDbText
 10
1009.8657945940761
 20
1070.131289537476
 30
-1.05846599999995
 40
0.1
  1
S19
 11
1009.8657945940761
 21
1070.131289537476
 31
-1.05846599999995
100
AcDbText
  0
POINT
  5
5D4
330
1F
100
AcDbEntity
  8
PT_SOLETTA
100
AcDbPoint
 10
1013.366386479214
 20
1069.865250612691
 30
-1.05846599999995
  0
TEXT
  5
5D5
330
1F
100
AcDbEntity
  8
PT_SOLETTA
100
AcDbText
 10
1013.416386479214
 20
1069.915250612691
 30
-1.05846599999995
 40
0.1
  1
S20
 11
1013.416386479214
 21
1069.915250612691
 31
-1.05846599999995
100
AcDbText
  0
POINT
  5
5D6
330
1F
100
AcDbEntity
  8
PT_SOLETTA
100
AcDbPoint
 10
1014.367387427053
 20
1069.80451764557
 30
-1.05846599999995
  0
TEXT
  5
5D7
330
1F
100
AcDbEntity
  8
PT_SOLETTA
100
AcDbText
 10
1014.417387427053
 20
1069.85451764557
 30
-1.05846599999995
 40
0.1
  1
S21
 11
1014.417387427053
 21
1069.85451764557
 31
-1.05846599999995
100
AcDbText
  0
POINT
  5
5D8
330
1F
100
AcDbEntity
  8
PT_SOLETTA
100
AcDbPoint
 10
1016.114161006898
 20
1069.698300600085
 30
-1.05846599999995
  0
TEXT
  5
5D9
330
1F
100
AcDbEntity
  8
PT_SOLETTA
100
AcDbText
 10
1016.164161006898
 20
1069.748300600085
 30
-1.05846599999995
 40
0.1
  1
S22
 11
1016.164161006898
 21
1069.748300600085
 31
-1.05846599999995
100
AcDbText
  0
POINT
  5
5DA
330
1F
100
AcDbEntity
  8
PT_SOLETTA
100
AcDbPoint
 10
1009.52445637453
 20
1065.290138527951
 30
-1.05846599999995
  0
TEXT
  5
5DB
330
1F
100
AcDbEntity
  8
PT_SOLETTA
100
AcDbText
 10
1009.57445637453
 20
1065.340138527951
 30
-1.05846599999995
 40
0.1
  1
S23
 11
1009.57445637453
 21
1065.340138527951
 31
-1.05846599999995
100
AcDbText
  0
POINT
  5
5DC
330
1F
100
AcDbEntity
  8
PT_SOLETTA
100
AcDbPoint
 10
1013.0750565040621
 20
1065.074235184891
 30
-1.05846599999995
  0
TEXT
  5
5DD
330
1F
100
AcDbEntity
  8
PT_SOLETTA
100
AcDbText
 10
1013.1250565040621
 20
1065.124235184891
 30
-1.05846599999995
 40
0.1
  1
S24
 11
1013.1250565040621
 21
1065.124235184891
 31
-1.05846599999995
100
AcDbText
  0
POINT
  5
5DE
330
1F
100
AcDbEntity
  8
PT_SOLETTA
100
AcDbPoint
 10
1012.031180218896
 20
1064.336233099211
 30
-1.05846599999995
  0
TEXT
  5
5DF
330
1F
100
AcDbEntity
  8
PT_SOLETTA
100
AcDbText
 10
1012.081180218896
 20
1064.386233099211
 30
-1.05846599999995
 40
0.1
  1
S25
 11
1012.081180218896
 21
1064.386233099211
 31
-1.05846599999995
100
AcDbText
  0
POINT
  5
5E0
330
1F
100
AcDbEntity
  8
PT_SOLETTA
100
AcDbPoint
 10
1014.027492881504
 20
1064.214842190091
 30
-1.05846599999995
  0
TEXT
  5
5E1
330
1F
100
AcDbEntity
  8
PT_SOLETTA
100
AcDbText
 10
1014.077492881504
 20
1064.264842190091
 30
-1.05846599999995
 40
0.1
  1
S26
 11
1014.077492881504
 21
1064.264842190091
 31
-1.05846599999995
100
AcDbText
  0
POINT
  5
5E2
330
1F
100
AcDbEntity
  8
PT_SOLETTA
100
AcDbPoint
 10
1001.053032782843
 20
1060.83618965482
 30
-1.05846599999995
  0
TEXT
  5
5E3
330
1F
100
AcDbEntity
  8
PT_SOLETTA
100
AcDbText
 10
1001.103032782843
 20
1060.8861896548199
 30
-1.05846599999995
 40
0.1
  1
S27
 11
1001.103032782843
 21
1060.8861896548199
 31
-1.05846599999995
100
AcDbText
  0
POINT
  5
5E4
330
1F
100
AcDbEntity
  8
PT_SOLETTA
100
AcDbPoint
 10
1003.8433495030831
 20
1060.666517293496
 30
-1.05846599999995
  0
TEXT
  5
5E5
330
1F
100
AcDbEntity
  8
PT_SOLETTA
100
AcDbText
 10
1003.8933495030831
 20
1060.716517293496
 30
-1.05846599999995
 40
0.1
  1
S28
 11
1003.8933495030831
 21
1060.716517293496
 31
-1.05846599999995
100
AcDbText
  0
POINT
  5
5E6
330
1F
100
AcDbEntity
  8
PT_SOLETTA
100
AcDbPoint
 10
999.9802469845656
 20
1059.744203789235
 30
-1.05846599999995
  0
TEXT
  5
5E7
330
1F
100
AcDbEntity
  8
PT_SOLETTA
100
AcDbText
 10
1000.0302469845656
 20
1059.7942037892349
 30
-1.05846599999995
 40
0.1
  1
S29
 11
1000.0302469845656
 21
1059.7942037892349
 31
-1.05846599999995
100
AcDbText
  0
POINT
  5
5E8
330
1F
100
AcDbEntity
  8
PT_SOLETTA
100
AcDbPoint
 10
1000.8869634871871
 20
1058.105126512098
 30
-1.05846599999995
  0
TEXT
  5
5E9
330
1F
100
AcDbEntity
  8
PT_SOLETTA
100
AcDbText
 10
1000.9369634871871
 20
1058.155126512098
 30
-1.05846599999995
 40
0.1
  1
S30
 11
1000.9369634871871
 21
1058.155126512098
 31
-1.05846599999995
100
AcDbText
  0
POINT
  5
5EA
330
1F
100
AcDbEntity
  8
PT_SOLETTA
100
AcDbPoint
 10
1003.6772802073551
 20
1057.935454150778
 30
-1.05846599999995
  0
TEXT
  5
5EB
330
1F
100
AcDbEntity
  8
PT_SOLETTA
100
AcDbText
 10
1003.7272802073551
 20
1057.985454150778
 30
-1.05846599999995
 40
0.1
  1
S31
 11
1003.7272802073551
 21
1057.985454150778
 31
-1.05846599999995
100
AcDbText
  0
POINT
  5
5EC
330
1F
100
AcDbEntity
  8
PT_SOLETTA
100
AcDbPoint
 10
997.7636382114451
 20
1057.89032392611
 30
-1.05846599999995
  0
TEXT
  5
5ED
330
1F
100
AcDbEntity
  8
PT_SOLETTA
100
AcDbText
 10
997.8136382114451
 20
1057.94032392611
 30
-1.05846599999995
 40
0.1
  1
S32
 11
997.8136382114451
 21
1057.94032392611
 31
-1.05846599999995
100
AcDbText
  0
POINT
  5
5EE
330
1F
100
AcDbEntity
  8
PT_SOLETTA
100
AcDbPoint
 10
999.8597665072589
 20
1057.762863471528
 30
-1.05846599999995
  0
TEXT
  5
5EF
330
1F
100
AcDbEntity
  8
PT_SOLETTA
100
AcDbText
 10
999.9097665072588
 20
1057.8128634715279
 30
-1.05846599999995
 40
0.1
  1
S33
 11
999.9097665072588
 21
1057.8128634715279
 31
-1.05846599999995
100
AcDbText
  0
POINT
  5
5F0
330
1F
100
AcDbEntity
  8
PT_SOLETTA
100
AcDbPoint
 10
997.6373916659547
 20
1055.814158756923
 30
-1.05846599999995
  0
TEXT
  5
5F1
330
1F
100
AcDbEntity
  8
PT_SOLETTA
100
AcDbText
 10
997.6873916659547
 20
1055.864158756923
 30
-1.05846599999995
 40
0.1
  1
S34
 11
997.6873916659547
 21
1055.864158756923
 31
-1.05846599999995
100
AcDbText
  0
POINT
  5
5F2
330
1F
100
AcDbEntity
  8
PT_SOLETTA
100
AcDbPoint
 10
997.4911156204585
 20
1053.408601998392
 30
-1.05846599999995
  0
TEXT
  5
5F3
330
1F
100
AcDbEntity
  8
PT_SOLETTA
100
AcDbText
 10
997.5411156204584
 20
1053.458601998392
 30
-1.05846599999995
 40
0.1
  1
S35
 11
997.5411156204584
 21
1053.458601998392
 31
-1.05846599999995
100
AcDbText
  0
POINT
  5
5F4
330
1F
100
AcDbEntity
  8
PT_SOLETTA
100
AcDbPoint
 10
1011.063087713401
 20
1048.415639528498
 30
-1.05846599999995
  0
TEXT
  5
5F5
330
1F
100
AcDbEntity
  8
PT_SOLETTA
100
AcDbText
 10
1011.113087713401
 20
1048.465639528498
 30
-1.05846599999995
 40
0.1
  1
S36
 11
1011.113087713401
 21
1048.465639528498
 31
-1.05846599999995
100
AcDbText
  0
POINT
  5
5F6
330
1F
100
AcDbEntity
  8
PT_SOLETTA
100
AcDbPoint
 10
1011.7587975678671
 20
1048.373335107302
 30
-1.05846599999995
  0
TEXT
  5
5F7
330
1F
100
AcDbEntity
  8
PT_SOLETTA
100
AcDbText
 10
1011.808797567867
 20
1048.423335107302
 30
-1.05846599999995
 40
0.1
  1
S37
 11
1011.808797567867
 21
1048.423335107302
 31
-1.05846599999995
100
AcDbText
  0
POINT
  5
5F8
330
1F
100
AcDbEntity
  8
PT_SOLETTA
100
AcDbPoint
 10
997.1597184385464
 20
1047.958668429284
 30
-1.05846599999995
  0
TEXT
  5
5F9
330
1F
100
AcDbEntity
  8
PT_SOLETTA
100
AcDbText
 10
997.2097184385464
 20
1048.008668429284
 30
-1.05846599999995
 40
0.1
  1
S38
 11
997.2097184385464
 21
1048.008668429284
 31
-1.05846599999995
100
AcDbText
  0
POINT
  5
5FA
330
1F
100
AcDbEntity
  8
PT_SOLETTA
100
AcDbPoint
 10
1003.448103325991
 20
1047.576287065539
 30
-1.05846599999995
  0
TEXT
  5
5FB
330
1F
100
AcDbEntity
  8
PT_SOLETTA
100
AcDbText
 10
1003.498103325991
 20
1047.626287065539
 30
-1.05846599999995
 40
0.1
  1
S39
 11
1003.498103325991
 21
1047.626287065539
 31
-1.05846599999995
100
AcDbText
  0
POINT
  5
5FC
330
1F
100
AcDbEntity
  8
PT_SOLETTA
100
AcDbPoint
 10
1006.5673406500491
 20
1047.386593847187
 30
-1.05846599999995
  0
TEXT
  5
5FD
330
1F
100
AcDbEntity
  8
PT_SOLETTA
100
AcDbText
 10
1006.6173406500491
 20
1047.436593847187
 30
-1.05846599999995
 40
0.1
  1
S40
 11
1006.6173406500491
 21
1047.436593847187
 31
-1.05846599999995
100
AcDbText
  0
POINT
  5
5FE
330
1F
100
AcDbEntity
  8
PT_SOLETTA
100
AcDbPoint
 10
1007.3658669265042
 20
1047.33805740638
 30
-1.05846599999995
  0
TEXT
  5
5FF
330
1F
100
AcDbEntity
  8
PT_SOLETTA
100
AcDbText
 10
1007.4158669265041
 20
1047.3880574063799
 30
-1.05846599999995
 40
0.1
  1
S41
 11
1007.4158669265041
 21
1047.3880574063799
 31
-1.05846599999995
100
AcDbText
  0
POINT
  5
600
330
1F
100
AcDbEntity
  8
PT_SOLETTA
100
AcDbPoint
 10
1010.18565735111
 20
1047.1665728244
 30
-1.05846599999995
  0
TEXT
  5
601
330
1F
100
AcDbEntity
  8
PT_SOLETTA
100
AcDbText
 10
1010.2356573511099
 20
1047.2165728244
 30
-1.05846599999995
 40
0.1
  1
S42
 11
1010.2356573511099
 21
1047.2165728244
 31
-1.05846599999995
100
AcDbText
  0
POINT
  5
602
330
1F
100
AcDbEntity
  8
PT_SOLETTA
100
AcDbPoint
 10
1010.984182416232
 20
1047.118016460747
 30
-1.05846599999995
  0
TEXT
  5
603
330
1F
100
AcDbEntity
  8
PT_SOLETTA
100
AcDbText
 10
1011.0341824162319
 20
1047.168016460747
 30
-1.05846599999995
 40
0.1
  1
S43
 11
1011.0341824162319
 21
1047.168016460747
 31
-1.05846599999995
100
AcDbText
  0
POINT
  5
604
330
1F
100
AcDbEntity
  8
PT_SOLETTA
100
AcDbPoint
 10
1011.6798934830808
 20
1047.075731977625
 30
-1.05846599999995
  0
TEXT
  5
605
330
1F
100
AcDbEntity
  8
PT_SOLETTA
100
AcDbText
 10
1011.7298934830808
 20
1047.125731977625
 30
-1.05846599999995
 40
0.1
  1
S44
 11
1011.7298934830808
 21
1047.125731977625
 31
-1.05846599999995
100
AcDbText
  0
POINT
  5
606
330
1F
100
AcDbEntity
  8
PT_CENTRI
100
AcDbPoint
 10
1007.1611497227909
 20
1055.916298243886
 30
-1.05846599999995
  0
TEXT
  5
607
330
1F
100
AcDbEntity
  8
PT_CENTRI
100
AcDbText
 10
1007.2111497227909
 20
1055.966298243886
 30
-1.05846599999995
 40
0.1
  1
CA1
 11
1007.2111497227909
 21
1055.966298243886
 31
-1.05846599999995
100
AcDbText
  0
POINT
  5
608
330
1F
100
AcDbEntity
  8
PT_INCROCI
100
AcDbPoint
 10
1002.4592872383747
 20
1079.0944126878662
 30
-1.05846599999995
  0
TEXT
  5
609
330
1F
100
AcDbEntity
  8
PT_INCROCI
100
AcDbText
 10
1002.5092872383747
 20
1079.1444126878662
 30
-1.05846599999995
 40
0.1
  1
IS1
 11
1002.5092872383747
 21
1079.1444126878662
 31
-1.05846599999995
100
AcDbText
  0
POINT
  5
60A
330
1F
100
AcDbEntity
  8
PT_INCROCI
100
AcDbPoint
 10
1002.441078602006
 20
1078.7949657884647
 30
-1.05846599999995
  0
TEXT
  5
60B
330
1F
100
AcDbEntity
  8
PT_INCROCI
100
AcDbText
 10
1002.4910786020059
 20
1078.8449657884646
 30
-1.05846599999995
 40
0.1
  1
IS2
 11
1002.4910786020059
 21
1078.8449657884646
 31
-1.05846599999995
100
AcDbText
  0
POINT
  5
60C
330
1F
100
AcDbEntity
  8
PT_INCROCI
100
AcDbPoint
 10
1001.4301194781208
 20
1075.3499755212624
 30
-1.05846599999995
  0
TEXT
  5
60D
330
1F
100
AcDbEntity
  8
PT_INCROCI
100
AcDbText
 10
1001.4801194781207
 20
1075.3999755212624
 30
-1.05846599999995
 40
0.1
  1
IS3
 11
1001.4801194781207
 21
1075.3999755212624
 31
-1.05846599999995
100
AcDbText
  0
POINT
  5
60E
330
1F
100
AcDbEntity
  8
PT_INCROCI
100
AcDbPoint
 10
1001.7295663775227
 20
1075.331766884893
 30
-1.05846599999995
  0
TEXT
  5
60F
330
1F
100
AcDbEntity
  8
PT_INCROCI
100
AcDbText
 10
1001.7795663775227
 20
1075.381766884893
 30
-1.05846599999995
 40
0.1
  1
IS4
 11
1001.7795663775227
 21
1075.381766884893
 31
-1.05846599999995
100
AcDbText
  0
POINT
  5
610
330
1F
100
AcDbEntity
  8
PT_ASSI
100
AcDbPoint
 10
1016.2736324162967
 20
1083.0131696171366
 30
-1.05846599999995
  0
TEXT
  5
611
330
1F
100
AcDbEntity
  8
PT_ASSI
100
AcDbText
 10
1016.3536324162967
 20
1082.8631696171365
 30
-1.05846599999995
 40
0.14
  1
A-1
 11
1016.3536324162967
 21
1082.8631696171365
 31
-1.05846599999995
100
AcDbText
  0
POINT
  5
612
330
1F
100
AcDbEntity
  8
PT_ASSI
100
AcDbPoint
 10
1015.9751923260269
 20
1078.1222663690437
 30
-1.05846599999995
  0
TEXT
  5
613
330
1F
100
AcDbEntity
  8
PT_ASSI
100
AcDbText
 10
1016.0551923260269
 20
1077.9722663690436
 30
-1.05846599999995
 40
0.14
  1
A-2
 11
1016.0551923260269
 21
1077.9722663690436
 31
-1.05846599999995
100
AcDbText
  0
POINT
  5
614
330
1F
100
AcDbEntity
  8
PT_ASSI
100
AcDbPoint
 10
1015.5031697342716
 20
1070.3866540888653
 30
-1.05846599999995
  0
TEXT
  5
615
330
1F
100
AcDbEntity
  8
PT_ASSI
100
AcDbText
 10
1015.5831697342717
 20
1070.2366540888652
 30
-1.05846599999995
 40
0.14
  1
A-3
 11
1015.5831697342717
 21
1070.2366540888652
 31
-1.05846599999995
100
AcDbText
  0
POINT
  5
616
330
1F
100
AcDbEntity
  8
PT_ASSI
100
AcDbPoint
 10
1015.162096321075
 20
1064.797066366474
 30
-1.05846599999995
  0
TEXT
  5
617
330
1F
100
AcDbEntity
  8
PT_ASSI
100
AcDbText
 10
1015.242096321075
 20
1064.6470663664738
 30
-1.05846599999995
 40
0.14
  1
A-4
 11
1015.242096321075
 21
1064.6470663664738
 31
-1.05846599999995
100
AcDbText
  0
POINT
  5
618
330
1F
100
AcDbEntity
  8
PT_ASSI
100
AcDbPoint
 10
1014.8140167503119
 20
1059.0926601598528
 30
-1.05846599999995
  0
TEXT
  5
619
330
1F
100
AcDbEntity
  8
PT_ASSI
100
AcDbText
 10
1014.894016750312
 20
1058.9426601598527
 30
-1.05846599999995
 40
0.14
  1
A-5
 11
1014.894016750312
 21
1058.9426601598527
 31
-1.05846599999995
100
AcDbText
  0
POINT
  5
61A
330
1F
100
AcDbEntity
  8
PT_ASSI
100
AcDbPoint
 10
1014.5920138668358
 20
1055.4544270293861
 30
-1.05846599999995
  0
TEXT
  5
61B
330
1F
100
AcDbEntity
  8
PT_ASSI
100
AcDbText
 10
1014.6720138668359
 20
1055.304427029386
 30
-1.05846599999995
 40
0.14
  1
A-6
 11
1014.6720138668359
 21
1055.304427029386
 31
-1.05846599999995
100
AcDbText
  0
POINT
  5
61C
330
1F
100
AcDbEntity
  8
PT_ASSI
100
AcDbPoint
 10
1014.4190404267611
 20
1052.619699432533
 30
-1.05846599999995
  0
TEXT
  5
61D
330
1F
100
AcDbEntity
  8
PT_ASSI
100
AcDbText
 10
1014.4990404267611
 20
1052.469699432533
 30
-1.05846599999995
 40
0.14
  1
A-7
 11
1014.4990404267611
 21
1052.469699432533
 31
-1.05846599999995
100
AcDbText
  0
POINT
  5
61E
330
1F
100
AcDbEntity
  8
PT_ASSI
100
AcDbPoint
 10
1014.1108553539524
 20
1047.5690932212458
 30
-1.05846599999995
  0
TEXT
  5
61F
330
1F
100
AcDbEntity
  8
PT_ASSI
100
AcDbText
 10
1014.1908553539524
 20
1047.4190932212457
 30
-1.05846599999995
 40
0.14
  1
A-8
 11
1014.1908553539524
 21
1047.4190932212457
 31
-1.05846599999995
100
AcDbText
  0
POINT
  5
620
330
1F
100
AcDbEntity
  8
PT_ASSI
100
AcDbPoint
 10
1014.030459248002
 20
1046.2515437748198
 30
-1.05846599999995
  0
TEXT
  5
621
330
1F
100
AcDbEntity
  8
PT_ASSI
100
AcDbText
 10
1014.110459248002
 20
1046.1015437748197
 30
-1.05846599999995
 40
0.14
  1
A-9
 11
1014.110459248002
 21
1046.1015437748197
 31
-1.05846599999995
100
AcDbText
  0
POINT
  5
622
330
1F
100
AcDbEntity
  8
PT_ASSI
100
AcDbPoint
 10
1014.5262210192062
 20
1083.119425446734
 30
-1.05846599999995
  0
TEXT
  5
623
330
1F
100
AcDbEntity
  8
PT_ASSI
100
AcDbText
 10
1014.6062210192063
 20
1082.969425446734
 30
-1.05846599999995
 40
0.14
  1
B-1
 11
1014.6062210192063
 21
1082.969425446734
 31
-1.05846599999995
100
AcDbText
  0
POINT
  5
624
330
1F
100
AcDbEntity
  8
PT_ASSI
100
AcDbPoint
 10
1014.2277914140094
 20
1078.2285215610696
 30
-1.05846599999995
  0
TEXT
  5
625
330
1F
100
AcDbEntity
  8
PT_ASSI
100
AcDbText
 10
1014.3077914140094
 20
1078.0785215610695
 30
-1.05846599999995
 40
0.14
  1
B-2
 11
1014.3077914140094
 21
1078.0785215610695
 31
-1.05846599999995
100
AcDbText
  0
POINT
  5
626
330
1F
100
AcDbEntity
  8
PT_ASSI
100
AcDbPoint
 10
1013.7557854057881
 20
1070.4929082724868
 30
-1.05846599999995
  0
TEXT
  5
627
330
1F
100
AcDbEntity
  8
PT_ASSI
100
AcDbText
 10
1013.8357854057881
 20
1070.3429082724867
 30
-1.05846599999995
 40
0.14
  1
B-3
 11
1013.8357854057881
 21
1070.3429082724867
 31
-1.05846599999995
100
AcDbText
  0
POINT
  5
628
330
1F
100
AcDbEntity
  8
PT_ASSI
100
AcDbPoint
 10
1013.414724543854
 20
1064.9033291361245
 30
-1.05846599999995
  0
TEXT
  5
629
330
1F
100
AcDbEntity
  8
PT_ASSI
100
AcDbText
 10
1013.4947245438541
 20
1064.7533291361244
 30
-1.05846599999995
 40
0.14
  1
B-4
 11
1013.4947245438541
 21
1064.7533291361244
 31
-1.05846599999995
100
AcDbText
  0
POINT
  5
62A
330
1F
100
AcDbEntity
  8
PT_ASSI
100
AcDbPoint
 10
1013.0666566337877
 20
1059.198912871204
 30
-1.05846599999995
  0
TEXT
  5
62B
330
1F
100
AcDbEntity
  8
PT_ASSI
100
AcDbText
 10
1013.1466566337878
 20
1059.0489128712038
 30
-1.05846599999995
 40
0.14
  1
B-5
 11
1013.1466566337878
 21
1059.0489128712038
 31
-1.05846599999995
100
AcDbText
  0
POINT
  5
62C
330
1F
100
AcDbEntity
  8
PT_ASSI
100
AcDbPoint
 10
1012.8446615499221
 20
1055.560679266462
 30
-1.05846599999995
  0
TEXT
  5
62D
330
1F
100
AcDbEntity
  8
PT_ASSI
100
AcDbText
 10
1012.9246615499221
 20
1055.410679266462
 30
-1.05846599999995
 40
0.14
  1
B-6
 11
1012.9246615499221
 21
1055.410679266462
 31
-1.05846599999995
100
AcDbText
  0
POINT
  5
62E
330
1F
100
AcDbEntity
  8
PT_ASSI
100
AcDbPoint
 10
1012.67169418691
 20
1052.7259513000774
 30
-1.05846599999995
  0
TEXT
  5
62F
330
1F
100
AcDbEntity
  8
PT_ASSI
100
AcDbText
 10
1012.7516941869101
 20
1052.5759513000773
 30
-1.05846599999995
 40
0.14
  1
B-7
 11
1012.7516941869101
 21
1052.5759513000773
 31
-1.05846599999995
100
AcDbText
  0
POINT
  5
630
330
1F
100
AcDbEntity
  8
PT_ASSI
100
AcDbPoint
 10
1012.363519941544
 20
1047.6753444304
 30
-1.05846599999995
  0
TEXT
  5
631
330
1F
100
AcDbEntity
  8
PT_ASSI
100
AcDbText
 10
1012.4435199415441
 20
1047.5253444303999
 30
-1.05846599999995
 40
0.14
  1
B-8
 11
1012.4435199415441
 21
1047.5253444303999
 31
-1.05846599999995
100
AcDbText
  0
POINT
  5
632
330
1F
100
AcDbEntity
  8
PT_ASSI
100
AcDbPoint
 10
1012.283126660144
 20
1046.3577948122197
 30
-1.05846599999995
  0
TEXT
  5
633
330
1F
100
AcDbEntity
  8
PT_ASSI
100
AcDbText
 10
1012.3631266601441
 20
1046.2077948122196
 30
-1.05846599999995
 40
0.14
  1
B-9
 11
1012.3631266601441
 21
1046.2077948122196
 31
-1.05846599999995
100
AcDbText
  0
POINT
  5
634
330
1F
100
AcDbEntity
  8
PT_ASSI
100
AcDbPoint
 10
1012.5249486297453
 20
1083.241117944761
 30
-1.05846599999995
  0
TEXT
  5
635
330
1F
100
AcDbEntity
  8
PT_ASSI
100
AcDbText
 10
1012.6049486297453
 20
1083.091117944761
 30
-1.05846599999995
 40
0.14
  1
C-1
 11
1012.6049486297453
 21
1083.091117944761
 31
-1.05846599999995
100
AcDbText
  0
POINT
  5
636
330
1F
100
AcDbEntity
  8
PT_ASSI
100
AcDbPoint
 10
1012.2265085394755
 20
1078.3502146966682
 30
-1.05846599999995
  0
TEXT
  5
637
330
1F
100
AcDbEntity
  8
PT_ASSI
100
AcDbText
 10
1012.3065085394755
 20
1078.2002146966681
 30
-1.05846599999995
 40
0.14
  1
C-2
 11
1012.3065085394755
 21
1078.2002146966681
 31
-1.05846599999995
100
AcDbText
  0
POINT
  5
638
330
1F
100
AcDbEntity
  8
PT_ASSI
100
AcDbPoint
 10
1011.7544859477204
 20
1070.6146024164898
 30
-1.05846599999995
  0
TEXT
  5
639
330
1F
100
AcDbEntity
  8
PT_ASSI
100
AcDbText
 10
1011.8344859477204
 20
1070.4646024164897
 30
-1.05846599999995
 40
0.14
  1
C-3
 11
1011.8344859477204
 21
1070.4646024164897
 31
-1.05846599999995
100
AcDbText
  0
POINT
  5
63A
330
1F
100
AcDbEntity
  8
PT_ASSI
100
AcDbPoint
 10
1011.4134137538765
 20
1065.0250346771245
 30
-1.05846599999995
  0
TEXT
  5
63B
330
1F
100
AcDbEntity
  8
PT_ASSI
100
AcDbText
 10
1011.4934137538766
 20
1064.8750346771244
 30
-1.05846599999995
 40
0.14
  1
C-4
 11
1011.4934137538766
 21
1064.8750346771244
 31
-1.05846599999995
100
AcDbText
  0
POINT
  5
63C
330
1F
100
AcDbEntity
  8
PT_ASSI
100
AcDbPoint
 10
1011.0653329637607
 20
1059.320608487477
 30
-1.05846599999995
  0
TEXT
  5
63D
330
1F
100
AcDbEntity
  8
PT_ASSI
100
AcDbText
 10
1011.1453329637608
 20
1059.170608487477
 30
-1.05846599999995
 40
0.14
  1
C-5
 11
1011.1453329637608
 21
1059.170608487477
 31
-1.05846599999995
100
AcDbText
  0
POINT
  5
63E
330
1F
100
AcDbEntity
  8
PT_ASSI
100
AcDbPoint
 10
1010.8433300802847
 20
1055.6823753570106
 30
-1.05846599999995
  0
TEXT
  5
63F
330
1F
100
AcDbEntity
  8
PT_ASSI
100
AcDbText
 10
1010.9233300802847
 20
1055.5323753570106
 30
-1.05846599999995
 40
0.14
  1
C-6
 11
1010.9233300802847
 21
1055.5323753570106
 31
-1.05846599999995
100
AcDbText
  0
POINT
  5
640
330
1F
100
AcDbEntity
  8
PT_ASSI
100
AcDbPoint
 10
1010.67035664021
 20
1052.8476477601573
 30
-1.05846599999995
  0
TEXT
  5
641
330
1F
100
AcDbEntity
  8
PT_ASSI
100
AcDbText
 10
1010.75035664021
 20
1052.6976477601572
 30
-1.05846599999995
 40
0.14
  1
C-7
 11
1010.75035664021
 21
1052.6976477601572
 31
-1.05846599999995
100
AcDbText
  0
POINT
  5
642
330
1F
100
AcDbEntity
  8
PT_ASSI
100
AcDbPoint
 10
1010.3621715674013
 20
1047.7970415488703
 30
-1.05846599999995
  0
TEXT
  5
643
330
1F
100
AcDbEntity
  8
PT_ASSI
100
AcDbText
 10
1010.4421715674014
 20
1047.6470415488702
 30
-1.05846599999995
 40
0.14
  1
C-8
 11
1010.4421715674014
 21
1047.6470415488702
 31
-1.05846599999995
100
AcDbText
  0
POINT
  5
644
330
1F
100
AcDbEntity
  8
PT_ASSI
100
AcDbPoint
 10
1010.281775461451
 20
1046.479492102444
 30
-1.05846599999995
  0
TEXT
  5
645
330
1F
100
AcDbEntity
  8
PT_ASSI
100
AcDbText
 10
1010.3617754614511
 20
1046.329492102444
 30
-1.05846599999995
 40
0.14
  1
C-9
 11
1010.3617754614511
 21
1046.329492102444
 31
-1.05846599999995
100
AcDbText
  0
POINT
  5
646
330
1F
100
AcDbEntity
  8
PT_ASSI
100
AcDbPoint
 10
1008.8421592108433
 20
1083.4650593964363
 30
-1.05846599999995
  0
TEXT
  5
647
330
1F
100
AcDbEntity
  8
PT_ASSI
100
AcDbText
 10
1008.9221592108433
 20
1083.3150593964363
 30
-1.05846599999995
 40
0.14
  1
D-1
 11
1008.9221592108433
 21
1083.3150593964363
 31
-1.05846599999995
100
AcDbText
  0
POINT
  5
648
330
1F
100
AcDbEntity
  8
PT_ASSI
100
AcDbPoint
 10
1008.5437191205734
 20
1078.5741561483437
 30
-1.05846599999995
  0
TEXT
  5
649
330
1F
100
AcDbEntity
  8
PT_ASSI
100
AcDbText
 10
1008.6237191205735
 20
1078.4241561483436
 30
-1.05846599999995
 40
0.14
  1
D-2
 11
1008.6237191205735
 21
1078.4241561483436
 31
-1.05846599999995
100
AcDbText
  0
POINT
  5
64A
330
1F
100
AcDbEntity
  8
PT_ASSI
100
AcDbPoint
 10
1008.0716965288183
 20
1070.8385438681648
 30
-1.05846599999995
  0
TEXT
  5
64B
330
1F
100
AcDbEntity
  8
PT_ASSI
100
AcDbText
 10
1008.1516965288183
 20
1070.6885438681647
 30
-1.05846599999995
 40
0.14
  1
D-3
 11
1008.1516965288183
 21
1070.6885438681647
 31
-1.05846599999995
100
AcDbText
  0
POINT
  5
64C
330
1F
100
AcDbEntity
  8
PT_ASSI
100
AcDbPoint
 10
1007.7306255328933
 20
1065.2489957605642
 30
-1.05846599999995
  0
TEXT
  5
64D
330
1F
100
AcDbEntity
  8
PT_ASSI
100
AcDbText
 10
1007.8106255328934
 20
1065.098995760564
 30
-1.05846599999995
 40
0.14
  1
D-4
 11
1007.8106255328934
 21
1065.098995760564
 31
-1.05846599999995
100
AcDbText
  0
POINT
  5
64E
330
1F
100
AcDbEntity
  8
PT_ASSI
100
AcDbPoint
 10
1007.3825435448587
 20
1059.5445499391524
 30
-1.05846599999995
  0
TEXT
  5
64F
330
1F
100
AcDbEntity
  8
PT_ASSI
100
AcDbText
 10
1007.4625435448587
 20
1059.3945499391523
 30
-1.05846599999995
 40
0.14
  1
D-5
 11
1007.4625435448587
 21
1059.3945499391523
 31
-1.05846599999995
100
AcDbText
  0
POINT
  5
650
330
1F
100
AcDbEntity
  8
PT_ASSI
100
AcDbPoint
 10
1007.1605406613826
 20
1055.9063168086857
 30
-1.05846599999995
  0
TEXT
  5
651
330
1F
100
AcDbEntity
  8
PT_ASSI
100
AcDbText
 10
1007.2405406613826
 20
1055.7563168086856
 30
-1.05846599999995
 40
0.14
  1
D-6
 11
1007.2405406613826
 21
1055.7563168086856
 31
-1.05846599999995
100
AcDbText
  0
POINT
  5
652
330
1F
100
AcDbEntity
  8
PT_ASSI
100
AcDbPoint
 10
1006.9875672213079
 20
1053.0715892118326
 30
-1.05846599999995
  0
TEXT
  5
653
330
1F
100
AcDbEntity
  8
PT_ASSI
100
AcDbText
 10
1007.067567221308
 20
1052.9215892118325
 30
-1.05846599999995
 40
0.14
  1
D-7
 11
1007.067567221308
 21
1052.9215892118325
 31
-1.05846599999995
100
AcDbText
  0
POINT
  5
654
330
1F
100
AcDbEntity
  8
PT_ASSI
100
AcDbPoint
 10
1006.6793821484991
 20
1048.0209830005454
 30
-1.05846599999995
  0
TEXT
  5
655
330
1F
100
AcDbEntity
  8
PT_ASSI
100
AcDbText
 10
1006.7593821484992
 20
1047.8709830005453
 30
-1.05846599999995
 40
0.14
  1
D-8
 11
1006.7593821484992
 21
1047.8709830005453
 31
-1.05846599999995
100
AcDbText
  0
POINT
  5
656
330
1F
100
AcDbEntity
  8
PT_ASSI
100
AcDbPoint
 10
1006.5989860425489
 20
1046.7034335541193
 30
-1.05846599999995
  0
TEXT
  5
657
330
1F
100
AcDbEntity
  8
PT_ASSI
100
AcDbText
 10
1006.6789860425489
 20
1046.5534335541192
 30
-1.05846599999995
 40
0.14
  1
D-9
 11
1006.6789860425489
 21
1046.5534335541192
 31
-1.05846599999995
100
AcDbText
  0
POINT
  5
658
330
1F
100
AcDbEntity
  8
PT_ASSI
100
AcDbPoint
 10
1005.3918459549462
 20
1083.674864539053
 30
-1.05846599999995
  0
TEXT
  5
659
330
1F
100
AcDbEntity
  8
PT_ASSI
100
AcDbText
 10
1005.4718459549463
 20
1083.524864539053
 30
-1.05846599999995
 40
0.14
  1
E-1
 11
1005.4718459549463
 21
1083.524864539053
 31
-1.05846599999995
100
AcDbText
  0
POINT
  5
65A
330
1F
100
AcDbEntity
  8
PT_ASSI
100
AcDbPoint
 10
1005.094438227589
 20
1078.783898515487
 30
-1.05846599999995
  0
TEXT
  5
65B
330
1F
100
AcDbEntity
  8
PT_ASSI
100
AcDbText
 10
1005.174438227589
 20
1078.6338985154869
 30
-1.05846599999995
 40
0.14
  1
E-2
 11
1005.174438227589
 21
1078.6338985154869
 31
-1.05846599999995
100
AcDbText
  0
POINT
  5
65C
330
1F
100
AcDbEntity
  8
PT_ASSI
100
AcDbPoint
 10
1004.6240484547258
 20
1071.0481869475695
 30
-1.05846599999995
  0
TEXT
  5
65D
330
1F
100
AcDbEntity
  8
PT_ASSI
100
AcDbText
 10
1004.7040484547258
 20
1070.8981869475695
 30
-1.05846599999995
 40
0.14
  1
E-3
 11
1004.7040484547258
 21
1070.8981869475695
 31
-1.05846599999995
100
AcDbText
  0
POINT
  5
65E
330
1F
100
AcDbEntity
  8
PT_ASSI
100
AcDbPoint
 10
1004.2841584075641
 20
1065.4585854695326
 30
-1.05846599999995
  0
TEXT
  5
65F
330
1F
100
AcDbEntity
  8
PT_ASSI
100
AcDbText
 10
1004.3641584075641
 20
1065.3085854695325
 30
-1.05846599999995
 40
0.14
  1
E-4
 11
1004.3641584075641
 21
1065.3085854695325
 31
-1.05846599999995
100
AcDbText
  0
POINT
  5
660
330
1F
100
AcDbEntity
  8
PT_ASSI
100
AcDbPoint
 10
1003.9372793863487
 20
1059.7540480584587
 30
-1.05846599999995
  0
TEXT
  5
661
330
1F
100
AcDbEntity
  8
PT_ASSI
100
AcDbText
 10
1004.0172793863487
 20
1059.6040480584586
 30
-1.05846599999995
 40
0.14
  1
E-5
 11
1004.0172793863487
 21
1059.6040480584586
 31
-1.05846599999995
100
AcDbText
  0
POINT
  5
662
330
1F
100
AcDbEntity
  8
PT_ASSI
100
AcDbPoint
 10
1003.7160444544676
 20
1056.1157682307266
 30
-1.05846599999995
  0
TEXT
  5
663
330
1F
100
AcDbEntity
  8
PT_ASSI
100
AcDbText
 10
1003.7960444544676
 20
1055.9657682307266
 30
-1.05846599999995
 40
0.14
  1
E-6
 11
1003.7960444544676
 21
1055.9657682307266
 31
-1.05846599999995
100
AcDbText
  0
POINT
  5
664
330
1F
100
AcDbEntity
  8
PT_ASSI
100
AcDbPoint
 10
1003.5436693635095
 20
1053.2810042497215
 30
-1.05846599999995
  0
TEXT
  5
665
330
1F
100
AcDbEntity
  8
PT_ASSI
100
AcDbText
 10
1003.6236693635095
 20
1053.1310042497214
 30
-1.05846599999995
 40
0.14
  1
E-7
 11
1003.6236693635095
 21
1053.1310042497214
 31
-1.05846599999995
100
AcDbText
  0
POINT
  5
666
330
1F
100
AcDbEntity
  8
PT_ASSI
100
AcDbPoint
 10
1003.2365503634227
 20
1048.2303332131496
 30
-1.05846599999995
  0
TEXT
  5
667
330
1F
100
AcDbEntity
  8
PT_ASSI
100
AcDbText
 10
1003.3165503634227
 20
1048.0803332131495
 30
-1.05846599999995
 40
0.14
  1
E-8
 11
1003.3165503634227
 21
1048.0803332131495
 31
-1.05846599999995
100
AcDbText
  0
POINT
  5
668
330
1F
100
AcDbEntity
  8
PT_ASSI
100
AcDbPoint
 10
1003.1564323633997
 20
1046.9127668557796
 30
-1.05846599999995
  0
TEXT
  5
669
330
1F
100
AcDbEntity
  8
PT_ASSI
100
AcDbText
 10
1003.2364323633998
 20
1046.7627668557795
 30
-1.05846599999995
 40
0.14
  1
E-9
 11
1003.2364323633998
 21
1046.7627668557795
 31
-1.05846599999995
100
AcDbText
  0
POINT
  5
66A
330
1F
100
AcDbEntity
  8
PT_ASSI
100
AcDbPoint
 10
1002.0997195796019
 20
1083.8750507228758
 30
-1.05846599999995
  0
TEXT
  5
66B
330
1F
100
AcDbEntity
  8
PT_ASSI
100
AcDbText
 10
1002.179719579602
 20
1083.7250507228757
 30
-1.05846599999995
 40
0.14
  1
F-1
 11
1002.179719579602
 21
1083.7250507228757
 31
-1.05846599999995
100
AcDbText
  0
POINT
  5
66C
330
1F
100
AcDbEntity
  8
PT_ASSI
100
AcDbPoint
 10
1001.8010310086747
 20
1078.9841625842867
 30
-1.05846599999995
  0
TEXT
  5
66D
330
1F
100
AcDbEntity
  8
PT_ASSI
100
AcDbText
 10
1001.8810310086748
 20
1078.8341625842866
 30
-1.05846599999995
 40
0.14
  1
F-2
 11
1001.8810310086748
 21
1078.8341625842866
 31
-1.05846599999995
100
AcDbText
  0
POINT
  5
66E
330
1F
100
AcDbEntity
  8
PT_ASSI
100
AcDbPoint
 10
1001.3286154117981
 20
1071.2485742017916
 30
-1.05846599999995
  0
TEXT
  5
66F
330
1F
100
AcDbEntity
  8
PT_ASSI
100
AcDbText
 10
1001.4086154117981
 20
1071.0985742017915
 30
-1.05846599999995
 40
0.14
  1
F-3
 11
1001.4086154117981
 21
1071.0985742017915
 31
-1.05846599999995
100
AcDbText
  0
POINT
  5
670
330
1F
100
AcDbEntity
  8
PT_ASSI
100
AcDbPoint
 10
1000.9872626360775
 20
1065.6590793086198
 30
-1.05846599999995
  0
TEXT
  5
671
330
1F
100
AcDbEntity
  8
PT_ASSI
100
AcDbText
 10
1001.0672626360775
 20
1065.5090793086197
 30
-1.05846599999995
 40
0.14
  1
F-4
 11
1001.0672626360775
 21
1065.5090793086197
 31
-1.05846599999995
100
AcDbText
  0
POINT
  5
672
330
1F
100
AcDbEntity
  8
PT_ASSI
100
AcDbPoint
 10
1000.6388886403612
 20
1059.9546151633974
 30
-1.05846599999995
  0
TEXT
  5
673
330
1F
100
AcDbEntity
  8
PT_ASSI
100
AcDbText
 10
1000.7188886403612
 20
1059.8046151633973
 30
-1.05846599999995
 40
0.14
  1
F-5
 11
1000.7188886403612
 21
1059.8046151633973
 31
-1.05846599999995
100
AcDbText
  0
POINT
  5
674
330
1F
100
AcDbEntity
  8
PT_ASSI
100
AcDbPoint
 10
1000.4167009177022
 20
1056.316393272551
 30
-1.05846599999995
  0
TEXT
  5
675
330
1F
100
AcDbEntity
  8
PT_ASSI
100
AcDbText
 10
1000.4967009177022
 20
1056.166393272551
 30
-1.05846599999995
 40
0.14
  1
F-6
 11
1000.4967009177022
 21
1056.166393272551
 31
-1.05846599999995
100
AcDbText
  0
POINT
  5
676
330
1F
100
AcDbEntity
  8
PT_ASSI
100
AcDbPoint
 10
1000.2435834602668
 20
1053.4816744330428
 30
-1.05846599999995
  0
TEXT
  5
677
330
1F
100
AcDbEntity
  8
PT_ASSI
100
AcDbText
 10
1000.3235834602668
 20
1053.3316744330427
 30
-1.05846599999995
 40
0.14
  1
F-7
 11
1000.3235834602668
 21
1053.3316744330427
 31
-1.05846599999995
100
AcDbText
  0
POINT
  5
678
330
1F
100
AcDbEntity
  8
PT_ASSI
100
AcDbPoint
 10
999.9351417931466
 20
1048.4310838246306
 30
-1.05846599999995
  0
TEXT
  5
679
330
1F
100
AcDbEntity
  8
PT_ASSI
100
AcDbText
 10
1000.0151417931467
 20
1048.2810838246305
 30
-1.05846599999995
 40
0.14
  1
F-8
 11
1000.0151417931467
 21
1048.2810838246305
 31
-1.05846599999995
100
AcDbText
  0
POINT
  5
67A
330
1F
100
AcDbEntity
  8
PT_ASSI
100
AcDbPoint
 10
999.8546787495497
 20
1047.1135384485196
 30
-1.05846599999995
  0
TEXT
  5
67B
330
1F
100
AcDbEntity
  8
PT_ASSI
100
AcDbText
 10
999.9346787495498
 20
1046.9635384485196
 30
-1.05846599999995
 40
0.14
  1
F-9
 11
999.9346787495498
 21
1046.9635384485196
 31
-1.05846599999995
100
AcDbText
  0
POINT
  5
67C
330
1F
100
AcDbEntity
  8
PT_ASSI
100
AcDbPoint
 10
999.998113896747
 20
1084.0028442440184
 30
-1.05846599999995
  0
TEXT
  5
67D
330
1F
100
AcDbEntity
  8
PT_ASSI
100
AcDbText
 10
1000.078113896747
 20
1083.8528442440183
 30
-1.05846599999995
 40
0.14
  1
G-1
 11
1000.078113896747
 21
1083.8528442440183
 31
-1.05846599999995
100
AcDbText
  0
POINT
  5
67E
330
1F
100
AcDbEntity
  8
PT_ASSI
100
AcDbPoint
 10
999.6979866601314
 20
1079.1120435871844
 30
-1.05846599999995
  0
TEXT
  5
67F
330
1F
100
AcDbEntity
  8
PT_ASSI
100
AcDbText
 10
999.7779866601314
 20
1078.9620435871843
 30
-1.05846599999995
 40
0.14
  1
G-2
 11
999.7779866601314
 21
1078.9620435871843
 31
-1.05846599999995
100
AcDbText
  0
POINT
  5
680
330
1F
100
AcDbEntity
  8
PT_ASSI
100
AcDbPoint
 10
999.2232956226252
 20
1071.37659356869
 30
-1.05846599999995
  0
TEXT
  5
681
330
1F
100
AcDbEntity
  8
PT_ASSI
100
AcDbText
 10
999.3032956226252
 20
1071.2265935686899
 30
-1.05846599999995
 40
0.14
  1
G-3
 11
999.3032956226252
 21
1071.2265935686899
 31
-1.05846599999995
100
AcDbText
  0
POINT
  5
682
330
1F
100
AcDbEntity
  8
PT_ASSI
100
AcDbPoint
 10
998.8802993736933
 20
1065.7872098843402
 30
-1.05846599999995
  0
TEXT
  5
683
330
1F
100
AcDbEntity
  8
PT_ASSI
100
AcDbText
 10
998.9602993736934
 20
1065.63720988434
 30
-1.05846599999995
 40
0.14
  1
G-4
 11
998.9602993736934
 21
1065.63720988434
 31
-1.05846599999995
100
AcDbText
  0
POINT
  5
684
330
1F
100
AcDbEntity
  8
PT_ASSI
100
AcDbPoint
 10
998.5302467078692
 20
1060.0828365417367
 30
-1.05846599999995
  0
TEXT
  5
685
330
1F
100
AcDbEntity
  8
PT_ASSI
100
AcDbText
 10
998.6102467078692
 20
1059.9328365417366
 30
-1.05846599999995
 40
0.14
  1
G-5
 11
998.6102467078692
 21
1059.9328365417366
 31
-1.05846599999995
100
AcDbText
  0
POINT
  5
686
330
1F
100
AcDbEntity
  8
PT_ASSI
100
AcDbPoint
 10
998.3069887941012
 20
1056.4446797266044
 30
-1.05846599999995
  0
TEXT
  5
687
330
1F
100
AcDbEntity
  8
PT_ASSI
100
AcDbText
 10
998.3869887941013
 20
1056.2946797266043
 30
-1.05846599999995
 40
0.14
  1
G-6
 11
998.3869887941013
 21
1056.2946797266043
 31
-1.05846599999995
100
AcDbText
  0
POINT
  5
688
330
1F
100
AcDbEntity
  8
PT_ASSI
100
AcDbPoint
 10
998.1330374977772
 20
1053.6100115908073
 30
-1.05846599999995
  0
TEXT
  5
689
330
1F
100
AcDbEntity
  8
PT_ASSI
100
AcDbText
 10
998.2130374977772
 20
1053.4600115908072
 30
-1.05846599999995
 40
0.14
  1
G-7
 11
998.2130374977772
 21
1053.4600115908072
 31
-1.05846599999995
100
AcDbText
  0
POINT
  5
68A
330
1F
100
AcDbEntity
  8
PT_ASSI
100
AcDbPoint
 10
997.8231101881298
 20
1048.5595113206973
 30
-1.05846599999995
  0
TEXT
  5
68B
330
1F
100
AcDbEntity
  8
PT_ASSI
100
AcDbText
 10
997.9031101881299
 20
1048.4095113206972
 30
-1.05846599999995
 40
0.14
  1
G-8
 11
997.9031101881299
 21
1048.4095113206972
 31
-1.05846599999995
100
AcDbText
  0
POINT
  5
68C
330
1F
100
AcDbEntity
  8
PT_ASSI
100
AcDbPoint
 10
997.7422595856129
 20
1047.2419895111002
 30
-1.05846599999995
  0
TEXT
  5
68D
330
1F
100
AcDbEntity
  8
PT_ASSI
100
AcDbText
 10
997.822259585613
 20
1047.0919895111
 30
-1.05846599999995
 40
0.14
  1
G-9
 11
997.822259585613
 21
1047.0919895111
 31
-1.05846599999995
100
AcDbText
  0
POINT
  5
68E
330
1F
100
AcDbEntity
  8
PT_ASSI
100
AcDbPoint
 10
995.6600159191289
 20
1084.2666334125306
 30
-1.05846599999995
  0
TEXT
  5
68F
330
1F
100
AcDbEntity
  8
PT_ASSI
100
AcDbText
 10
995.740015919129
 20
1084.1166334125305
 30
-1.05846599999995
 40
0.14
  1
H-1
 11
995.740015919129
 21
1084.1166334125305
 31
-1.05846599999995
100
AcDbText
  0
POINT
  5
690
330
1F
100
AcDbEntity
  8
PT_ASSI
100
AcDbPoint
 10
995.3614372166234
 20
1079.37573859311
 30
-1.05846599999995
  0
TEXT
  5
691
330
1F
100
AcDbEntity
  8
PT_ASSI
100
AcDbText
 10
995.4414372166234
 20
1079.22573859311
 30
-1.05846599999995
 40
0.14
  1
H-2
 11
995.4414372166234
 21
1079.22573859311
 31
-1.05846599999995
100
AcDbText
  0
POINT
  5
692
330
1F
100
AcDbEntity
  8
PT_ASSI
100
AcDbPoint
 10
994.8891953912299
 20
1071.6401396439944
 30
-1.05846599999995
  0
TEXT
  5
693
330
1F
100
AcDbEntity
  8
PT_ASSI
100
AcDbText
 10
994.96919539123
 20
1071.4901396439943
 30
-1.05846599999995
 40
0.14
  1
H-3
 11
994.96919539123
 21
1071.4901396439943
 31
-1.05846599999995
100
AcDbText
  0
POINT
  5
694
330
1F
100
AcDbEntity
  8
PT_ASSI
100
AcDbPoint
 10
994.5479702728768
 20
1066.0506714414582
 30
-1.05846599999995
  0
TEXT
  5
695
330
1F
100
AcDbEntity
  8
PT_ASSI
100
AcDbText
 10
994.6279702728768
 20
1065.9006714414581
 30
-1.05846599999995
 40
0.14
  1
H-4
 11
994.6279702728768
 21
1065.9006714414581
 31
-1.05846599999995
100
AcDbText
  0
POINT
  5
696
330
1F
100
AcDbEntity
  8
PT_ASSI
100
AcDbPoint
 10
994.1997223261585
 20
1060.346165178334
 30
-1.05846599999995
  0
TEXT
  5
697
330
1F
100
AcDbEntity
  8
PT_ASSI
100
AcDbText
 10
994.2797223261585
 20
1060.196165178334
 30
-1.05846599999995
 40
0.14
  1
H-5
 11
994.2797223261585
 21
1060.196165178334
 31
-1.05846599999995
100
AcDbText
  0
POINT
  5
698
330
1F
100
AcDbEntity
  8
PT_ASSI
100
AcDbPoint
 10
993.9776163321519
 20
1056.7079383177677
 30
-1.05846599999995
  0
TEXT
  5
699
330
1F
100
AcDbEntity
  8
PT_ASSI
100
AcDbText
 10
994.057616332152
 20
1056.5579383177676
 30
-1.05846599999995
 40
0.14
  1
H-6
 11
994.057616332152
 21
1056.5579383177676
 31
-1.05846599999995
100
AcDbText
  0
POINT
  5
69A
330
1F
100
AcDbEntity
  8
PT_ASSI
100
AcDbPoint
 10
993.8045625535569
 20
1053.8732156061044
 30
-1.05846599999995
  0
TEXT
  5
69B
330
1F
100
AcDbEntity
  8
PT_ASSI
100
AcDbText
 10
993.884562553557
 20
1053.7232156061043
 30
-1.05846599999995
 40
0.14
  1
H-7
 11
993.884562553557
 21
1053.7232156061043
 31
-1.05846599999995
100
AcDbText
  0
POINT
  5
69C
330
1F
100
AcDbEntity
  8
PT_ASSI
100
AcDbPoint
 10
993.4962343423987
 20
1048.8226180987115
 30
-1.05846599999995
  0
TEXT
  5
69D
330
1F
100
AcDbEntity
  8
PT_ASSI
100
AcDbText
 10
993.5762343423987
 20
1048.6726180987114
 30
-1.05846599999995
 40
0.14
  1
H-8
 11
993.5762343423987
 21
1048.6726180987114
 31
-1.05846599999995
100
AcDbText
  0
POINT
  5
69E
330
1F
100
AcDbEntity
  8
PT_ASSI
100
AcDbPoint
 10
993.4158008960094
 20
1047.5050709228665
 30
-1.05846599999995
  0
TEXT
  5
69F
330
1F
100
AcDbEntity
  8
PT_ASSI
100
AcDbText
 10
993.4958008960094
 20
1047.3550709228664
 30
-1.05846599999995
 40
0.14
  1
H-9
 11
993.4958008960094
 21
1047.3550709228664
 31
-1.05846599999995
100
AcDbText
  0
POINT
  5
6A0
330
1F
100
AcDbEntity
  8
PT_ASSI
100
AcDbPoint
 10
993.3641363466655
 20
1084.4062402555637
 30
-1.05846599999995
  0
TEXT
  5
6A1
330
1F
100
AcDbEntity
  8
PT_ASSI
100
AcDbText
 10
993.4441363466656
 20
1084.2562402555636
 30
-1.05846599999995
 40
0.14
  1
I-1
 11
993.4441363466656
 21
1084.2562402555636
 31
-1.05846599999995
100
AcDbText
  0
POINT
  5
6A2
330
1F
100
AcDbEntity
  8
PT_ASSI
100
AcDbPoint
 10
993.0653633310302
 20
1079.5153572518514
 30
-1.05846599999995
  0
TEXT
  5
6A3
330
1F
100
AcDbEntity
  8
PT_ASSI
100
AcDbText
 10
993.1453633310302
 20
1079.3653572518513
 30
-1.05846599999995
 40
0.14
  1
I-2
 11
993.1453633310302
 21
1079.3653572518513
 31
-1.05846599999995
100
AcDbText
  0
POINT
  5
6A4
330
1F
100
AcDbEntity
  8
PT_ASSI
100
AcDbPoint
 10
992.5928141736457
 20
1071.7797769908452
 30
-1.05846599999995
  0
TEXT
  5
6A5
330
1F
100
AcDbEntity
  8
PT_ASSI
100
AcDbText
 10
992.6728141736457
 20
1071.6297769908451
 30
-1.05846599999995
 40
0.14
  1
I-3
 11
992.6728141736457
 21
1071.6297769908451
 31
-1.05846599999995
100
AcDbText
  0
POINT
  5
6A6
330
1F
100
AcDbEntity
  8
PT_ASSI
100
AcDbPoint
 10
992.2513677360059
 20
1066.1903345340731
 30
-1.05846599999995
  0
TEXT
  5
6A7
330
1F
100
AcDbEntity
  8
PT_ASSI
100
AcDbText
 10
992.331367736006
 20
1066.040334534073
 30
-1.05846599999995
 40
0.14
  1
I-4
 11
992.331367736006
 21
1066.040334534073
 31
-1.05846599999995
100
AcDbText
  0
POINT
  5
6A8
330
1F
100
AcDbEntity
  8
PT_ASSI
100
AcDbPoint
 10
991.9028924038672
 20
1060.485829809825
 30
-1.05846599999995
  0
TEXT
  5
6A9
330
1F
100
AcDbEntity
  8
PT_ASSI
100
AcDbText
 10
991.9828924038673
 20
1060.3358298098249
 30
-1.05846599999995
 40
0.14
  1
I-5
 11
991.9828924038673
 21
1060.3358298098249
 31
-1.05846599999995
100
AcDbText
  0
POINT
  5
6AA
330
1F
100
AcDbEntity
  8
PT_ASSI
100
AcDbPoint
 10
991.6806418646855
 20
1056.8476117386983
 30
-1.05846599999995
  0
TEXT
  5
6AB
330
1F
100
AcDbEntity
  8
PT_ASSI
100
AcDbText
 10
991.7606418646856
 20
1056.6976117386982
 30
-1.05846599999995
 40
0.14
  1
I-6
 11
991.7606418646856
 21
1056.6976117386982
 31
-1.05846599999995
100
AcDbText
  0
POINT
  5
6AC
330
1F
100
AcDbEntity
  8
PT_ASSI
100
AcDbPoint
 10
991.5074754637867
 20
1054.012895875323
 30
-1.05846599999995
  0
TEXT
  5
6AD
330
1F
100
AcDbEntity
  8
PT_ASSI
100
AcDbText
 10
991.5874754637867
 20
1053.862895875323
 30
-1.05846599999995
 40
0.14
  1
I-7
 11
991.5874754637867
 21
1053.862895875323
 31
-1.05846599999995
100
AcDbText
  0
POINT
  5
6AE
330
1F
100
AcDbEntity
  8
PT_ASSI
100
AcDbPoint
 10
991.1989465945801
 20
1048.962310569457
 30
-1.05846599999995
  0
TEXT
  5
6AF
330
1F
100
AcDbEntity
  8
PT_ASSI
100
AcDbText
 10
991.2789465945801
 20
1048.812310569457
 30
-1.05846599999995
 40
0.14
  1
I-8
 11
991.2789465945801
 21
1048.812310569457
 31
-1.05846599999995
100
AcDbText
  0
POINT
  5
6B0
330
1F
100
AcDbEntity
  8
PT_ASSI
100
AcDbPoint
 10
991.118460802613
 20
1047.644766576619
 30
-1.05846599999995
  0
TEXT
  5
6B1
330
1F
100
AcDbEntity
  8
PT_ASSI
100
AcDbText
 10
991.198460802613
 20
1047.494766576619
 30
-1.05846599999995
 40
0.14
  1
I-9
 11
991.198460802613
 21
1047.494766576619
 31
-1.05846599999995
100
AcDbText
  0
ENDSEC
  0
SECTION
  2
OBJECTS
  0
DICTIONARY
  5
C
330
0
100
AcDbDictionary
281
1
  3
ACAD_CIP_PREVIOUS_PRODUCT_INFO
350
17B
  3
ACAD_COLOR
350
6C
  3
ACAD_DETAILVIEWSTYLE
350
176
  3
ACAD_GROUP
350
D
  3
ACAD_IMAGE_DICT
350
26A
  3
ACAD_IMAGE_VARS
350
2A3
  3
ACAD_LAYOUT
350
1A
  3
ACAD_MATERIAL
350
6B
  3
ACAD_MLEADERSTYLE
350
FF
  3
ACAD_MLINESTYLE
350
17
  3
ACAD_PLOTSETTINGS
350
19
  3
ACAD_PLOTSTYLENAME
350
E
  3
ACAD_SCALELIST
350
99
  3
ACAD_SECTIONVIEWSTYLE
350
174
  3
ACAD_TABLESTYLE
350
92
  3
ACAD_VISUALSTYLE
350
103
  3
ACDB_RECOMPOSE_DATA
350
44B
  3
AcDbVariableDictionary
350
59
  3
EZDXF_META
350
6B3
  0
SUN
  5
114
330
97
100
AcDbSun
 90
1
290
0
 63
7
421
16777215
 40
1.0
291
1
 91
2455826
 92
54000000
292
0
 70
2
 71
256
280
1
  0
DICTIONARY
  5
13D
330
2
100
AcDbDictionary
280
1
281
1
  3
ACAD_LAYERSTATES
360
13E
  0
XRECORD
  5
17B
102
{ACAD_REACTORS
330
C
102
}
330
C
100
AcDbXrecord
280
1
300
ACD
300
2015
300
ACD_F_S
  0
DICTIONARY
  5
6C
102
{ACAD_REACTORS
330
C
102
}
330
C
100
AcDbDictionary
281
1
  0
DICTIONARY
  5
176
102
{ACAD_REACTORS
330
C
102
}
330
C
100
AcDbDictionary
281
1
  3
Metric50
350
177
  0
DICTIONARY
  5
D
102
{ACAD_REACTORS
330
C
102
}
330
C
100
AcDbDictionary
281
1
  0
DICTIONARY
  5
26A
102
{ACAD_REACTORS
330
C
102
}
330
C
100
AcDbDictionary
281
1
  0
RASTERVARIABLES
  5
2A3
102
{ACAD_REACTORS
330
C
102
}
330
C
100
AcDbRasterVariables
 90
0
 70
1
 71
1
 72
3
  0
DICTIONARY
  5
1A
102
{ACAD_REACTORS
330
C
102
}
330
C
100
AcDbDictionary
281
1
  3
Layout1
350
161
  3
Layout2
350
165
  3
Model
350
22
  0
DICTIONARY
  5
6B
102
{ACAD_REACTORS
330
C
102
}
330
C
100
AcDbDictionary
281
1
  3
ByBlock
350
101
  3
ByLayer
350
100
  3
Global
350
102
  0
DICTIONARY
  5
FF
102
{ACAD_REACTORS
330
C
102
}
330
C
100
AcDbDictionary
281
1
  3
Standard
350
173
  0
DICTIONARY
  5
17
102
{ACAD_REACTORS
330
C
102
}
330
C
100
AcDbDictionary
281
1
  3
Standard
350
18
  0
DICTIONARY
  5
19
102
{ACAD_REACTORS
330
C
102
}
330
C
100
AcDbDictionary
281
1
  0
ACDBDICTIONARYWDFLT
  5
E
102
{ACAD_REACTORS
330
C
102
}
330
C
100
AcDbDictionary
281
1
  3
Normal
350
F
100
AcDbDictionaryWithDefault
340
F
  0
DICTIONARY
  5
99
102
{ACAD_REACTORS
330
C
102
}
330
C
100
AcDbDictionary
281
1
  3
A0
350
D5
  3
A1
350
D6
  3
A2
350
D7
  3
A3
350
D8
  3
A4
350
D9
  3
A5
350
DA
  3
A6
350
DB
  3
A7
350
DC
  3
A8
350
DD
  3
A9
350
DE
  3
B0
350
DF
  3
B1
350
E0
  3
B2
350
E1
  3
B3
350
E2
  3
B4
350
E3
  3
B5
350
E4
  3
B6
350
E5
  3
B7
350
E6
  3
B8
350
E7
  3
B9
350
E8
  3
C0
350
E9
  3
C1
350
EA
  3
C2
350
EB
  3
C3
350
EC
  3
C4
350
ED
  3
C5
350
EE
  3
C6
350
EF
  3
C7
350
F0
  3
C8
350
F1
  3
C9
350
F2
  3
D0
350
F3
  3
D1
350
F4
  3
D2
350
F5
  0
DICTIONARY
  5
174
102
{ACAD_REACTORS
330
C
102
}
330
C
100
AcDbDictionary
281
1
  3
Metric50
350
175
  0
DICTIONARY
  5
92
102
{ACAD_REACTORS
330
C
102
}
330
C
100
AcDbDictionary
281
1
  3
Standard
350
FA
  0
DICTIONARY
  5
103
102
{ACAD_REACTORS
330
C
102
}
330
C
100
AcDbDictionary
281
1
  3
2dWireframe
350
108
  3
3D Hidden
350
10A
  3
3dWireframe
350
109
  3
Basic
350
10B
  3
Brighten
350
10F
  3
ColorChange
350
113
  3
Conceptual
350
10D
  3
Dim
350
10E
  3
EdgeColorOff
350
172
  3
Facepattern
350
112
  3
Flat
350
104
  3
FlatWithEdges
350
105
  3
Gouraud
350
106
  3
GouraudWithEdges
350
107
  3
Hidden
350
16A
  3
JitterOff
350
170
  3
Linepattern
350
111
  3
OverhangOff
350
171
  3
Realistic
350
10C
  3
Shaded
350
16F
  3
Shaded with edges
350
16E
  3
Shades of Gray
350
16B
  3
Sketchy
350
16C
  3
Thicken
350
110
  3
Wireframe
350
169
  3
X-Ray
350
16D
  0
XRECORD
  5
44B
102
{ACAD_REACTORS
330
C
102
}
330
C
100
AcDbXrecord
280
1
 90
1
330
FA
  0
DICTIONARY
  5
59
102
{ACAD_REACTORS
330
C
102
}
330
C
100
AcDbDictionary
281
1
  3
CANNOSCALE
350
22B
  3
CMLEADERSTYLE
350
265
  3
CTABLESTYLE
350
264
  3
CVIEWDETAILSTYLE
350
268
  3
CVIEWSECTIONSTYLE
350
269
  3
DWFFRAME
350
266
  3
XCLIPFRAME
350
267
  0
DICTIONARY
  5
13E
102
{ACAD_REACTORS
330
13D
102
}
330
13D
100
AcDbDictionary
281
1
  0
ACDBDETAILVIEWSTYLE
  5
177
102
{ACAD_XDICTIONARY
360
193
102
}
102
{ACAD_REACTORS
330
176
102
}
330
176
100
AcDbModelDocViewStyle
 70
0
  3
Metric50
290
0
100
AcDbDetailViewStyle
 70
0
 71
0
 90
3
 71
1
340
11
 62
256
 40
5.0
340
0
 62
256
 40
5.0
300

 40
0.0
280
1
 71
2
340
16
 90
25
 62
256
 71
3
340
11
 62
256
 40
5.0
 90
0
 40
15.0
 90
1
300
%<\AcVar ViewDetailId>% (%<\AcVar ViewScale \f "%sn">%)
 71
4
340
16
 90
25
 62
256
340
16
 90
25
 62
256
280
0
  0
LAYOUT
  5
161
102
{ACAD_REACTORS
330
1A
102
}
330
1A
100
AcDbPlotSettings
  1

  2
HP Photosmart C4600 series (reindirizzamento 3)
  4

  6

 40
0.0
 41
0.0
 42
0.0
 43
0.0
 44
0.0
 45
0.0
 46
0.0
 47
0.0
 48
0.0
 49
0.0
140
0.0
141
0.0
142
1.0
143
1.0
 70
688
 72
0
 73
1
 74
5
  7

 75
16
 76
0
 77
2
 78
300
147
1.0
148
0.0
149
0.0
100
AcDbLayout
  1
Layout1
 70
1
 71
1
 10
0.0
 20
0.0
 11
12.0
 21
9.0
 12
0.0
 22
0.0
 32
0.0
 14
0.0
 24
0.0
 34
0.0
 15
0.0
 25
0.0
 35
0.0
146
0.0
 13
0.0
 23
0.0
 33
0.0
 16
1.0
 26
0.0
 36
0.0
 17
0.0
 27
1.0
 37
0.0
 76
0
330
160
  0
LAYOUT
  5
165
102
{ACAD_REACTORS
330
1A
102
}
330
1A
100
AcDbPlotSettings
  1

  2
HP Photosmart C4600 series (reindirizzamento 3)
  4

  6

 40
0.0
 41
0.0
 42
0.0
 43
0.0
 44
0.0
 45
0.0
 46
0.0
 47
0.0
 48
0.0
 49
0.0
140
0.0
141
0.0
142
1.0
143
1.0
 70
688
 72
0
 73
1
 74
5
  7

 75
16
 76
0
 77
2
 78
300
147
1.0
148
0.0
149
0.0
100
AcDbLayout
  1
Layout2
 70
1
 71
2
 10
0.0
 20
0.0
 11
0.0
 21
0.0
 12
0.0
 22
0.0
 32
0.0
 14
0.0
 24
0.0
 34
0.0
 15
0.0
 25
0.0
 35
0.0
146
0.0
 13
0.0
 23
0.0
 33
0.0
 16
1.0
 26
0.0
 36
0.0
 17
0.0
 27
1.0
 37
0.0
 76
0
330
164
  0
LAYOUT
  5
22
102
{ACAD_REACTORS
330
1A
102
}
330
1A
100
AcDbPlotSettings
  1

  2
none_device
  4
none_user_media
  6

 40
3.174999952316284
 41
3.174999952316284
 42
3.1750030517578125
 43
3.17498779296875
 44
210.0
 45
297.0
 46
8.006187377633836
 47
0.0
 48
0.0
 49
0.0
140
0.0
141
0.0
142
1.0
143
2.2956846673527194
 70
11956
 72
1
 73
1
 74
0
  7

 75
0
 76
0
 77
2
 78
300
147
0.4355998949773686
148
24.851866762443137
149
28.432171976623664
100
AcDbLayout
  1
Model
 70
1
 71
0
 10
0.0
 20
0.0
 11
420.0
 21
297.0
 12
0.0
 22
0.0
 32
0.0
 14
0.0
 24
0.0
 34
0.0
 15
0.0
 25
0.0
 35
0.0
146
0.0
 13
0.0
 23
0.0
 33
0.0
 16
1.0
 26
0.0
 36
0.0
 17
0.0
 27
1.0
 37
0.0
 76
0
330
1F
331
97
1001
PROGE_PRINT_SETTINGS
1070
73
1070
1
1001
ACAD_PSEXT
1000
Nessuna
1000
Nessuna
1000
Non applicabile
1000
Il layout non viene stampato a meno che non venga selezionato un nuovo nome di configurazione della stampante.
1070
0
  0
MATERIAL
  5
101
102
{ACAD_REACTORS
330
6B
102
}
330
6B
100
AcDbMaterial
  1
ByBlock
  2

 70
0
 40
1.0
 71
0
 41
1.0
 91
-1023410177
 42
1.0
 72
1
  3

 73
1
 74
1
 75
1
 44
0.5
 73
0
 45
1.0
 46
1.0
 77
1
  4

 78
1
 79
1
170
1
 48
1.0
171
1
  6

172
1
173
1
174
1
140
1.0
141
1.0
175
1
  7

176
1
177
1
178
1
143
1.0
179
1
  8

270
1
271
1
272
1
145
1.0
146
1.0
273
1
  9

274
1
275
1
276
1
 42
1.0
 72
1
  3

 73
1
 74
1
 75
1
 94
127
  0
MATERIAL
  5
100
102
{ACAD_REACTORS
330
6B
102
}
330
6B
100
AcDbMaterial
  1
ByLayer
  2

 70
0
 40
1.0
 71
0
 41
1.0
 91
-1023410177
 42
1.0
 72
1
  3

 73
1
 74
1
 75
1
 44
0.5
 73
0
 45
1.0
 46
1.0
 77
1
  4

 78
1
 79
1
170
1
 48
1.0
171
1
  6

172
1
173
1
174
1
140
1.0
141
1.0
175
1
  7

176
1
177
1
178
1
143
1.0
179
1
  8

270
1
271
1
272
1
145
1.0
146
1.0
273
1
  9

274
1
275
1
276
1
 42
1.0
 72
1
  3

 73
1
 74
1
 75
1
 94
127
  0
MATERIAL
  5
102
102
{ACAD_XDICTIONARY
360
185
102
}
102
{ACAD_REACTORS
330
6B
102
}
330
6B
100
AcDbMaterial
  1
Global
  2

 70
0
 40
1.0
 71
0
 41
1.0
 91
-1023410177
 42
1.0
 72
1
  3

 73
1
 74
1
 75
1
 44
0.5
 73
0
 45
1.0
 46
1.0
 77
1
  4

 78
1
 79
1
170
1
 48
1.0
171
1
  6

172
1
173
1
174
1
140
1.0
141
1.0
175
1
  7

176
1
177
1
178
1
143
1.0
179
1
  8

270
1
271
1
272
1
145
1.0
146
1.0
273
1
  9

274
1
275
1
276
1
 42
1.0
 72
1
  3

 73
1
 74
1
 75
1
 94
127
  0
MLEADERSTYLE
  5
173
102
{ACAD_REACTORS
330
FF
102
}
330
FF
100
AcDbMLeaderStyle
179
2
170
2
171
1
172
0
 90
2
 40
0.0
 41
0.0
173
1
 91
-1056964608
340
14
 92
-2
290
1
 42
2.0
291
1
 43
0.36
  3
Standard
341
0
 44
4.0
300

342
11
174
1
175
1
176
0
178
1
 93
-1056964608
 45
4.0
292
0
297
0
 46
4.0
293
1
343
0
 94
-1056964608
 47
1.0
 49
1.0
140
1.0
294
1
141
0.0
177
0
142
1.0
295
1
296
0
143
0.125
271
0
272
9
273
9
298
1
  0
MLINESTYLE
  5
18
102
{ACAD_REACTORS
330
17
102
}
330
17
100
AcDbMlineStyle
  2
STANDARD
 70
0
  3

 62
256
 51
90.0
 52
90.0
 71
2
 49
0.5
 62
256
  6
BYLAYER
 49
-0.5
 62
256
  6
BYLAYER
  0
ACDBPLACEHOLDER
  5
F
102
{ACAD_REACTORS
330
E
102
}
330
E
  0
SCALE
  5
D5
102
{ACAD_REACTORS
330
99
102
}
330
99
100
AcDbScale
 70
0
300
1:1
140
1.0
141
1.0
290
1
  0
SCALE
  5
D6
102
{ACAD_REACTORS
330
99
102
}
330
99
100
AcDbScale
 70
0
300
1:2
140
1.0
141
2.0
290
0
  0
SCALE
  5
D7
102
{ACAD_REACTORS
330
99
102
}
330
99
100
AcDbScale
 70
0
300
1:4
140
1.0
141
4.0
290
0
  0
SCALE
  5
D8
102
{ACAD_REACTORS
330
99
102
}
330
99
100
AcDbScale
 70
0
300
1:5
140
1.0
141
5.0
290
0
  0
SCALE
  5
D9
102
{ACAD_REACTORS
330
99
102
}
330
99
100
AcDbScale
 70
0
300
1:8
140
1.0
141
8.0
290
0
  0
SCALE
  5
DA
102
{ACAD_REACTORS
330
99
102
}
330
99
100
AcDbScale
 70
0
300
1:10
140
1.0
141
10.0
290
0
  0
SCALE
  5
DB
102
{ACAD_REACTORS
330
99
102
}
330
99
100
AcDbScale
 70
0
300
1:16
140
1.0
141
16.0
290
0
  0
SCALE
  5
DC
102
{ACAD_REACTORS
330
99
102
}
330
99
100
AcDbScale
 70
0
300
1:20
140
1.0
141
20.0
290
0
  0
SCALE
  5
DD
102
{ACAD_REACTORS
330
99
102
}
330
99
100
AcDbScale
 70
0
300
1:30
140
1.0
141
30.0
290
0
  0
SCALE
  5
DE
102
{ACAD_REACTORS
330
99
102
}
330
99
100
AcDbScale
 70
0
300
1:40
140
1.0
141
40.0
290
0
  0
SCALE
  5
DF
102
{ACAD_REACTORS
330
99
102
}
330
99
100
AcDbScale
 70
0
300
1:50
140
1.0
141
50.0
290
0
  0
SCALE
  5
E0
102
{ACAD_REACTORS
330
99
102
}
330
99
100
AcDbScale
 70
0
300
1:100
140
1.0
141
100.0
290
0
  0
SCALE
  5
E1
102
{ACAD_REACTORS
330
99
102
}
330
99
100
AcDbScale
 70
0
300
2:1
140
2.0
141
1.0
290
0
  0
SCALE
  5
E2
102
{ACAD_REACTORS
330
99
102
}
330
99
100
AcDbScale
 70
0
300
4:1
140
4.0
141
1.0
290
0
  0
SCALE
  5
E3
102
{ACAD_REACTORS
330
99
102
}
330
99
100
AcDbScale
 70
0
300
8:1
140
8.0
141
1.0
290
0
  0
SCALE
  5
E4
102
{ACAD_REACTORS
330
99
102
}
330
99
100
AcDbScale
 70
0
300
10:1
140
10.0
141
1.0
290
0
  0
SCALE
  5
E5
102
{ACAD_REACTORS
330
99
102
}
330
99
100
AcDbScale
 70
0
300
100:1
140
100.0
141
1.0
290
0
  0
SCALE
  5
E6
102
{ACAD_REACTORS
330
99
102
}
330
99
100
AcDbScale
 70
0
300
1/128" = 1'-0"
140
0.0078125
141
12.0
290
0
  0
SCALE
  5
E7
102
{ACAD_REACTORS
330
99
102
}
330
99
100
AcDbScale
 70
0
300
1/64" = 1'-0"
140
0.015625
141
12.0
290
0
  0
SCALE
  5
E8
102
{ACAD_REACTORS
330
99
102
}
330
99
100
AcDbScale
 70
0
300
1/32" = 1'-0"
140
0.03125
141
12.0
290
0
  0
SCALE
  5
E9
102
{ACAD_REACTORS
330
99
102
}
330
99
100
AcDbScale
 70
0
300
1/16" = 1'-0"
140
0.0625
141
12.0
290
0
  0
SCALE
  5
EA
102
{ACAD_REACTORS
330
99
102
}
330
99
100
AcDbScale
 70
0
300
3/32" = 1'-0"
140
0.09375
141
12.0
290
0
  0
SCALE
  5
EB
102
{ACAD_REACTORS
330
99
102
}
330
99
100
AcDbScale
 70
0
300
1/8" = 1'-0"
140
0.125
141
12.0
290
0
  0
SCALE
  5
EC
102
{ACAD_REACTORS
330
99
102
}
330
99
100
AcDbScale
 70
0
300
3/16" = 1'-0"
140
0.1875
141
12.0
290
0
  0
SCALE
  5
ED
102
{ACAD_REACTORS
330
99
102
}
330
99
100
AcDbScale
 70
0
300
1/4" = 1'-0"
140
0.25
141
12.0
290
0
  0
SCALE
  5
EE
102
{ACAD_REACTORS
330
99
102
}
330
99
100
AcDbScale
 70
0
300
3/8" = 1'-0"
140
0.375
141
12.0
290
0
  0
SCALE
  5
EF
102
{ACAD_REACTORS
330
99
102
}
330
99
100
AcDbScale
 70
0
300
1/2" = 1'-0"
140
0.5
141
12.0
290
0
  0
SCALE
  5
F0
102
{ACAD_REACTORS
330
99
102
}
330
99
100
AcDbScale
 70
0
300
3/4" = 1'-0"
140
0.75
141
12.0
290
0
  0
SCALE
  5
F1
102
{ACAD_REACTORS
330
99
102
}
330
99
100
AcDbScale
 70
0
300
1" = 1'-0"
140
1.0
141
12.0
290
0
  0
SCALE
  5
F2
102
{ACAD_REACTORS
330
99
102
}
330
99
100
AcDbScale
 70
0
300
1-1/2" = 1'-0"
140
1.5
141
12.0
290
0
  0
SCALE
  5
F3
102
{ACAD_REACTORS
330
99
102
}
330
99
100
AcDbScale
 70
0
300
3" = 1'-0"
140
3.0
141
12.0
290
0
  0
SCALE
  5
F4
102
{ACAD_REACTORS
330
99
102
}
330
99
100
AcDbScale
 70
0
300
6" = 1'-0"
140
6.0
141
12.0
290
0
  0
SCALE
  5
F5
102
{ACAD_REACTORS
330
99
102
}
330
99
100
AcDbScale
 70
0
300
1'-0" = 1'-0"
140
12.0
141
12.0
290
0
  0
ACDBSECTIONVIEWSTYLE
  5
175
102
{ACAD_XDICTIONARY
360
191
102
}
102
{ACAD_REACTORS
330
174
102
}
330
174
100
AcDbModelDocViewStyle
 70
0
  3
Metric50
290
0
100
AcDbSectionViewStyle
 70
0
 71
0
 90
102
 71
1
340
11
 62
256
 40
5.0
340
0
340
0
 62
256
 40
5.0
300
I, O, Q, S, X, Z
 40
10.0
 90
0
 40
2.5
 90
0
 71
2
340
16
 90
25
 62
256
340
16
 90
50
 62
256
 40
5.0
 40
2.5
 40
5.0
 71
3
340
11
 62
256
 40
5.0
 90
0
 40
15.0
 90
1
300
%<\AcVar ViewSectionStartId>%-%<\AcVar ViewSectionEndId>% (%<\AcVar ViewScale \f "%sn">%)
 71
4
 62
256
 62
257
300
ANSI31
 40
1.0
 90
0
290
0
290
0
 90
6
 40
0.0
 40
1.5707963267948966
 40
0.2617993877991494
 40
1.3089969389957472
 40
-0.2617993877991494
 40
1.8325957145940461
  0
TABLESTYLE
  5
FA
102
{ACAD_XDICTIONARY
360
449
102
}
102
{ACAD_REACTORS
330
92
102
}
330
92
100
AcDbTableStyle
  3
Standard
 70
0
 71
0
 40
1.5
 41
1.5
280
0
281
0
  7
Standard
140
4.5
170
2
 62
0
 63
257
283
0
 90
512
 91
0
  1

274
-2
284
1
 64
0
275
-2
285
1
 65
0
276
-2
286
1
 66
0
277
-2
287
1
 67
0
278
-2
288
1
 68
0
279
-2
289
1
 69
0
  7
Standard
140
6.0
170
5
 62
0
 63
257
283
0
 90
512
 91
0
  1

274
-2
284
1
 64
0
275
-2
285
1
 65
0
276
-2
286
1
 66
0
277
-2
287
1
 67
0
278
-2
288
1
 68
0
279
-2
289
1
 69
0
  7
Standard
140
4.5
170
5
 62
0
 63
257
283
0
 90
512
 91
0
  1

274
-2
284
1
 64
0
275
-2
285
1
 65
0
276
-2
286
1
 66
0
277
-2
287
1
 67
0
278
-2
288
1
 68
0
279
-2
289
1
 69
0
  0
VISUALSTYLE
  5
108
102
{ACAD_REACTORS
330
103
102
}
330
103
100
AcDbVisualStyle
  2
2dWireframe
 70
4
177
3
291
0
 70
58
 90
0
176
1
 90
2
176
1
 90
0
176
1
 90
0
176
1
 40
0.6
176
1
 40
30.0
176
1
 62
7
420
16777215
176
1
 90
1
176
1
 90
4
176
1
 62
7
176
1
 62
257
176
1
 90
1
176
1
 90
1
176
1
 40
1.0
176
1
 90
0
176
1
 62
257
176
1
 40
1.0
176
1
 90
1
176
1
 90
6
176
1
 90
2
176
1
 62
7
176
1
 90
5
176
1
 90
0
176
1
 90
0
176
1
290
0
176
1
 90
1
176
1
 40
0.0
176
1
 90
0
176
1
290
1
176
1
290
1
176
1
290
0
176
1
290
0
176
1
290
0
176
1
290
0
176
1
290
0
176
1
290
0
176
1
290
0
176
1
 90
50
176
1
 40
0.0
176
1
 40
1.0
176
1
 90
0
176
1
 62
18
420
0
176
1
 90
50
176
1
 90
3
176
1
 62
5
420
255
176
1
290
0
176
1
 90
50
176
1
 90
50
176
1
 90
50
176
1
290
0
176
1
 90
50
176
1
 62
256
176
0
 40
1.0
176
0
 90
2
176
1
  1
strokes_ogs.tif
176
1
290
0
176
1
 40
1.0
176
1
 40
1.0
176
1
  0
VISUALSTYLE
  5
10A
102
{ACAD_REACTORS
330
103
102
}
330
103
100
AcDbVisualStyle
  2
3D Hidden
 70
6
177
3
291
0
 70
58
 90
1
176
1
 90
2
176
1
 90
2
176
1
 90
0
176
1
 40
0.6
176
1
 40
30.0
176
1
 62
7
420
16777215
176
1
 90
2
176
1
 90
2
176
1
 62
7
176
1
 62
257
176
1
 90
2
176
1
 90
1
176
1
 40
40.0
176
1
 90
0
176
1
 62
257
176
1
 40
1.0
176
1
 90
1
176
1
 90
6
176
1
 90
2
176
1
 62
7
176
1
 90
3
176
1
 90
0
176
1
 90
0
176
1
290
0
176
1
 90
1
176
1
 40
0.0
176
1
 90
0
176
1
290
0
176
1
290
1
176
1
290
1
176
1
290
0
176
1
290
0
176
1
290
0
176
1
290
0
176
1
290
0
176
1
290
0
176
1
 90
50
176
1
 40
0.0
176
1
 40
1.0
176
1
 90
0
176
1
 62
18
420
0
176
1
 90
50
176
1
 90
3
176
1
 62
5
420
255
176
1
290
0
176
1
 90
50
176
1
 90
50
176
1
 90
50
176
1
290
0
176
1
 90
50
176
1
 62
256
176
0
 40
1.0
176
0
 90
2
176
1
  1
strokes_ogs.tif
176
1
290
0
176
1
 40
1.0
176
1
 40
1.0
176
1
  0
VISUALSTYLE
  5
109
102
{ACAD_REACTORS
330
103
102
}
330
103
100
AcDbVisualStyle
  2
3dWireframe
 70
5
177
3
291
0
 70
58
 90
0
176
1
 90
2
176
1
 90
0
176
1
 90
0
176
1
 40
0.6
176
1
 40
30.0
176
1
 62
7
420
16777215
176
1
 90
1
176
1
 90
4
176
1
 62
7
176
1
 62
257
176
1
 90
1
176
1
 90
1
176
1
 40
1.0
176
1
 90
0
176
1
 62
257
176
1
 40
1.0
176
1
 90
1
176
1
 90
6
176
1
 90
2
176
1
 62
7
176
1
 90
5
176
1
 90
0
176
1
 90
0
176
1
290
0
176
1
 90
1
176
1
 40
0.0
176
1
 90
0
176
1
290
0
176
1
290
1
176
1
290
1
176
1
290
0
176
1
290
0
176
1
290
0
176
1
290
0
176
1
290
0
176
1
290
0
176
1
 90
50
176
1
 40
0.0
176
1
 40
1.0
176
1
 90
0
176
1
 62
18
420
0
176
1
 90
50
176
1
 90
3
176
1
 62
5
420
255
176
1
290
0
176
1
 90
50
176
1
 90
50
176
1
 90
50
176
1
290
0
176
1
 90
50
176
1
 62
256
176
0
 40
1.0
176
0
 90
2
176
1
  1
strokes_ogs.tif
176
1
290
0
176
1
 40
1.0
176
1
 40
1.0
176
1
  0
VISUALSTYLE
  5
10B
102
{ACAD_REACTORS
330
103
102
}
330
103
100
AcDbVisualStyle
  2
Basic
 70
7
177
3
291
1
 70
58
 90
1
176
1
 90
0
176
1
 90
1
176
1
 90
0
176
1
 40
0.6
176
1
 40
30.0
176
1
 62
7
420
16777215
176
1
 90
0
176
1
 90
4
176
1
 62
7
176
1
 62
257
176
1
 90
1
176
1
 90
1
176
1
 40
1.0
176
1
 90
8
176
1
 62
7
176
1
 40
1.0
176
1
 90
1
176
1
 90
6
176
1
 90
2
176
1
 62
7
176
1
 90
5
176
1
 90
0
176
1
 90
0
176
1
290
0
176
1
 90
1
176
1
 40
0.0
176
1
 90
0
176
1
290
0
176
1
290
1
176
1
290
1
176
1
290
0
176
1
290
0
176
1
290
0
176
1
290
0
176
1
290
0
176
1
290
0
176
1
 90
50
176
1
 40
0.0
176
1
 40
1.0
176
1
 90
0
176
1
 62
18
420
0
176
1
 90
50
176
1
 90
3
176
1
 62
5
420
255
176
1
290
0
176
1
 90
50
176
1
 90
50
176
1
 90
50
176
1
290
0
176
1
 90
50
176
1
 62
256
176
0
 40
1.0
176
0
 90
2
176
1
  1
strokes_ogs.tif
176
1
290
0
176
1
 40
1.0
176
1
 40
1.0
176
1
  0
VISUALSTYLE
  5
10F
102
{ACAD_REACTORS
330
103
102
}
330
103
100
AcDbVisualStyle
  2
Brighten
 70
12
177
3
291
1
 70
58
 90
2
176
1
 90
2
176
1
 90
0
176
1
 90
0
176
1
 40
0.6
176
1
 40
30.0
176
1
 62
7
420
16777215
176
1
 90
1
176
1
 90
4
176
1
 62
7
176
1
 62
257
176
1
 90
1
176
1
 90
1
176
1
 40
1.0
176
1
 90
8
176
1
 62
7
176
1
 40
1.0
176
1
 90
1
176
1
 90
6
176
1
 90
2
176
1
 62
7
176
1
 90
5
176
1
 90
0
176
1
 90
0
176
1
290
0
176
1
 90
1
176
1
 40
50.0
176
1
 90
0
176
1
290
0
176
1
290
1
176
1
290
1
176
1
290
0
176
1
290
0
176
1
290
0
176
1
290
0
176
1
290
0
176
1
290
0
176
1
 90
50
176
1
 40
0.0
176
1
 40
1.0
176
1
 90
0
176
1
 62
18
420
0
176
1
 90
50
176
1
 90
3
176
1
 62
5
420
255
176
1
290
0
176
1
 90
50
176
1
 90
50
176
1
 90
50
176
1
290
0
176
1
 90
50
176
1
 62
256
176
0
 40
1.0
176
0
 90
2
176
1
  1
strokes_ogs.tif
176
1
290
0
176
1
 40
1.0
176
1
 40
1.0
176
1
  0
VISUALSTYLE
  5
113
102
{ACAD_REACTORS
330
103
102
}
330
103
100
AcDbVisualStyle
  2
ColorChange
 70
16
177
3
291
1
 70
58
 90
2
176
1
 90
2
176
1
 90
3
176
1
 90
0
176
1
 40
0.6
176
1
 40
30.0
176
1
 62
8
420
8421504
176
1
 90
1
176
1
 90
4
176
1
 62
7
176
1
 62
257
176
1
 90
1
176
1
 90
1
176
1
 40
1.0
176
1
 90
8
176
1
 62
8
420
8421504
176
1
 40
1.0
176
1
 90
1
176
1
 90
6
176
1
 90
2
176
1
 62
7
176
1
 90
5
176
1
 90
0
176
1
 90
0
176
1
290
0
176
1
 90
1
176
1
 40
0.0
176
1
 90
0
176
1
290
0
176
1
290
1
176
1
290
1
176
1
290
0
176
1
290
0
176
1
290
0
176
1
290
0
176
1
290
0
176
1
290
0
176
1
 90
50
176
1
 40
0.0
176
1
 40
1.0
176
1
 90
0
176
1
 62
18
420
0
176
1
 90
50
176
1
 90
3
176
1
 62
5
420
255
176
1
290
0
176
1
 90
50
176
1
 90
50
176
1
 90
50
176
1
290
0
176
1
 90
50
176
1
 62
256
176
0
 40
1.0
176
0
 90
2
176
1
  1
strokes_ogs.tif
176
1
290
0
176
1
 40
1.0
176
1
 40
1.0
176
1
  0
VISUALSTYLE
  5
10D
102
{ACAD_REACTORS
330
103
102
}
330
103
100
AcDbVisualStyle
  2
Conceptual
 70
9
177
3
291
0
 70
58
 90
3
176
1
 90
2
176
1
 90
0
176
1
 90
0
176
1
 40
0.6
176
1
 40
30.0
176
1
 62
7
420
16777215
176
1
 90
2
176
1
 90
2
176
1
 62
7
176
1
 62
257
176
1
 90
1
176
1
 90
1
176
1
 40
40.0
176
1
 90
8
176
1
 62
7
176
1
 40
1.0
176
1
 90
1
176
1
 90
6
176
1
 90
2
176
1
 62
7
176
1
 90
3
176
1
 90
0
176
1
 90
0
176
1
290
0
176
1
 90
1
176
1
 40
0.0
176
1
 90
0
176
1
290
0
176
1
290
1
176
1
290
1
176
1
290
0
176
1
290
0
176
1
290
0
176
1
290
0
176
1
290
0
176
1
290
0
176
1
 90
50
176
1
 40
0.0
176
1
 40
1.0
176
1
 90
0
176
1
 62
18
420
0
176
1
 90
50
176
1
 90
3
176
1
 62
5
420
255
176
1
290
0
176
1
 90
50
176
1
 90
50
176
1
 90
50
176
1
290
0
176
1
 90
50
176
1
 62
256
176
0
 40
1.0
176
0
 90
2
176
1
  1
strokes_ogs.tif
176
1
290
0
176
1
 40
1.0
176
1
 40
1.0
176
1
  0
VISUALSTYLE
  5
10E
102
{ACAD_REACTORS
330
103
102
}
330
103
100
AcDbVisualStyle
  2
Dim
 70
11
177
3
291
1
 70
58
 90
2
176
1
 90
2
176
1
 90
0
176
1
 90
0
176
1
 40
0.6
176
1
 40
30.0
176
1
 62
7
420
16777215
176
1
 90
1
176
1
 90
4
176
1
 62
7
176
1
 62
257
176
1
 90
1
176
1
 90
1
176
1
 40
1.0
176
1
 90
8
176
1
 62
7
176
1
 40
1.0
176
1
 90
1
176
1
 90
6
176
1
 90
2
176
1
 62
7
176
1
 90
5
176
1
 90
0
176
1
 90
0
176
1
290
0
176
1
 90
1
176
1
 40
-50.0
176
1
 90
0
176
1
290
0
176
1
290
1
176
1
290
1
176
1
290
0
176
1
290
0
176
1
290
0
176
1
290
0
176
1
290
0
176
1
290
0
176
1
 90
50
176
1
 40
0.0
176
1
 40
1.0
176
1
 90
0
176
1
 62
18
420
0
176
1
 90
50
176
1
 90
3
176
1
 62
5
420
255
176
1
290
0
176
1
 90
50
176
1
 90
50
176
1
 90
50
176
1
290
0
176
1
 90
50
176
1
 62
256
176
0
 40
1.0
176
0
 90
2
176
1
  1
strokes_ogs.tif
176
1
290
0
176
1
 40
1.0
176
1
 40
1.0
176
1
  0
VISUALSTYLE
  5
172
102
{ACAD_REACTORS
330
103
102
}
330
103
100
AcDbVisualStyle
  2
EdgeColorOff
 70
22
177
3
291
1
 70
58
 90
2
176
0
 90
2
176
0
 90
0
176
0
 90
0
176
0
 40
0.6
176
0
 40
30.0
176
0
 62
7
420
16777215
176
0
 90
1
176
0
 90
4
176
0
 62
7
176
0
 62
257
176
0
 90
1
176
0
 90
1
176
0
 40
1.0
176
0
 90
8
176
2
 62
7
176
0
 40
1.0
176
0
 90
1
176
0
 90
6
176
0
 90
2
176
0
 62
7
176
0
 90
5
176
0
 90
0
176
0
 90
0
176
0
290
0
176
0
 90
1
176
0
 40
0.0
176
0
 90
0
176
0
290
0
176
1
290
1
176
1
290
1
176
1
290
0
176
1
290
0
176
1
290
0
176
1
290
0
176
1
290
0
176
1
290
0
176
1
 90
50
176
1
 40
0.0
176
1
 40
1.0
176
1
 90
0
176
1
 62
18
420
0
176
1
 90
50
176
1
 90
3
176
1
 62
5
420
255
176
1
290
0
176
1
 90
50
176
1
 90
50
176
1
 90
50
176
1
290
0
176
1
 90
50
176
1
 62
256
176
0
 40
1.0
176
0
 90
2
176
1
  1
strokes_ogs.tif
176
1
290
0
176
1
 40
1.0
176
1
 40
1.0
176
1
  0
VISUALSTYLE
  5
112
102
{ACAD_REACTORS
330
103
102
}
330
103
100
AcDbVisualStyle
  2
Facepattern
 70
15
177
3
291
1
 70
58
 90
2
176
1
 90
2
176
1
 90
0
176
1
 90
0
176
1
 40
0.6
176
1
 40
30.0
176
1
 62
7
420
16777215
176
1
 90
1
176
1
 90
4
176
1
 62
7
176
1
 62
257
176
1
 90
1
176
1
 90
1
176
1
 40
1.0
176
1
 90
8
176
1
 62
7
176
1
 40
1.0
176
1
 90
1
176
1
 90
6
176
1
 90
2
176
1
 62
7
176
1
 90
5
176
1
 90
0
176
1
 90
0
176
1
290
0
176
1
 90
1
176
1
 40
0.0
176
1
 90
0
176
1
290
0
176
1
290
1
176
1
290
1
176
1
290
0
176
1
290
0
176
1
290
0
176
1
290
0
176
1
290
0
176
1
290
0
176
1
 90
50
176
1
 40
0.0
176
1
 40
1.0
176
1
 90
0
176
1
 62
18
420
0
176
1
 90
50
176
1
 90
3
176
1
 62
5
420
255
176
1
290
0
176
1
 90
50
176
1
 90
50
176
1
 90
50
176
1
290
0
176
1
 90
50
176
1
 62
256
176
0
 40
1.0
176
0
 90
2
176
1
  1
strokes_ogs.tif
176
1
290
0
176
1
 40
1.0
176
1
 40
1.0
176
1
  0
VISUALSTYLE
  5
104
102
{ACAD_REACTORS
330
103
102
}
330
103
100
AcDbVisualStyle
  2
Flat
 70
0
177
3
291
1
 70
58
 90
2
176
1
 90
1
176
1
 90
1
176
1
 90
2
176
1
 40
0.6
176
1
 40
30.0
176
1
 62
7
420
16777215
176
1
 90
0
176
1
 90
4
176
1
 62
7
176
1
 62
257
176
1
 90
1
176
1
 90
1
176
1
 40
1.0
176
1
 90
8
176
1
 62
7
176
1
 40
1.0
176
1
 90
1
176
1
 90
6
176
1
 90
2
176
1
 62
7
176
1
 90
5
176
1
 90
0
176
1
 90
0
176
1
290
0
176
1
 90
13
176
1
 40
0.0
176
1
 90
0
176
1
290
0
176
1
290
1
176
1
290
1
176
1
290
0
176
1
290
0
176
1
290
0
176
1
290
0
176
1
290
0
176
1
290
0
176
1
 90
50
176
1
 40
0.0
176
1
 40
1.0
176
1
 90
0
176
1
 62
18
420
0
176
1
 90
50
176
1
 90
3
176
1
 62
5
420
255
176
1
290
0
176
1
 90
50
176
1
 90
50
176
1
 90
50
176
1
290
0
176
1
 90
50
176
1
 62
256
176
0
 40
1.0
176
0
 90
2
176
1
  1
strokes_ogs.tif
176
1
290
0
176
1
 40
1.0
176
1
 40
1.0
176
1
  0
VISUALSTYLE
  5
105
102
{ACAD_REACTORS
330
103
102
}
330
103
100
AcDbVisualStyle
  2
FlatWithEdges
 70
1
177
3
291
1
 70
58
 90
2
176
1
 90
1
176
1
 90
1
176
1
 90
2
176
1
 40
0.6
176
1
 40
30.0
176
1
 62
7
420
16777215
176
1
 90
1
176
1
 90
4
176
1
 62
7
176
1
 62
257
176
1
 90
1
176
1
 90
1
176
1
 40
1.0
176
1
 90
0
176
1
 62
257
176
1
 40
1.0
176
1
 90
1
176
1
 90
6
176
1
 90
2
176
1
 62
7
176
1
 90
5
176
1
 90
0
176
1
 90
0
176
1
290
0
176
1
 90
13
176
1
 40
0.0
176
1
 90
0
176
1
290
0
176
1
290
1
176
1
290
1
176
1
290
0
176
1
290
0
176
1
290
0
176
1
290
0
176
1
290
0
176
1
290
0
176
1
 90
50
176
1
 40
0.0
176
1
 40
1.0
176
1
 90
0
176
1
 62
18
420
0
176
1
 90
50
176
1
 90
3
176
1
 62
5
420
255
176
1
290
0
176
1
 90
50
176
1
 90
50
176
1
 90
50
176
1
290
0
176
1
 90
50
176
1
 62
256
176
0
 40
1.0
176
0
 90
2
176
1
  1
strokes_ogs.tif
176
1
290
0
176
1
 40
1.0
176
1
 40
1.0
176
1
  0
VISUALSTYLE
  5
106
102
{ACAD_REACTORS
330
103
102
}
330
103
100
AcDbVisualStyle
  2
Gouraud
 70
2
177
3
291
1
 70
58
 90
2
176
1
 90
2
176
1
 90
1
176
1
 90
2
176
1
 40
0.6
176
1
 40
30.0
176
1
 62
7
420
16777215
176
1
 90
0
176
1
 90
4
176
1
 62
7
176
1
 62
257
176
1
 90
1
176
1
 90
1
176
1
 40
1.0
176
1
 90
0
176
1
 62
7
176
1
 40
1.0
176
1
 90
1
176
1
 90
6
176
1
 90
2
176
1
 62
7
176
1
 90
5
176
1
 90
0
176
1
 90
0
176
1
290
0
176
1
 90
13
176
1
 40
0.0
176
1
 90
0
176
1
290
0
176
1
290
1
176
1
290
1
176
1
290
0
176
1
290
0
176
1
290
0
176
1
290
0
176
1
290
0
176
1
290
0
176
1
 90
50
176
1
 40
0.0
176
1
 40
1.0
176
1
 90
0
176
1
 62
18
420
0
176
1
 90
50
176
1
 90
3
176
1
 62
5
420
255
176
1
290
0
176
1
 90
50
176
1
 90
50
176
1
 90
50
176
1
290
0
176
1
 90
50
176
1
 62
256
176
0
 40
1.0
176
0
 90
2
176
1
  1
strokes_ogs.tif
176
1
290
0
176
1
 40
1.0
176
1
 40
1.0
176
1
  0
VISUALSTYLE
  5
107
102
{ACAD_REACTORS
330
103
102
}
330
103
100
AcDbVisualStyle
  2
GouraudWithEdges
 70
3
177
3
291
1
 70
58
 90
2
176
1
 90
2
176
1
 90
1
176
1
 90
2
176
1
 40
0.6
176
1
 40
30.0
176
1
 62
7
420
16777215
176
1
 90
1
176
1
 90
4
176
1
 62
7
176
1
 62
257
176
1
 90
1
176
1
 90
1
176
1
 40
1.0
176
1
 90
0
176
1
 62
257
176
1
 40
1.0
176
1
 90
1
176
1
 90
6
176
1
 90
2
176
1
 62
7
176
1
 90
5
176
1
 90
0
176
1
 90
0
176
1
290
0
176
1
 90
13
176
1
 40
0.0
176
1
 90
0
176
1
290
0
176
1
290
1
176
1
290
1
176
1
290
0
176
1
290
0
176
1
290
0
176
1
290
0
176
1
290
0
176
1
290
0
176
1
 90
50
176
1
 40
0.0
176
1
 40
1.0
176
1
 90
0
176
1
 62
18
420
0
176
1
 90
50
176
1
 90
3
176
1
 62
5
420
255
176
1
290
0
176
1
 90
50
176
1
 90
50
176
1
 90
50
176
1
290
0
176
1
 90
50
176
1
 62
256
176
0
 40
1.0
176
0
 90
2
176
1
  1
strokes_ogs.tif
176
1
290
0
176
1
 40
1.0
176
1
 40
1.0
176
1
  0
VISUALSTYLE
  5
16A
102
{ACAD_REACTORS
330
103
102
}
330
103
100
AcDbVisualStyle
  2
Hidden
 70
6
177
3
291
0
 70
58
 90
1
176
1
 90
2
176
1
 90
2
176
1
 90
0
176
1
 40
0.6
176
1
 40
30.0
176
1
 62
7
420
16777215
176
1
 90
2
176
1
 90
2
176
1
 62
7
176
1
 62
257
176
1
 90
2
176
1
 90
1
176
1
 40
40.0
176
1
 90
0
176
1
 62
257
176
1
 40
1.0
176
1
 90
1
176
1
 90
6
176
1
 90
2
176
1
 62
7
176
1
 90
3
176
1
 90
0
176
1
 90
0
176
1
290
0
176
1
 90
1
176
1
 40
0.0
176
1
 90
0
176
1
290
0
176
1
290
1
176
1
290
1
176
1
290
0
176
1
290
0
176
1
290
0
176
1
290
0
176
1
290
0
176
1
290
0
176
1
 90
50
176
1
 40
0.0
176
1
 40
1.0
176
1
 90
0
176
1
 62
18
420
0
176
1
 90
50
176
1
 90
3
176
1
 62
5
420
255
176
1
290
0
176
1
 90
50
176
1
 90
50
176
1
 90
50
176
1
290
0
176
1
 90
50
176
1
 62
256
176
0
 40
1.0
176
0
 90
2
176
1
  1
strokes_ogs.tif
176
1
290
0
176
1
 40
1.0
176
1
 40
1.0
176
1
  0
VISUALSTYLE
  5
170
102
{ACAD_REACTORS
330
103
102
}
330
103
100
AcDbVisualStyle
  2
JitterOff
 70
20
177
3
291
1
 70
58
 90
2
176
0
 90
2
176
0
 90
0
176
0
 90
0
176
0
 40
0.6
176
0
 40
30.0
176
0
 62
7
420
16777215
176
0
 90
1
176
0
 90
4
176
0
 62
7
176
0
 62
257
176
0
 90
1
176
0
 90
1
176
0
 40
1.0
176
0
 90
10
176
2
 62
7
176
0
 40
1.0
176
0
 90
1
176
0
 90
6
176
0
 90
2
176
0
 62
7
176
0
 90
5
176
0
 90
0
176
0
 90
0
176
0
290
0
176
0
 90
1
176
0
 40
0.0
176
0
 90
0
176
0
290
0
176
1
290
1
176
1
290
1
176
1
290
0
176
1
290
0
176
1
290
0
176
1
290
0
176
1
290
0
176
1
290
0
176
1
 90
50
176
1
 40
0.0
176
1
 40
1.0
176
1
 90
0
176
1
 62
18
420
0
176
1
 90
50
176
1
 90
3
176
1
 62
5
420
255
176
1
290
0
176
1
 90
50
176
1
 90
50
176
1
 90
50
176
1
290
0
176
1
 90
50
176
1
 62
256
176
0
 40
1.0
176
0
 90
2
176
1
  1
strokes_ogs.tif
176
1
290
0
176
1
 40
1.0
176
1
 40
1.0
176
1
  0
VISUALSTYLE
  5
111
102
{ACAD_REACTORS
330
103
102
}
330
103
100
AcDbVisualStyle
  2
Linepattern
 70
14
177
3
291
1
 70
58
 90
2
176
1
 90
2
176
1
 90
0
176
1
 90
0
176
1
 40
0.6
176
1
 40
30.0
176
1
 62
7
420
16777215
176
1
 90
1
176
1
 90
4
176
1
 62
7
176
1
 62
257
176
1
 90
7
176
1
 90
7
176
1
 40
1.0
176
1
 90
8
176
1
 62
7
176
1
 40
1.0
176
1
 90
1
176
1
 90
6
176
1
 90
2
176
1
 62
7
176
1
 90
5
176
1
 90
0
176
1
 90
0
176
1
290
0
176
1
 90
1
176
1
 40
0.0
176
1
 90
0
176
1
290
0
176
1
290
1
176
1
290
1
176
1
290
0
176
1
290
0
176
1
290
0
176
1
290
0
176
1
290
0
176
1
290
0
176
1
 90
50
176
1
 40
0.0
176
1
 40
1.0
176
1
 90
0
176
1
 62
18
420
0
176
1
 90
50
176
1
 90
3
176
1
 62
5
420
255
176
1
290
0
176
1
 90
50
176
1
 90
50
176
1
 90
50
176
1
290
0
176
1
 90
50
176
1
 62
256
176
0
 40
1.0
176
0
 90
2
176
1
  1
strokes_ogs.tif
176
1
290
0
176
1
 40
1.0
176
1
 40
1.0
176
1
  0
VISUALSTYLE
  5
171
102
{ACAD_REACTORS
330
103
102
}
330
103
100
AcDbVisualStyle
  2
OverhangOff
 70
21
177
3
291
1
 70
58
 90
2
176
0
 90
2
176
0
 90
0
176
0
 90
0
176
0
 40
0.6
176
0
 40
30.0
176
0
 62
7
420
16777215
176
0
 90
1
176
0
 90
4
176
0
 62
7
176
0
 62
257
176
0
 90
1
176
0
 90
1
176
0
 40
1.0
176
0
 90
9
176
2
 62
7
176
0
 40
1.0
176
0
 90
1
176
0
 90
6
176
0
 90
2
176
0
 62
7
176
0
 90
5
176
0
 90
0
176
0
 90
0
176
0
290
0
176
0
 90
1
176
0
 40
0.0
176
0
 90
0
176
0
290
0
176
1
290
1
176
1
290
1
176
1
290
0
176
1
290
0
176
1
290
0
176
1
290
0
176
1
290
0
176
1
290
0
176
1
 90
50
176
1
 40
0.0
176
1
 40
1.0
176
1
 90
0
176
1
 62
18
420
0
176
1
 90
50
176
1
 90
3
176
1
 62
5
420
255
176
1
290
0
176
1
 90
50
176
1
 90
50
176
1
 90
50
176
1
290
0
176
1
 90
50
176
1
 62
256
176
0
 40
1.0
176
0
 90
2
176
1
  1
strokes_ogs.tif
176
1
290
0
176
1
 40
1.0
176
1
 40
1.0
176
1
  0
VISUALSTYLE
  5
10C
102
{ACAD_REACTORS
330
103
102
}
330
103
100
AcDbVisualStyle
  2
Realistic
 70
8
177
3
291
0
 70
58
 90
2
176
1
 90
2
176
1
 90
0
176
1
 90
0
176
1
 40
0.6
176
1
 40
30.0
176
1
 62
7
420
16777215
176
1
 90
1
176
1
 90
0
176
1
 62
7
176
1
 62
257
176
1
 90
1
176
1
 90
1
176
1
 40
1.0
176
1
 90
8
176
1
 62
8
420
7895160
176
1
 40
1.0
176
1
 90
1
176
1
 90
6
176
1
 90
2
176
1
 62
7
176
1
 90
5
176
1
 90
0
176
1
 90
0
176
1
290
0
176
1
 90
13
176
1
 40
0.0
176
1
 90
0
176
1
290
0
176
1
290
1
176
1
290
1
176
1
290
0
176
1
290
0
176
1
290
0
176
1
290
0
176
1
290
0
176
1
290
0
176
1
 90
50
176
1
 40
0.0
176
1
 40
1.0
176
1
 90
0
176
1
 62
18
420
0
176
1
 90
50
176
1
 90
3
176
1
 62
5
420
255
176
1
290
0
176
1
 90
50
176
1
 90
50
176
1
 90
50
176
1
290
0
176
1
 90
50
176
1
 62
256
176
0
 40
1.0
176
0
 90
2
176
1
  1
strokes_ogs.tif
176
1
290
0
176
1
 40
1.0
176
1
 40
1.0
176
1
  0
VISUALSTYLE
  5
16F
102
{ACAD_REACTORS
330
103
102
}
330
103
100
AcDbVisualStyle
  2
Shaded
 70
27
177
3
291
0
 70
58
 90
2
176
1
 90
2
176
1
 90
1
176
1
 90
2
176
1
 40
0.6
176
1
 40
30.0
176
1
 62
7
420
16777215
176
1
 90
0
176
1
 90
4
176
1
 62
7
176
1
 62
257
176
1
 90
1
176
1
 90
1
176
1
 40
1.0
176
1
 90
8
176
1
 62
257
176
1
 40
1.0
176
1
 90
1
176
1
 90
6
176
1
 90
2
176
1
 62
8
420
7895160
176
1
 90
3
176
1
 90
0
176
1
 90
0
176
1
290
0
176
1
 90
5
176
1
 40
0.0
176
1
 90
0
176
1
290
0
176
1
290
1
176
1
290
1
176
1
290
0
176
1
290
0
176
1
290
0
176
1
290
0
176
1
290
0
176
1
290
0
176
1
 90
50
176
1
 40
0.0
176
1
 40
1.0
176
1
 90
0
176
1
 62
18
420
0
176
1
 90
50
176
1
 90
3
176
1
 62
5
420
255
176
1
290
0
176
1
 90
50
176
1
 90
50
176
1
 90
50
176
1
290
0
176
1
 90
50
176
1
 62
256
176
0
 40
1.0
176
0
 90
2
176
1
  1
strokes_ogs.tif
176
1
290
0
176
1
 40
1.0
176
1
 40
1.0
176
1
  0
VISUALSTYLE
  5
16E
102
{ACAD_REACTORS
330
103
102
}
330
103
100
AcDbVisualStyle
  2
Shaded with edges
 70
26
177
3
291
0
 70
58
 90
2
176
1
 90
2
176
1
 90
1
176
1
 90
2
176
1
 40
0.6
176
1
 40
30.0
176
1
 62
7
420
16777215
176
1
 90
1
176
1
 90
10
176
1
 62
7
176
1
 62
257
176
1
 90
2
176
1
 90
1
176
1
 40
1.0
176
1
 90
8
176
1
 62
257
176
1
 40
1.0
176
1
 90
1
176
1
 90
6
176
1
 90
2
176
1
 62
7
176
1
 90
3
176
1
 90
0
176
1
 90
0
176
1
290
0
176
1
 90
5
176
1
 40
0.0
176
1
 90
0
176
1
290
0
176
1
290
1
176
1
290
1
176
1
290
0
176
1
290
0
176
1
290
0
176
1
290
0
176
1
290
0
176
1
290
0
176
1
 90
50
176
1
 40
0.0
176
1
 40
1.0
176
1
 90
0
176
1
 62
18
420
0
176
1
 90
50
176
1
 90
3
176
1
 62
5
420
255
176
1
290
0
176
1
 90
50
176
1
 90
50
176
1
 90
50
176
1
290
0
176
1
 90
50
176
1
 62
256
176
0
 40
1.0
176
0
 90
2
176
1
  1
strokes_ogs.tif
176
1
290
0
176
1
 40
1.0
176
1
 40
1.0
176
1
  0
VISUALSTYLE
  5
16B
102
{ACAD_REACTORS
330
103
102
}
330
103
100
AcDbVisualStyle
  2
Shades of Gray
 70
23
177
3
291
0
 70
58
 90
2
176
1
 90
2
176
1
 90
3
176
1
 90
0
176
1
 40
0.6
176
1
 40
30.0
176
1
 62
7
420
16777215
176
1
 90
2
176
1
 90
2
176
1
 62
7
176
1
 62
7
176
1
 90
1
176
1
 90
1
176
1
 40
40.0
176
1
 90
8
176
1
 62
7
176
1
 40
1.0
176
1
 90
1
176
1
 90
6
176
1
 90
2
176
1
 62
7
176
1
 90
3
176
1
 90
0
176
1
 90
0
176
1
290
0
176
1
 90
1
176
1
 40
0.0
176
1
 90
0
176
1
290
0
176
1
290
1
176
1
290
1
176
1
290
0
176
1
290
0
176
1
290
0
176
1
290
0
176
1
290
0
176
1
290
0
176
1
 90
50
176
1
 40
0.0
176
1
 40
1.0
176
1
 90
0
176
1
 62
18
420
0
176
1
 90
50
176
1
 90
3
176
1
 62
5
420
255
176
1
290
0
176
1
 90
50
176
1
 90
50
176
1
 90
50
176
1
290
0
176
1
 90
50
176
1
 62
256
176
0
 40
1.0
176
0
 90
2
176
1
  1
strokes_ogs.tif
176
1
290
0
176
1
 40
1.0
176
1
 40
1.0
176
1
  0
VISUALSTYLE
  5
16C
102
{ACAD_REACTORS
330
103
102
}
330
103
100
AcDbVisualStyle
  2
Sketchy
 70
24
177
3
291
0
 70
58
 90
1
176
1
 90
2
176
1
 90
2
176
1
 90
0
176
1
 40
0.6
176
1
 40
30.0
176
1
 62
7
420
16777215
176
1
 90
2
176
1
 90
2
176
1
 62
7
176
1
 62
7
176
1
 90
1
176
1
 90
1
176
1
 40
40.0
176
1
 90
11
176
1
 62
7
176
1
 40
1.0
176
1
 90
1
176
1
 90
6
176
1
 90
2
176
1
 62
7
176
1
 90
6
176
1
 90
0
176
1
 90
0
176
1
290
0
176
1
 90
1
176
1
 40
0.0
176
1
 90
0
176
1
290
0
176
1
290
1
176
1
290
1
176
1
290
0
176
1
290
0
176
1
290
0
176
1
290
0
176
1
290
0
176
1
290
0
176
1
 90
50
176
1
 40
0.0
176
1
 40
1.0
176
1
 90
0
176
1
 62
18
420
0
176
1
 90
50
176
1
 90
3
176
1
 62
5
420
255
176
1
290
0
176
1
 90
50
176
1
 90
50
176
1
 90
50
176
1
290
0
176
1
 90
50
176
1
 62
256
176
0
 40
1.0
176
0
 90
2
176
1
  1
strokes_ogs.tif
176
1
290
0
176
1
 40
1.0
176
1
 40
1.0
176
1
  0
VISUALSTYLE
  5
110
102
{ACAD_REACTORS
330
103
102
}
330
103
100
AcDbVisualStyle
  2
Thicken
 70
13
177
3
291
1
 70
58
 90
2
176
1
 90
2
176
1
 90
0
176
1
 90
0
176
1
 40
0.6
176
1
 40
30.0
176
1
 62
7
420
16777215
176
1
 90
1
176
1
 90
4
176
1
 62
7
176
1
 62
257
176
1
 90
1
176
1
 90
1
176
1
 40
1.0
176
1
 90
12
176
1
 62
7
176
1
 40
1.0
176
1
 90
1
176
1
 90
6
176
1
 90
2
176
1
 62
7
176
1
 90
5
176
1
 90
0
176
1
 90
0
176
1
290
0
176
1
 90
1
176
1
 40
0.0
176
1
 90
0
176
1
290
0
176
1
290
1
176
1
290
1
176
1
290
0
176
1
290
0
176
1
290
0
176
1
290
0
176
1
290
0
176
1
290
0
176
1
 90
50
176
1
 40
0.0
176
1
 40
1.0
176
1
 90
0
176
1
 62
18
420
0
176
1
 90
50
176
1
 90
3
176
1
 62
5
420
255
176
1
290
0
176
1
 90
50
176
1
 90
50
176
1
 90
50
176
1
290
0
176
1
 90
50
176
1
 62
256
176
0
 40
1.0
176
0
 90
2
176
1
  1
strokes_ogs.tif
176
1
290
0
176
1
 40
1.0
176
1
 40
1.0
176
1
  0
VISUALSTYLE
  5
169
102
{ACAD_REACTORS
330
103
102
}
330
103
100
AcDbVisualStyle
  2
Wireframe
 70
5
177
3
291
0
 70
58
 90
0
176
1
 90
2
176
1
 90
0
176
1
 90
0
176
1
 40
0.6
176
1
 40
30.0
176
1
 62
7
420
16777215
176
1
 90
1
176
1
 90
4
176
1
 62
7
176
1
 62
257
176
1
 90
1
176
1
 90
1
176
1
 40
1.0
176
1
 90
0
176
1
 62
257
176
1
 40
1.0
176
1
 90
1
176
1
 90
6
176
1
 90
2
176
1
 62
7
176
1
 90
3
176
1
 90
0
176
1
 90
0
176
1
290
0
176
1
 90
1
176
1
 40
0.0
176
1
 90
0
176
1
290
0
176
1
290
1
176
1
290
1
176
1
290
0
176
1
290
0
176
1
290
0
176
1
290
0
176
1
290
0
176
1
290
0
176
1
 90
50
176
1
 40
0.0
176
1
 40
1.0
176
1
 90
0
176
1
 62
18
420
0
176
1
 90
50
176
1
 90
3
176
1
 62
5
420
255
176
1
290
0
176
1
 90
50
176
1
 90
50
176
1
 90
50
176
1
290
0
176
1
 90
50
176
1
 62
256
176
0
 40
1.0
176
0
 90
2
176
1
  1
strokes_ogs.tif
176
1
290
0
176
1
 40
1.0
176
1
 40
1.0
176
1
  0
VISUALSTYLE
  5
16D
102
{ACAD_REACTORS
330
103
102
}
330
103
100
AcDbVisualStyle
  2
X-Ray
 70
25
177
3
291
0
 70
58
 90
2
176
1
 90
2
176
1
 90
1
176
1
 90
1
176
1
 40
0.5
176
1
 40
30.0
176
1
 62
7
420
16777215
176
1
 90
1
176
1
 90
0
176
1
 62
7
176
1
 62
257
176
1
 90
1
176
1
 90
1
176
1
 40
1.0
176
1
 90
8
176
1
 62
7
176
1
 40
1.0
176
1
 90
1
176
1
 90
6
176
1
 90
2
176
1
 62
7
176
1
 90
3
176
1
 90
0
176
1
 90
0
176
1
290
0
176
1
 90
13
176
1
 40
0.0
176
1
 90
0
176
1
290
0
176
1
290
1
176
1
290
1
176
1
290
0
176
1
290
0
176
1
290
0
176
1
290
0
176
1
290
0
176
1
290
0
176
1
 90
50
176
1
 40
0.0
176
1
 40
1.0
176
1
 90
0
176
1
 62
18
420
0
176
1
 90
50
176
1
 90
3
176
1
 62
5
420
255
176
1
290
0
176
1
 90
50
176
1
 90
50
176
1
 90
50
176
1
290
0
176
1
 90
50
176
1
 62
256
176
0
 40
1.0
176
0
 90
2
176
1
  1
strokes_ogs.tif
176
1
290
0
176
1
 40
1.0
176
1
 40
1.0
176
1
  0
DICTIONARYVAR
  5
22B
102
{ACAD_REACTORS
330
59
102
}
330
59
100
DictionaryVariables
280
0
  1
1:1
  0
DICTIONARYVAR
  5
265
102
{ACAD_REACTORS
330
59
102
}
330
59
100
DictionaryVariables
280
0
  1
Standard
  0
DICTIONARYVAR
  5
264
102
{ACAD_REACTORS
330
59
102
}
330
59
100
DictionaryVariables
280
0
  1
Standard
  0
DICTIONARYVAR
  5
268
102
{ACAD_REACTORS
330
59
102
}
330
59
100
DictionaryVariables
280
0
  1
Metric50
  0
DICTIONARYVAR
  5
269
102
{ACAD_REACTORS
330
59
102
}
330
59
100
DictionaryVariables
280
0
  1
Metric50
  0
DICTIONARYVAR
  5
266
102
{ACAD_REACTORS
330
59
102
}
330
59
100
DictionaryVariables
280
0
  1
0
  0
DICTIONARYVAR
  5
267
102
{ACAD_REACTORS
330
59
102
}
330
59
100
DictionaryVariables
280
0
  1
0
  0
DICTIONARY
  5
193
330
177
100
AcDbDictionary
280
1
281
1
  3
ACAD_XREC_ROUNDTRIP
360
447
  0
DICTIONARY
  5
185
330
102
100
AcDbDictionary
280
1
281
1
  3
FBXASSET
360
186
  0
DICTIONARY
  5
191
330
175
100
AcDbDictionary
280
1
281
1
  3
ACAD_XREC_ROUNDTRIP
360
448
  0
DICTIONARY
  5
449
330
FA
100
AcDbDictionary
280
1
281
1
  3
ACAD_ROUNDTRIP_2008_TABLESTYLE_CELLSTYLEMAP
360
44A
  0
XRECORD
  5
447
102
{ACAD_REACTORS
330
193
102
}
330
193
100
AcDbXrecord
280
1
102
DISPLAYNAME
  1
Metric50
102
FLAGS
 90
0
  0
XRECORD
  5
186
102
{ACAD_REACTORS
330
185
102
}
330
185
100
AcDbXrecord
280
1
 70
1
 90
-1625056298
 71
1
  1
EAC861EC-8FF7-4A6C-BCAA-DC8C66095144
311
504B0304140006080800DB8A4D4644760473D4000000200100004F00000036353931373044432D433031352D343331422D394342452D3738343842373346383230342F4173736574446174612F446566696E6974696F6E4974657261746F7250726F706572746965732E62696E454E4B4EC33010352C402C5870032E606C53
311
C77190104A26092B367000340D431BC949AA3A115B96DC1AC66A51477AF3E6FFE64708F17B340EC519E39BFD35F3338DB4EFBBB76E4B038A8B5409D31AC3E5A977CE614A6BFAC425CC69EBA58F1D8580234D4BBC398DDE0E38F3390C7769E98AF15F88E9C2E62096F4BF18E9A5C4F8B17B78C218697E542E2B4CAE6B90A04D
311
26EDCA54B280AA91B9B7BECA57ADBFD756BD529C967D4751352578671A90BE6D73694B07B282B2943578704E1799B156CDDB65588FD807A5D5F185F7DDB861E583FD01504B0304140006080800DB8A4D46B2BD1FE8F9000000300200004500000036353931373044432D433031352D343331422D394342452D373834384237
311
3346383230342F4173736574446174612F496E7374616E636550726F706572746965732E62696EEB606060F80F0540260323103700495E20ED9E9A975A94991C9C9C919A9BA80214707574B630337475D6B5707333D735713473D675727674D47571B670363333B034353431614768046931363471713532B5D435353131D6
311
35313332D475727372D13534373670367376B67474B5042A03DBCBA019D37FE8ABC6157B20CD04146B0062181F4C03F940F0C11EA29A8141C08141002C0426541C106CAC2CA046088033B02A030AC2157C6006F21A8018AAF50194E6010A610250382264E08660284CD9E98021862280A91564B406929A0FF62C401E28B6F8
311
8038B83CB1243943D7A928312F25350524432CF80354380588598046FDA827AC0B00504B0304140006080800DB8A4D4688E57597CD3F0000904100006B00000036353931373044432D433031352D343331422D394342452D3738343842373346383230342F5265736F75726365732F45414338363145432D384646372D3441
311
36432D424341412D4443384336363039353134342F7468756D626E61696C2F302F67656E657269635F706E67355B773CD4FF1FBF73E71C0E67EF7576C9DEF3EC995D46C6A1EC5046649CBDF79E192942562825CE965D8A868C2842C8DE9FDFD1F7E7F138F7078FCF6B3F5FCFD7EBFDFEC41B196891913091804020321D6D75
311
13FC77D8C5070EC3FFEE51B21F068154CC75D455CC028A3EA68992803810109FDDE5D5CEC5521B28A1B422BF80741695D5B529DA1C2D058AD2388BDA9F476F7C2CADC939304173DBF48A452BF8A700C0C70C3D121C1AA15A5270C22E2B9E28763651F7DA0D12CE11077B2ECD0D560B5E3DE2368B1E65C5E1C87384A4CC5F2D
311
9FB8BE39E9B77C753783A37998F5CEF1B4FEE553463245C9712270880DF339E0B882A6BA713D865F6F384C842D440934EF264F4A304F8DE4EEFA1E2BF5E2D91F5ADD9613D6E31DDB33ED31DB1D7916CAF091286EA3D31B9CFECB78BB0060245B943C4C040119FF780A74DD308BA9D028678674EB5504ECF284EE814DAED074
311
40BAF649BE4B55DA2890F4D73E2D489A59EE54FDB0A85B59F2F52C4858A02705C4815A792B0C4A996A2023ECB195073E115E3E3647F64243A8338F2000BCB58DA5692C7E7C3D413F963FEDF3CF00FBB0F831A9D51360FECA43819F527B89FA260EB63C5DA676830AA3626A3693B23F1A17A0DFFCE3EE164E31B5365EDF0C89
311
EF64D8E38AB0BA9A1117D7C3A0EC44F44F4023095E80BA610DE336D0F99593A88BFC5306E72DF98F7FD132ED95878DF2964EA7E43071359FD83B2BDF9C6B5BDF768F0F3C0FC351199526F53D9460A34511F75D1B63E488178569472C91A94497807A3FD4A390C6558F26D416365C3656DE6E769DA9D8FC73774E1709812842
311
DD8EF96AED1960F79D21B395CDDFE6F92CB4EB962A4668C76990E2EF29798C8941D67DA50F4A5F947872460F1F6FDB794E8A29FD7AC0C0D6E0714339CE258FB17AE8535221E3464A10F29A0BE5EEECEFC5675926A89F49EB14E5711894F6586DB5754EB4D5DA9C6437EBA57DB97A24F8B8A8DB295FFD73266CF57E82694DF5
311
166DDF93573AFE9C9C5EB05F8FEF8E89E0A8917B0B3724DB7BEBB53252581EFC3E38166BA131A3A5B42FE2AD00A769BBFA4458D2DE7822F8C4F63D0B8E21B285AE13325F3410A435C648C9D91FDEB109E73CEDA7BC796961AF79175E1A3CE4C5E8B0D009B0C9E29EFD98BC8E97554E3D8D838424E270F7685226E5AC268E02
311
1EDE3522D583E8F20C0BDE2959EF5BBFEEDAB32FE9A3ED0E39F211A86AA9DEBFC68182EDED132AB8BB794442D2D7EA9F4D8BFF52BC4D55BB165124EE90A42D101E67BBBB292FFB4F66DE5BF2300E44546757DA7CEF8932BFC9F92A0707953491A55C5A5ACEDABD9FA1AEA01BAC3DC5A24E22E7C47213493996EFBC369D086E
311
D9397C9BA6C7F9855C7BD5E15BFC8C53DB3D2A4C5901A57ACD2FBDF4D1676E95338B2C2BCE65FDA4C64F5FEFDC7D9CA5AA1FCF11E193F2FDABF0F4916BF13FB916A224380E6462A9815F2300DC49CC4DF8D055CEF76462F4B7A7ACA7365C2707891370BC1D0AA6203C44CCAB47084FEC057F27FFCD57F89B8B9852459798A6
311
75C66BD7CE572CAF71FF7E6D7ECF7BF62CAB7B3F1107DCD04DC55A3F9961700286141C94A4F771FEB2BCDA2DDEE0CB0BAE402FF1DB0100F8E475DFFFC074DDB4498AB7D186A7654DDB1CB680D703D47CEB4E72F8CB13D86A4AA68116E26387B93FD6738779B34FEDB8E517EDF2BAF28D9BE93A1D3A164320E07D42E514725C
311
29515FF361754213EDE06B079A2E99EB1CA82A02019EADEEB87B9AF005BD04BBCECB14AACD6B24EFBE482194A97DD32400685FF1FEF1544D1B14EFB1E7F08E6D2CD2AF52DE757F35F5E62332EE88EA26417AD5C3E0E319D68F25414E6D672BD4522B278C57D18F0113921C71D96527E091F00CEB15AE23D24667369BD3CEFA
311
10C7549D930890BA4366F4EBC55F01F746109F98ABCDD5A3EE06619C6AD78AB33E48E4C9BD21BF7478B385EC05C4F8987E2C1BFA0A60EBEDAA0AE0B015C2720ECE180FB6F2DEFBEB822D96338C9B63822183BBF52FB664A7AE57003AABCE512BF77E7E31BDA2E739AC4C131657DDFE5225E900FB56CC01CDE808FA4A9C9DA1
311
6AC679656BB64796283D89812B8F91136AE18EE5EBBAF47A73BE3C153EB5D4CD491B4BFB4FE690A4CF9ABA08C0D8AA64220C438C96EA6CA80B58FE5761E697B3A292EB9FBDA502FA863E49FE694ADDFFF9D62C520BDD1A22014147A0903A05B9B729F54272EF83931FEEC057BFF8C8055C279EAC5C0011804828734024F6CF
311
A319C9CC6867C727184465CD9BB7ED386AFFD96B294A85E3802FAE47244602D8273615952B98C4F23F7EAE4463D9D638EEE374A20959E0FE519C4CFB0FBFE5DD80C2AA3F9DB961D1BDE57E67C9BB47B77FDD74EE3094F5DBBE3EBC1FBDB7393F5116263009E2EFE1AF9A221B2AE234C902BF70E9F280ED23E7390836156596
311
4333A3F01D0B006AF32FB21AA1316744B489D5A198E85299241735BE559675130955C902A8ED761FC0DBE337A9F91919AF5CE32AF902ADF9AB2615E00E8A94586BA1A90839B61832FF1BFB76D2EFADE6DB1BA04CCAD3DA649E7E2A0219F592E22F2AD54847EEA8E42271011E9074F8F3DD9FBA6CDF88FFC9FC7E811AD1CA8F
311
4557CE4AFC7BBEDCF0114A48689F20A584520C74DA8127124B767E2FB91A6B186246727BE63C9445BAE02088D58B8EFDC0F1072407CD9B89A13F6303B4A928F593AD489B58E6869325790ADC406036C591729FE14021F94B7796BB11848D463536A092A26F077F94639F7CEEE2A724C66EC885F4A24F8B8A0AC321F8FD149B
311
A529460FAA34E4663C02D41FDF80BCA222D42F0ABFF8490F4FA74C673807C2051D8E467B47B616072860069A9A303ABA9B319D58404461401B0A0F9BE5E1E151C14BC33B32ABE03DDE91708DFAEB15E7C0D593C86BB7D7EC17BE56E57975F077BFD5525F3A1A361D584A75E08CF29FC7B44B2B3085014F3A5A14517377C3F6
311
B8F37E59514C3B12F8AACDEDDA4DFC49BE5710101534CD6FB6DE15B50F11A09472AABA727F0C49D9CB906B158030065F48EB3625E010CEC1D511D0053474B11E6A4F01C0D6EF1BED3A944FDEC70E0DDCDC756C86545910E0DAE3BE3AA9A404574C2995CD5CAF9549226BC94B4F4F0F5F9086F418F6B32346464610D8BC7391
311
D3C3A3CCF04CFC1FB2A3A3170E369511868F14EEA4E5E438CC73DB1F3248AA94B6B2FF33B222FF3D1E7BF146CAD229770158063BCE4F5391964DF62F7E52A7BE0EEA829C9E13C4C147D6F93FE59E111DAB5E4594D6F3CD1AD375EE039930EFE5AF2BB2D41C83C7DABD8C659BAFBE8FAB392CA634F3D15C1D945DB4588D2B08
311
24A4EC928AAC565557CA2F0DAA588CA5BE30B3A8004F7BF005E96CBF891D7F18112A3619FDF530DC8AA64954258E1811789B5189B49B4EB53F5F89F7D37523894F3EB57B373763C91E502F52CC99EB7BDDF933FC324C4FFC2561DFFA7339FAFDD0A4BFBE6D3A8FF9ED1FC49898139864602458968913181918F719CCF5A68B
311
2EE9C1FF050E34E63107003B8120FA982C21B30A874E4F5E4B38D5A8290C4B8D9BE48A0BE31EA995BDC37AC6DE90BA17D259DEF53605D55922FEB1855D915B659FBEB350EE0DFB2F9F766E1C84CC8964B75D08667445EAB966015F63A18A9E0A325C1B3DC628C0D3CB60F767FA93CC65F25458BD23C3B312716E5F40E5858A
311
C06EBA9AB14F95DB99147B832069201541D09A0D856E12C629CF32683760EE855537D1901988D5EBC156676C7DD51D7207CF3267AF1D76C2AD867315E44618015313A98B19941C696FED3461CAA9B5415F918556D7802EDACEFD6B2E45853A9735DFC9DBF7E440F9319F8B6805A973BCCDC76C069A9144E51F187EDCC12FC3
311
1B5DEAAF0A76137199B106EC84ADA6B6EE697D4E6A96E007417F4E880E8B1E89B4BCE9D81EF611E2ED8F0C1A6C25F620FAFAAB656A7C42D464880E8AFAB0E0FC8EA38CA9A8AEEAEE3E4648BA4680270A89743CDD3E6C6CBF34B7B640EFA285ABC7EA0A1E28F3CC963D114A80123EE66D0AF7D5380EB41909B605AB4765B709
311
B808590458157E69BA1378FEC4B48CAF6A730E3BE3C5EF2DD1A5EAF94B1DDE50CEB55DDFD7EE9A16747FA4B223359FB1FCC69E1194892BABB93A1D5C4E807AC0EA2E30180811E77A2291F6E7F7FAA5E0F60215BC6024E48DE436C511F0628B8CA189982D4D83CCA17D305A7E923C37941CFDFDCD93ACAF735EF5F0E61BBD3E
311
6C41A59B242790D3A3BAC7064DCD89AA2E37214EC839820949D5CAA31E240D2948E48F690298974A96BA9A8432BC90F5071D6537C9666EA4564796B7AFFFA548077BEEA75F63083435074BA182F3699557397F71548383FDA8CA34D99B981E72835ECDA5DDDC151315173D05A21F651AAF8524E88209E2E7A737ED1045800C
311
E3390050BCFB8BE588DF111617874C62575039CA588EEFDEFEFE319B739DE2EDC147092A262611E159650E787917885EF08F1F51B8F2D8A71D60B58B190FEF9541A1BE94BC19FEA50784DA1419FE4B0FB51B8D36B5FF8E1286FD8AF42B91E59A5F1CC4D60174E764045FD8C57B18209B217F89A62252BD20BE0E63E12B8E8F
311
029FE19E0E8D0870F58721A557082250D5424F7909369376E41666C0EE77CD87CB283F661D5FB6D0DA023CB67320A20DC7BE661E9E1BFE5463085C557DA1FF9BE835733766C3D139F2CF9E2208873AD0EB4814DE9E6BF2CAF81614D4D43906ED1C05A3265CABBFE192770FC2F64F940CB6B17B5F166F133C9AEEAD2641807C
311
3E69515171DD74C4A85311513D6EC9530B3B601B6BA3EBFF3B5C3D2F7D69765141E345F75433953D013ADDF8F6AA7DC3F4A7563FE5C7D367937E2900D7EAD0F9FC9A4A1A9B5BDF1FEF08532660C01C5D6DE22199AA774383E306DAB87E301ABB7D213887F9869D4942D0D71E94B27EDF216A318BD488D45DF84529EF575AF3
311
C3938C0AAA0215B01994153E2054A0B894DA5C784980633AAD48576957CF4AEAEAFADC7C587368551C73DBE1E57C58AC713303A8BFC258BD04B51724459FF9E24C03A81E0E0679CEB9B348C0DC998FEB9C6D6EFA77D247CC8F92D3848599ED89A23218D0636465AD1CEEB7DC140D7426F83491C4E8E8281C2FB35240918FFE
311
CE880CA2A42D70E8B20B34DF5221C7DB0CF90ECCB9C745B37A47E9B716FF7A97B7A252C1F3814DC7B1E1A7F72B8751D524EF7CAE45B0C73B3BE7D08ED39781B380DDFC9AA4A4749C9493DB5BAD07A6EA6C092FBD0E85DB004DF06B8C9D3089C5320187E4CE1846158C7EA7DDAE8AD9AFFF21AA3A1026BB06A259845E8232DE
311
E62811A4DA9CEAB3A4887320B76E2AE5615EAB7BDF738CBDD01F1E64064BC13D9EC53576751CA8CACD58B3CEB0E6CA585BD089B2A59B9FC101403387AADBDBE70586B93D64BF3AD4453EF9C3B6A93817E8346991798601344F79A83C51F3D50F7BF2683A3605F51A72449489E0EE6169C749C60B1035651103AEE24D24E51A
311
759C840DD3FC6504DA6FE107510E447B43461C79D22970B75DE5E1BD3007D1AFC619A4A4A69B5626AF5E9B8374E20677F77E2F8E73DF868E8BEC7EBA7B6A75EEF7205E1AB9486CB642741D6E03FF13FCCEDB1C4AC129886268B01CDF4B124AF797CF784F3C6DEC97A17D4B558070A0F1C04DA4FF9BDBF34159AEFE95847982
311
4B3F58EBD1E19088A2AFDE501B6F2052368A3FD0E650A179EFAB1561E1D27527077136E652676C3670F42DCB3352F48F6BC86D2C3B0051727E41A0A4DC6CE2BE9D47F5CAA2935A3C0539AF080665997194ABECD723B08129CC5B6B21D2E7D54CD4D12610E7E9FB8306771A89576C7A982002775ED44F3F744CF21EEBB27A63
311
1671D921938AAEE3EB0D19CD1E083727F607823E817BF599DCED5394E37EEBC2E88782E638920CA641EF74D4CDFCDEF06F4278ECB18E31E7E9876F2D783C8BF429C75395F57E98C2B495A3DA077EB3AC3C158608B6B57FE3EA48484D9A480096FCEE0DE880950E7E5A5714131C5C41AAA29FD19AE81AC145FA1B9E85C7169A
311
5AB837B213493DF7E9AA4B5FBF9CDEB36EBD21EF1181B7CF7366AB2A951D01E37AF4EB835D1BE8C117CFBE7625D2EBCDB0B20C5A4B45CED0BCDE3EE8DA9DA78C2E21DEAAFFD1197E463C33CC6A80FB785669B856EFF7A8CCCA2841B5A5369173320B1170C368B2748D81062EA0296E5E2D95D7667A4A46D98A6FF475C76AAB
311
0A8C8D45E226FAFC9FE0133EA9F60111F99CA81ACE03A1D14C89E8B0D69079C91464FA1D99E651D0EAF606F345C42A8A1AA9BA391031582B96D5B4176A77AADB01F12FD298A75DEEBB2C82F0B8650E880722F8DDD90C56A7A058E5FDEF1AC93545BA27367C76F5D8F9690CB6F8DAE141EDD7971F0FB548A2AE435F224D6E59
311
54CA155512F7332029D5A1230854B79F258EC5FFDB09F5F6343A8EB193229B7F7E79B3E48F8E183860B38C8269D1B53738FF1E0BACF6AADA6D4869E9DE708E79B5DADCC09B1BC76F649731CFAF59A83FD8BAE4C749D66FA87A3810D4D62FFE826FA400C0F325D2BC0F3CA35F5847B82A2ACC7961745C823E4D863D54460AF7
311
92CE6F79B5C7A33B25C3AEA6CDE15A919B6367D781E9D44F61BF828672594A3E1D9EDD6DF179A81F27EAC05B936575D73E05C209DDD2115CFB705DF9BBF3C911589B3640735E9E618FC9C36A7326C82B2205E244C55D56FDB9D5DC93CE958D4BF8174D2B3DA54CB3C09F2C2A6DFF73D23B2197355761AD421EC581284A7EF8
311
DE2CE3497C0C804D49B41DFD6A7360844E5BEFFB495CFCDB97A4595911CDBA623274CE852B5E278AF0BEB1770E9D37CD977B2766A7DED0E94B840E1E95E8C77DE5CB6354AF7871427C28ADBEEF7BA0A28E19DE9ACD75F379FE373EAE6DDDAE3834692F9C2B03B4FCA8FCA9ABE8EEEBEBB725B88A7C90941E850682CA04061A
311
7DF0CE82ED49BFAFFD42C309818FAE14755CAAE78B0F73243ECCCAD7DF58FCB9CDFAE7A4D3E6671A613639130D056C8383C8F4FCF4808C331E544DD26E4755D09EA05253B3049A1E32587CC25D72E073E2CD96D04A71BBCB0038FEC3F53D254199C3CDC67CD66640269431860225392B2CB3ECD0B4498AAE78BA1994246AE1
311
EE78F2EDFB79F6C6CB6B5E279C4D373FBC21CB2698C9ACBBEB6A4BB6B39E16AB0E421CCBFC7654D81ED86022F9BB522146F9F4772E2D0E4FA70120C95A85A417BF5078B232F4754363EB1750B2AC2148EB46B1EA72AD9B4D23ADCBC589D70106C3EC2ABEEED84DFE28E718C6C83502C28E9FDD3B09DA0A6F6F7B72B706A31C
311
9E2A331EE70DA56A083D2177BFD63C55B11D8D949FAFCF90B23A1E24B9B5018B9A17E99F2890EC302F330FE7936E2C23F0D237EC8916F5166AB84B62A21BB0B950146962D754F92CC2C8877BED8FC7B7B25726DD19545392570B3A2C66B58F027BEF412E552D12A588C4A3CC5C3193FCB3485EFFF700D0B9EEC077754A33DC
311
1FB9E25AF814628F91DDFECB667D3F7690803F38D13F8AE39353523BB08FC6760144AFA2CE28236F65EDBB3D5F59A57D612B99E3D7E5F8A851666BF9B5A6658EFC96EEB37A378ABB0EB3FDDF1303AF32C41BD1C8560745D7BD81066B0D6313359CF488563D3BA3F8E2185D1FAA3EBA1397C9D0E3DD232180A4DCADB6AF25DB
311
3AC3CC26589C8239E66E81547BC7E2F328F9884764CA37EB5DBE390DFC03A5246B456A7C3684C4377D0EEF9A350680FA9A077E8B2957B489E09AB1AD41316944C2254B5984830F691C93CAA767EECF976FA5647538830B5E63236A6F0365C1E0F3E327F24FE35EDDBD7360B0F7374837409F7A6311BECC12B7026D4FA1AE20
311
4FA3F5FE904B1F420C7A9044AE58E403E7C4848E7DA25DC9EDAC79DD756FAA26B9EA83ACE8A214A2612A22AFA19DAE7DBAC5F8CDE1292A485F98DAC731A29FE01A3966E96BCB9FB5A4C8830E1B9AF0C54B87FBE221A097036E5D28D1F869F810C06A9BB0AC0612F69AEBAF893C6E7AD59460208BAB3A6B09CA4F6BDDAB8CF0
311
D1F84B72487498395A70DCD754796E271099A567A55CF242BBED64696378BB6CF25EF0FCDB589F3A82F1116D010A9AB9FA4358809EE0C973A2B4229BAA876A70B03AB49CBA7FBE71DB1832FFD32F9BF2C8E98075CACAFB36921235D0F552B6A67E94E094097A5D7DF681B40623DA535ADA7A9AD8E9A62407D7C9A5AE51D62A
311
17A83A23728DE86BB56115804D3F2675F2C6B87541A0FC497BF0CA86420F558C9859EBE9FAD62747E323E3AADC03FDCDDFE7407B09DA90B44E3185723C5381EAEF589765E2F7A099BA46695BAD60CEF3491B8A171F5F56444F7CE9455312C3498C74173AEA0214EC029833B34B650CBB5A5508D5091665309642791708ECF2
311
7CF11DB3D797D6CFE474453BD4BFADB768094B2147814D81C7CBAF8228DCAF5564B5891F5EF6A860EB2E323CB82AB868D8EA048880D63B0DE5341F1B3D53297B928A11E15F25E5148990F710747C3509ED14909C552EBE3973246FCE55D00564D8310BC3EBC5085D08D806799B77D6C57FDF5E55837F9E934F09C03C729271
311
B64F12D0A9F9E938107CAF7BF1EC8CF1BB9B42363D33070F4CACB425E605DDB0A34A12BB936DE286B9887A4E2E558F0886498BFF49C311D96C277CF6A9FC0D75AD0ECC5226D7E0E3572012E56D7FDE4410CEC7A6D0F997F225A2055B8B92E3956E875AE4993CB3D4C9063AF98FD45E1BAB165640A43439A2C9181A7C355B29
311
7C0A0CCFFAE19B6FA3C2BA238A885FBC98B8F6DAF4B94B97304878DF4D8BFF6A4AEDF79E90ED4E68F00CD7299F4E0D83E35601AF0CBEF18C1E870E74758FA91F5131075004DB3CFCF09AE1DABC11957FD9808C92E8A678CE9DBE40DDA0E0D1D505AAFBCBA208232BFB6FB3704E8985E61ADE53DE74152F5C7DE74B1DEDCD37
311
DC3E8FB30D7EBA8B9EFFC3606BF90B8D438279CB7709FC7C00D327F41817EEA71CD9E49FE9C8C9A81C70915D9F0F15958EC5AA4C3BBFAF46986B90F188BDB24B89DE3C6F29EC3E6F66D84856EE96A35E657CA41B41EFD8DBFA16AD6E91439EA92B40B21C053249F51AE50EB0B24C770FFAF40DF12C8436366819C48E36547D
311
4E7B72FE2BBF10828583057814A668BDF183F6B2E58DFB151103E56303E63D00F39C27C4661605DB644D19175D02E3F0241E8FC3458D17AAAADB117CE9EEA690D0DB01E634878C04C2C9310B69FCAB831151E3AD293BEF6E46B0ABCECB50F5939B39C613D41E81FAE8D34CAE3C4566B761D37185FE864AC32FCB71AEF39DAA
311
5BAB88609BB980CD2F07A8F941653B529567726E2B2A58D079DD57E1E5E31426CF184A04D7B03B985F276D47406AF276FE32E3328BA866EB1FD39BEF57863A317634AA5FE467409B3873F5069EF0D71AF00AD189D17BA1974ECDB2D623E9E14086386A6AAB5807825C37B015BFE892AFD154920EC437EB945D958E18622E1E
311
0FE2FA06557CE4BB9BBD05A2D40E774DA2B65473791E314B7D6C886820B2FCFE4AA272B3B8B15E7344A145E8AF919B5454D89D36D413E87211186BF6F645E5EC94DCCE8E1C799022E4EC9BC86D7A0F2AFB1FC4B2CE48F84B3F49ECE65BAD24CADCC07EFF39AB06BE9E6B27A059938EA7208838455383DDBCFCD967DDE4650E
311
F92A14FF933C975DB20BD7FEEBC4487576485963D757D16340D9599FEB362F775F38CA4185A86F74B629C81B133644A3B18FD056E997E0734F9BE26D11C0AAFC669E2AC9FC41D281F8B2E1C35AE27BCE05F3DA295488096688719D974DF1B5D182DB7792288697F8763CFB43562C1CDEE11C4AABD5C22B6E33F6F389CFC347
311
7C5919DC0D533F8A7A1846B7ADB60ABDC26C43D0CFC8910B7C15EE22675BD02702ED39DB77A87A192CA7A543E6205B979B9F5A6B512A3CA799E198B2D5797C0AF8D1D872CA455D4D431A7879D4DD76110B5FF7F4176B54477A9EB5E4A5D11214FDA585F0382751D8E2582BA5D2075053298FEB8F1537304E32CB22C2E2B693
311
DC0A760B1DFCA751BDC445AFDCBB12820ED85F6D5298933C7EF1211E9E057684056CDA3FEF3BB6052355E162DF27C59E965A8DDB7F9437EB72CDDA3A090DE65A5B2F50326247B7EC67B73ACC7047FC9B353D6EE990F772207C6EC52B39DC2F3C0754821DAB559F7C1809C7D0DD5B0499D0442E0A6E391B3D5DB46D11E731E6
311
794EC77523FBDAA242ED67F9FA1FB684255671F63C9BCFE6E7E896D51001A6113EF2298BA494E0B0980D1FA5B9D60796554C02256B1E0345FB7C6186B6A19D2DCA270416262845FA4F42DB5D9B0A0B6F07FCA2E56C242522E001E0CEB734AF310FC8BFB57E38E03AACE93B3326A2197891E68452B26A6307FDABFEE0223D3C
311
03C3C73D2D5BC054C8311F12004CAE488E5C29287F8156A2CAA4AD0D7BE6B97264E4139F437CE73ADF52E5134C52B819777C18B323A5924E4F67AFD13B1CDC3A61793A79FAF5C0CEB718E441071E797C6DCCB9EFCF7E4A1E9F3DF3C2F9C9E8294E9586868788C972857FB0556D7A26941A7EEB9B580AD78EC40B85DC906B41
311
20A563CA3B87797ED612D3B035962BB75F6515A393F4CB057F564CDF54F2E5A024514E6A1F901DB80C7E70B1FC05E356A7E72FABF4775B3E3FB8F70A2A8E7B6A94542BB304157978CCC999E707A29CC795E67A59CC546A5D47B368954CA7B6E75EC9E1F6FC73CE3B4F71F8CB1A6B15923D61EAAEB14626AAA9D04A26EB9C66
311
CD1BE86CA31A5D8703DE04CD1EBCE4F5CCB62F93909AD11E55799A781A956ED27D3E738F4538CB04ADABC7DAEF20BC35BA6A90BCC1DC61BA05F20D8832FFB9BC9B15E2DB838A0AFBB7E0C82A562127E0446894F427794C3037186F622BF24DE1B00AA10A23BFA47B2A180D6DA5AD6F7326FEB8C100C2D7142EB2A0B2A9D100
311
8A09BA343D70E054AB69E2A7EDB783CBD92537FAF4A44D1296AC2792729104B3276C276C951D0CF3CF3F1E6B017720A7B8505A5FF9589365979678C36F1BAF759EAF57C60F1FF5FE9DCF5F8E764FF25A2D06CF25117A8FED51884C13B2B750DB0E4F5E3D64124FCF11F0AD8F1CC3B3DA4B38ED22BF1CB2585EE6BFEBBA63FB
311
FD44F9537B9B37BDD6B358720F98A8125AED4349CCFEB0E135F19E208A04CA7E2B10711185D72E381F448036EF57C9F874E54A971CA37A639E986AC0226DC5AA00D5B14FEA9192234B3DE617814FC221C92F33F1D392F297731B567FD98FD91D989379AF567A65B8ADF177591DB90FBEA99BF4ED11B16E50A0AB1DBF1156D0
311
34BBE04D69D08F939D8E92BF525A1DDAFF80ECBC95D8F45D3FDD289FD23F7D8B452F8EBB34EC082DEEE68E18EDDF072060FAD2AB1504DD4879BF67099FC58F6E9DEFBF645D16334A3E9A127C6F1AF6132CF287E433B43A0EE93812B4AA0B194E03EE3FF91EF9C6ED0074A2F6EB18A96A7C9890B1FCDA1F2095E944DB911ED5
311
4C60DF16FB74C8CE9BDC7C54C4F14078CF73C2FFF1F1BBCCD7CF64F71407EA1683DBC410D226627F66E509060D5C0AFD611DE681D509DB8DD12FB1265B03C6F5C55FF4C30BD94187FF692B4F152982502F193098A789526A038AB529A52BC0DC4FB6285CBAC10A8B8DB75DCD9BDABBB221E27D1F8DA9F5EE5926A1C8AA9BA9
311
BC09239C6A7F12914EA3B59EFF7AAEC3FFCCE56F1C5C2980AD072793527565E774F4631DB178CEEC691B1F367BEA0CF2907E1D6B854D527065979DDEF002D8B2ACEA7CE21AE297737EDE1D45B31233B73FEA35BCFDD0B09721FDBAF6432681F2FD10C3E9EFB246FD6E854B344ACC9D8A0EEF876A7314B49B6A499FC650B099
311
D650DBFEC7638ADFD245E2B7839DA5AC5F7D5623FC0ECEEC8653FC9B2BDD1AD4D00A566FBA7186DD3C9CD26512551637498CADB950FEC71ADB9A5524285DE328B8EC7EC75D2345AEC6A27C42AF6D9B92155315C80DBFCABBB7DA0FAE425C4FB896B15C9BFAC4FE67DF5A23D30C93DA4D8F36FB15D100050DA6062E22AEC5F4
311
DAC4F6FEEF97AE05DE63C6D38F9E068A20BC5E3B6BCD75320C5090924E7F93640A7735B1A43451C2D91EE62C6238B797349E59890AF3A520DF4A87095F3ABEC2E61F0593416CE46CDCBE0E00E2523FCCD04408588B5B6C9DB6459C786CE378770B54F51DA3A5E1DF2A3349BEAAC234A6CF8993B598B3B25B4B113E353A4D75
311
0FA7534749430F3EBF2512E7EA3FD43C6AB9A1F765A58463B306721A15D224FAFE8C6F5E3432D57EE697DA0DD5A9D4866A8BCCAAA9DFF1F06047851408FEC060471D0E3EB86BFAF46E4B5E60311DC3E3CEA147C75CF971BE74689507154FF2D2E92F15CDB2B9182B11459FD8ACAC5A85F174BC94A7F4EE4C4F5CAFA7C02E37
311
BF0BC77B7DCD0C047BC316F562A01A441AFA7931CC84A28CB9F4AA367EB515778F29BFE61195FA671F4352E5E46E3A64773F1F76EE5EB36D7BCE9BCEAD837A4D77F8DB8C92AEEF6711920D7C7D0F76B0FD0EB7AB83724CD35BCA7D36DDDF5FBB7FF6F04A91F3E2BB3B8F1A43CD659639507FF6331C5F697BCC782AE57D757A
311
27D97F1AB9E0AEDB43F92F1B2AACDF5FEC8ADBAF9F814E2027003BA2F9E144B1938A7A04050AE5D953B82C45619165C813A10E76DD6906B3C16438064D14CDA713AEC420034613E1AC7241904A49FBF87409AFB1FCB9B72FE7933A87D8FBEDACECE4EDCF6A4FE9FB94D5DEB74FAB7CFEAE17EE965DF980DCCA2D04134994F9
311
A2E94D2265DA4FE6AA7B7AC15FACAC2B5ABBCD7DFF542C5314FDAB2E1B9D8B65220B8E2B638BE008E8DCA22678C820C5053664D15E89F2D735B51A84955E81A443545E9FF787BE0FA700A76D136C27DA179A7C6E8939E01BE756E19CB292798063D8B97F44E8A27BCF3A614FEB8BE974A718E86F7EC99B53CA35FA24F61F2B
311
07266684623A3D4CF073E511F3A10A8FDAFAF0078C577F4DF9D339FE7862E5FA47CF4344209E5BF76D783B1B48E152AD281B15FCB934DCDA49CEC5706B1EE8B460F435324A5CAD154725E21AB8044B75A557A79F6C807B9340AA3D92503E866F4274412926C8C504E4D5EF8C0E68DD0B028781A6B4054F11CF18941F101C57
311
CCC796773ABC8DED9CD91FE5788806C05E548895354AEAC96546D55B0E94A59F148D061F42AA398D822CDECA4CDE79E13469BDCC44FDC990F366BA5978C15F97ED80CBFD73B0CD9B8B83A4F6845BDFBFAF034019473FB9A63BD55D3A4A7284757071574029A4D016DCCBE95DD679EF3C4880BF169422F8C89B68A988D2B137
311
93CAED4F74DE7486C72DC94DF46B8E93D8E02EFCB1FF9B3BA10C8AE7F653DF94F4AF466CDDCEF5776687F7C4C14B63E4EED1719DC2EC482D7DBCC7AE518CDE3D5FF86D39000EC3673C0044E1D308BF05F74D1B5F033A7D1BE7F74BC55BBE3E4A20F920946CA0271EB17BD2B80E5660ACB8A29A79F5E4BBA49D4D945B6EEF4A
311
7EFEAA65E5555BBB57A7E15D2F83C69F30BBB978D2B39F1F26FC097424D39BB33CA3D87ABF64E307938B685BAD44F71556A30B7E712CA4FE600613C3E554B69ADE949A7CFE214DF1FFF05CB82151EC6FC31950239F94CF7AD39DC473F6EA356E5EC2C4EFA04383CEFE985A127484366FBEE3C0EC4FEA363E4F6632AE781392
311
FD45D67B63FB8DF70E82734F431FD3443172A0E30A83D60982D55FA6A2CF86DBA8382502ACC6CDEF3B907982EED1160E14863FA242F9757347E1544275CCDCF71ECD5F8621CBEA326B8BA884AD7F825781923E66971F04010D574C541D8427A438A37EEF8AF88240EED7362C953F5A81DE2D56109CDE2524EA0F5D2F87308C
311
0C47BD97AD605878AB8589E17CA83930CB5E0DCCD75853D68B1AB136594926DE426C367428E9334AFAFF90ECE221BB5DC9E5BB53D2CDEF954EAA9CD814F0E5725F1965DD458E5F8487683AD86B9D0076BE3EE91EB1CECC5331A67A3F79D8B27587C12EC2A6A70474749F27B4C0BBAFB94B34189E88DC18964BE4121B9137FD
311
516C7755356E50D6714E31ACD222621EBBCD1CFF81D87479056A9DA0E0B8EA19D24CF937DA89F78E8650CCBDC110AAB6C4E46DCBFD0446BA9E2060E81F314AC2031E88135E5476AC0160EF5C0DD2EEF1B8B5CB2D198BE9A554A9093B5F7D7E4B5407DDFCA1D9C152FD97F55BFFFDFE802954DFEC8995B983E28AC92F1971E2
311
8F531DC407A1280EB125F64A72E617EFB27DFBCEDCDA2D6F2BDADA36873EE46B9BE1782998C63DA7182BC383FB6FD15DA472B175D7E8B4FC88F38D6E07FEAA3FA3CBB8F6B449ECF14D2175E5C5CCA3A42ABF24CA6C9395AF74535F4DDB38CB84F56614B0FD32D7E19CA5CF988DB4449C40E23DF2B16772594554579094450F
311
56F253CD25EA7F77366FB1CFE79696C428BB64D5A41E986189427E5E4D7E2DAE3D5BB4972B3DC44EAABDDDD63A2264ECFA5C786EB0EE1FDC5BE34FA0F08376869FD1E61EA06CAE15191135445EE8F0394161C3266A596AA035572BB0C8876180D8B9C77D307DF9DCDF7365ABDA6F3A2366436457A4DFC1F259666569A9E4A7
311
9C817BDD5610E5200FCE894A358EC72858D50EF67545DA81C6FACE3D457BAF70367E1E6BDD9A952FB4F56247F58F523B97E640246051A72F79BE42FFA0B3187F63097F91C48B868586F714B0EBD5A00A8412C1236E1298F60C72BE6C96B82B404CADAA304AE9F303176B14BA53FBC2D5E86377E35542019E24D97B96A49B2C
311
0E5006E7795954DEAF5DA58958839043C6C70BD3B1B33B6DC5C31316D8A6923F142E26F6711A2258AF977DDF1F970ECC4F1F2B434B96D81BEB6E89BF3BBB3C7C8CC80505070723D6D7D7D3C8CA27CA164A26024FED94B12A86031867241DA53D929636DA600F050BC40CE48B8BA03D69224720DEE2ED2127390BDF5E6EA645
311
27BBD4C4C63FA76BB801FEEC0E61218EC98A8A86CD8313781617877E66692839B9468CF4DB8E50A73986E558E309C0D6F676F921BE02F1185454DC75B111572FF9D27D85EA14C05AD7271225B391C4275659CA4A43759D0BA44639BE4C30A84DB7F67A41399FB95CBF923B1B1672ABC807C1590557FB18D811983FA97F5E60
311
9516D62281D38B1281F68FC75528C35E4CD7DF0F7DBB5E5DD69C414EBEA2F4A5B241B996BA77AE6C772E367408C633EA3E438B68563EA8BE7667F3A4C4FDEEA52ABD78A2820F443B7914A15F180018D231E64519C56A12F6CA7C8DAE18F06F6B769DBF92329EF6A5D18FBCE600F36BD8E8198DE5CDAA96181F3A756EBA5501
311
CEE58F497EA4F418A2B82565B9BCC611713C0B708CCA1F398B78C5F7D03B3437CC18F13061F55C7BEDADD5ACB1DB0E36D3CE47FF6EA1A563A57E9649EA5D14D1A50EAA457463381C073777EF1600607BAF6428A7DDC079D47A204EF1E1F1F0589FB054D45E02CE623B3823C317C601E589E22B1E88B448524B86A82828E323
311
45EC18AE17214B42F8C41C6D428016D9BA31DDCB47572561E5A402E5BA4FCE55F78AF7268524AA04130F3A20BA5D1E9F9948EA48FC8F5314FDB35E21898198060034ACE5E3E2BBCA34092518F275190AF65F45867FF0900AA4B81F25427414C372BF51DC29AA855C5428EE1EEDD6B849AD60F6E73475C2D2523F8A2772C840
311
A478DED18A8C5C91B085F255DC4F54EA7AA8947354FD17ECF8FB3B4A0DE7B483CAF3A1165EE05BBA413E5C1FEF3DE1D6B8F2F3F3251C17D9FCAB48A9AAF63AC773A0E413BBC46A9ADF84A566FC920E4D8C52C9769EE3301CADEEEDD92B312E02E2A7E35B7F1E7D203FE5A7D75578B06E99D0E46FFADB8FDA17ED8880390DA2
311
9094202D6F645F76F6F96409CDA05495A96E84B04A00D1A6C6C81D7F3DE9376E828CCF144EE50E364ACCE7237EA0BFB5607ED1AC3CFE73794E5B61739D14DF1743441B1AC98F00ECEDE9E7301FA29755FBEFA68C91EF2B314CF510537EF1ABFC9A762496280B546F5EDAAF8A5B387D469FC9A878A92828C88608453ACEC609
311
4DCA54111E7AD5B2663DFE2DD151B7F123B9F4FEF8EE36AB125FD7AD52A59B1B765B3E3F73E3F73DEA93875004D2AFFE3CDE9493B87A9904DD052028949041A91DC0E1BA47BA714343FD5B25E0A6A09503AFC17C790058A836A324FE31D7893512E28230332F153181C1E018E1124EBE1BA262AA428A518237D1EA7275E48C
311
5C561BD19ED6912EDD8367DA0F31E40EEAE9683DA9257525AEA7B632B97119E17145A90231768A4F3B9120FF32E8319B015E3CBE26F1A754177D8185345817C096B0CE443A955D13AC15E1FB5DEEA0239EC32A3C92241A237B0B02FFCB4F93CF2B02570C8D192E2F2A68CEEB42F12E6F8CEEFF46C251E22B4341C56FB08CCE
311
550E7A9D6F4D6564B9EA52A83D5BF2C6E03FA19D2775E15A8A7ACF30A13C259EE7F5EF2AC3BA354F1500E1A07FC63FB4686E2F12EC69719F9ECF5FE3F35598DF2CE944008CE78F0911BA5BE5D0A34E0098FF038669C26030BA9B300303039852A8F6F496341737CA7E0D2E3AAA36DE0A70AA7D9CA0D54D9AD84B18A44C9E62
311
5475E1C97B93BEBB38DCE7D227E67A2D00F531436136355F243D1FC0D712C5765754FA22FCFFAE97919161F46D6E61ACB37D83777B385889770B50765B127768443A5C4D3A4E35A3151111F146B7CA116F918A049F1C272F2CD7976C69A0068773451659A97E0F4A08FE604C3FF6CE7385DB19F4D3ABC8A0D80DA8A42096AC
311
377DB49382B36E270B6FA7570188B4B7D1DDDDA82ACA487CCA5D38BD3BD039ADBAFA4ACFF27809239B722081E2EB9F145320553D183F28471C388BC8814E5045676767AB58A8E72D1CED2CA731379515D2E533E4CF0B39DFC625F97AC4836831A4DE330E87A8126FA17EBE583D614E71E22A8DBF2825599743E0640037303E
311
8E1B1E8EA4E1ABFA4F62907B5E4E0E5DCFDAB417C36C6848A2B8D15F1E505434C0707E16B1CFC2A1C36A42BBF55734F8F4301DDC2A5110CEE8C0747F69519265012A2174BF4E955ECD4FDE095A3ABC70536B7AD0B9D7892F81287D667C108703C9B66A221E9A0929D030008F77FF6F5D2108EF5706FC87A3069B976F7C9FC3
311
239D13D283CDEA83597461079FEEE049B0F392889898B7D87D31F8D60ED7B56B91823A8E4EDDB36C6172ECEE42BD42B12CD67994FA0F0DFAE9389356F4CD4425A4B8AA55CBF7ECD585C6A2C2316791E43D5C06841ADBB226A87FD61515FFBB0167B74E56BD7F3E90A57A97FEDCBDF483A0D6699A8C0849CAEB4947FAA90D8E
311
332D9DEBD9F4738C37DA0CAF9CF3DAA68BCB67C420459C7A64498D6E848E5CADE92BB6901F607AA331104A67F7CD650EE169B1DAE94D2C31C2F993632259B6957E246EFE4C5481107B07118607700040E5812A2A2A38DA0076875258C753F60E0F2662C748EDD5F3F3686B8FC3BD6FE631ECCAA1E8B1C1E565AD117E54893E
311
79F4672E32F9E46B2A183DFDCF3EECB4D4D077DBEA0DA254D256045109670050129E9B9B1A9E4A11344D61497A992778095151510C4BB7EF2009B63AA4360635312E4CF668B7E0D3D85A8688E2BD83B569439892ADB63461930D428E0DE42E4AC57CE48DA5CC1449530D8BD3D6A0F08DF20C8E8F570F2CFFFCEA286E30969B
311
4654D498A58D9DA782E19FE3F002181838925592C4A1EF0B332D88B61A92C644547BED490D3A42CFFAB70E36D961F694F6307F72FF15A1C79D5B1B5CEFD353D9E2B52566DEC8F8F09CB3E8359C0F68EBBB7898243E34E12A015B2685AB303C04D3A9E00671FF3DFF0A184E4A2ABEB2B666AF5B3A209C73D8EF29DCDB069C9F
311
391EEE9DD0F74C7BCDE16F8F02E3B8816122BBEB50665775B600549D8BB33A54A6BF940C028118BC6878C79958D6784F9DEAA6E26748386FFAF8D0D0101E2847B6563F5D8DC1D78F787BE00E2C941AE12148D4A81599FE8F68D4DA5CDED75530ADE138240300EE13B0FC13A1687FED6774662C05A2B7DFB186732F0D7A9354
311
5D8B0A6390AE5054D9CB582DA846D7A061B3358B45E2B52DDE63E114397EDB7E09233A579155D795BE76102CF277F4DF8B188C4F2879BEAE3C08347124BF9ED23B128259FE107D31E34A652F090B30B39E0D9AF917B76A2806135621A8A60681F16AF216514BBD02711585B5B1AE823F4B2D0369EA5B6BCB863072727FFC87
311
1CA6C9AB79A814D989057E9470A3D238BC87CBB4A0EA49AFE2B86F22E499793CAA9047080450166BDC357524561E258C77CB697F1ABB32562CF87C3B7AA12F911EF19FB3E5C02222E887D08202A60A17151F5E053A86B437771088B4FEE14D652C43E8D939995D34545E12E2FF93D4E366EAD25F10CB7DED141563C3D0C447
311
AF06078A91135FD4B9611583CB4BF3BD167F2399CEAB0E0100F8FFC305F00F1711717173138B4B48C83022295DE657EFEDD97F238ECA80F528AFB4F8D67AD4E2594B9A3AA86D7487EFC313BA95745C186F0CDD84CC12DC9CB0424B42203D351FD9C0A3AF10CC7F388E0329279087386421F194F4A29464C1DEF7EF8BE515E4
311
A199DCD5B909342598D8FE6A231F71336248D5CEC5454455C7BE383B3BC7B260FED27F703FDC39A170F3827239102F59D4DEE7FEF82EAA1A5E4BA94DCC4CC44E7E2EDE20F24244E4454369D2E87C3F823F193FD4FD27E1C23984B01898D15ABC20711A8A558054951A6AE280096BA36CBA439603B7B0B4C45F248C14B2383B
311
4B5CD8ECECE4FF859AD4A6CA2326D020EF090F4041D28DB66E5256B56232CC52829DE8060BAE6BBF37D4B7469B822454FE93210A3E8D15E69FFCF01123222611C51C4FD0A041A0CFA2471CF6BE38D2B20FA4C3525B5B8B586759475CF80ADFE67A284AC24651E52B8E683D24C2622642F27E7C3C22783BCF63648BC398BD6C
311
D0D9C97E7E7E3EACB6126DB7A6C1FD9F1031302EE67ED96F22B77C7CA0239BB324207559B105E4693EB26EC46182A92C9C0DBD24F29B31C5C5AC1F84300E0E17CEEAC15F5736FA4A98971E2F1423BFCD68D4BBD5F86E74B40A369F39507C88FCDB35D2DD8DEBEA4AF999E23CF2816D204200DF6E611781B9884C1AC8888B4D
311
E397320472959434323A5A36B22A8E1F721A270DF3BD65E4A31C11FF048AFB0D8B7B6881423793963A23CFCE935FC189ED36FAE35C46DA3574C979E4394BE52084F3081837BE033396D2EBD80F1F691B273F660D2B32FA27A33B1DE4ADA5F0FA4651511102DFA410DDA86E065272CA314D5249DF91B06BB92807B28EFD54F0
311
8F7B525252782CD276DD02E6B0319B13DF87B1F6361AD6B28FC0D711CF445429B9E5A433CD493051C49A9E03DDB1B147D880253514A5DED88009018620EE229101C041950E2D8AA8E1F5F5438E0C0C0C60EEDEE9E3E0C051948C69F84BB7B2A48A1F3C8EB9E6864687F4F4F6F6E2FA87608ADAF9C5E117B7C1A737E710769D
311
A1D15ECE6A84502AA855398712D5FB51BE92E4EF824969CE18278798AC303C2C7980DD2500ADF8FB1E6D6C2FAAFF9987178923334A244758BAA01A9A1B70FA5097D01E1CC2A58DAD0EC94CE6430AA9B0C10D75E3C6BAC670EFBADEE1607739CE0FC18A2587E3EC3058562014C64219C69BC269082D5C2F4A659278D5857559
311
12176D78A1B641719C2A394CED495A1AC5D583FD2F5EDD93308EA7EAE8A6DD396598BDBD3D4CFED62D18A5BDFDE0DD5C80D1A89BA62697B131AE7CE9A6594138582F1B37D68F1749AC7CB67A70695D48A4A056AC1FBD4E82358CEAE38F54B95A9016F9000F9879C0D9D131768635CA798895F27D6F1614F11F2838A83611AA
311
51C9A3DDB539D42979C29F10465655C17BEC3E2760B80DCBF609198C7B171A531905F3EC218D696025975E986C6B4C666666787271F202805577DD5A3EF0CAFAF91B62DC4B2DB4217A7606282F31D8DDBC290593BAA93EA6353AFA9939B877978481E15CFC9F2755CDC00C538F63A4BA3E80AE009B73CA0185687D339A507D
311
165B74290D6EE46D5C58148F020C3668ABE9EF2F7549170DC80DB41FFC1D678FF19AEB10C7133832B104B80F691B3138F97A92D26E551F1F110400D45AC71A9B9AC41A1A1B1DAEED0B0810638EFFB511D46B121C6FEA0F38CD00E03CFFEB9713FE1F9C263E4DDEC160D0497FA9A132BA608584057FB15380825DE6C7FC3C66
311
7EE947D488A09898D8E939C4953BF4EC9836344D2CC6B2971B2A21A572B06096F4982D2CC7232D46E8EA69DC83722E267754D777F97F96D5DA74E1E75178084D0E70F12AD33E5F71EF2AFA599B2BEBF60A5BE475F444F240CBFE8143C334E7ED9150FEEFEF7EB020C4DBED388DD1D6A167A76F3CBF119B578AE8CFA7736ACA
311
FA4440A1C47185638A0D2F3EB5BDDEFDA958FB13CE4AA4923D5BF840392D45544329525749734866684BF7F8D9D54D892E19BCA9F829A0F8BFCBEEA6CFDFC61D74EA1A645ED7A1FF241739F15694BD835B66FEC5677E40FE69BD3F91AE402F036537218A401CB0828604AD189E575015C6F3F6BBC8AC79CF6C70653847254B
311
31551EFCBEB5978B9DB85D58D0FA41A9DFE9C624834AA04949D24B5AE6D299E072D152D12097920F14AA92C31C3B97E28B6C2E6E9C23D63043ECBBC0A60FDF5BD0C33C127EA8A3308B8B6AFFEB28B4455BF6E7AF4FC6222728357EB8E46E85053E6A8843AB23295BF838ABDA94658FEF3F832F147046B4ACD6F7D48E8FCC96
311
18582961C898D1C7A253C91BFECBDA6BA18A1FCF70755DCCEE2222F41B76D23CA98D0CB3D95F0CF66D57FFF65E2A90F5DF40FC3187621E981BD0BC1D992787212688976B94A8F0C6EF646624B570B78E068826F87CE27041A95C9A4871FF65CC17FCB1639629AD6A9517000D63AC231F3D741CB8430777E7ECF80CE7A3F73C
311
0F162F7E56AA71F4DA80A33CD6ACEE78E2C11FAC03DAFCE929B106F8F6B3ED2DC71FF994BD9CEF4E9A94896EF1B6E2B7B4978168BCF0847A3D2A4F1B0500B926E634B174548E9FBAD27153FB5FC36799B1E6C7C38A94E1F9E996796D7B485E635D5287A2AE76FBD11A341DB3F8F810385BB7296391973DC6C37C452A9305AE
311
BBE0CDB6C566DB59FE60C8E94B1FD090354BF51439FFD1B48D725228FFA88C84F686F547107A7A235665A4593B7C34D748C1AC8D56DD5DA861EEFBADDECBBD65117E65851F90351AEB65F0EFCFF4BCFEF24CB7A5879699FAC437A7AF9099186CF006BB923A59E37D7A36A29FD8D2CBB914A5E9D0A8FD212FBF796AE9A67958
311
FF1D5D8B85F78F96219D4714EB919929241B6C018AAE0C02069F8D919961EC5DDFBFB7573E3AC8E08BFB7C8534BE6DE045B3CD63DBD71F7638BA2309CAE398EA3A7D8F98BBBC7AEB367EFA5CFA27A9F8F2F52FE878058E6209C026453F8E7E8A237DFC389E9590F6059B397CFD65183BBF936E86896612A5B5FEE49DAC8455
311
D026218AFEBEC12B3523A45B57B82C9C97E02ACFA1184DB18E48CF615DBF39C3CC6F0B4AE6BBEEA2E39D944E290302FA3DE33FA7E40296E2EF7BF1CD855BBECFAD0FD622BEE9746FC4FDFDE545AE6E3BC234CADF83A0FB76DFB145BF3828AE3436368AC24989454F8FF70A177672C711CAA1A76107218CF948CA01F873520E
311
7A2B118EBB161ABAD432932029628B6761590C98AB590C8C8C79798CE9F715BA696E839E9131A4BB68BE923F1747FBFF165331FFDD4D05997ACD168F12CA75348DAC04C7F509FE83898A8B421181AF492861CE81E4A2DD0A30850CFA95E05F097FF70F9E777310D584A75BA7018922E271DAB1D785671157685B7D383D3E07
311
4DDB4F1E44EF04B07BAAC75A062077C54B9752C738C9D804D402E02851F3F89605AF189738C18C021D2139EAF72513824E10DDD3047BACC8521ED7E98B257D1166903B1B08FA6F918FD7E162913FEC7D0EF4787E29C35FBA8C6E2C9C20E9AB30AE42CA2A01A090E7D010C1B5BF9CEE2A304BF3A987FB40D836979B79E18D70
311
F257DA61E808472DD85B82761825779D6B90CAEB0F23360C6F80A7D7D77545E95B3DFF0CF96A827F9B5BCECD2C9698718417EF80FEEDEE938AFF55859D0D540B7FE09435583A6F04874A0C7E8CF234DF4879722000167F5872CEC6BF3EF7E5A8CC8121E6A359227C8A29C95212F9F735BC72A887D56B8F309FC525BFB4FD76
311
7AAEC4AEFF249CFBBD2DE1AB9969A6155C7D8DABC307E47324C1F916C7BCFF40ABA5644E9FFB9238D19ADADA49D9610F01ABBA57E4DFCBDCCBB2B93C8953206C91DE01B0E2651A6D6C31721915B31F7B7CBCE55466F6D70402788FA91D73BE4ADCBA99A35F17D6B83383704917D6833F0FA3CD45C926ADB8BC17999A4A0AFB
311
CE2541F7B8CF4C2F5FBA611B3E626D64407CB32C122DFF4EF8674D6EDBB86C8F7C6A16D50FA685E2CCA34F8F7D1D8265BB0042E9D7F1F666F7BE5FAA5184DF58E12122A42EF02F461B3F369AC746F96528AD208512AB56844CF75B97F352DF7995024FB02855385854F3798670D01CAC771AC3E1889EC25F61A20C1F8CAB46
311
898817F9C47E2CDA1F286BF2F358298709FE567C91133E2638C8B53975E753EA8BFD3578B5F7186B7BF084EBA3F77BAC3132A5779902EC22AF2D2E79F42D324E083386DAEE9810D1B44A5DAA54513C7A71E52A4AB9257D975B621308FE4D2141CC3DCFE946C154A3C1DFCCA7629EC69ACFA831634ADDA93C0388D2A9A2DDAF
311
CF957C6995BCE7FBB6DC4EBAE79E63EB08E9A25F52F67076F7093CA545CA3053B5BF576DEAD4E0017143C5F759F32B2D6F145B52B67B48909B7C7FCA6586EE385A2189C16932CB6DDFD9152AE317C430492A578ED27B72D85D40C7C93C097939E1B50F4D67F05334FE9DC362C30B7FF561B95259138ECFD9274C8D695C31B1
311
4D4EAA9F3D7FA8DDF652F8C5DEFA23284C799B7D94416DEE81E05A866302DC70192A5368EA65E1CED8BF107A1E2D3119A71E85DC1A7B0C1E93274CE04DD0F2ABC8AC7C987FDB002B6F81757B43502EF7A0D92E416494FAEEA4C9C090CD9557AA4D532F4996A272B94355C5A0E4974EEA9627476F30809B94D8D8D860062E02
311
204643BEC7D0438AF800FC7E2B26955D595421E83C69E1A07E0E3122285835F014AD538188CF9737CE76D464A353FA55A001AB2526B84E985083693BC76FE211CA1D000679C889E3C009832C87E1AC2EDD05C302557422DF0800E316FCAC86978A371F025A6C7DAA9F333E7BD160403A1A06EA75AA9888FF01504B03041400
311
06080800DB8A4D4628BB58AF800100009E0500003D00000036353931373044432D433031352D343331422D394342452D3738343842373346383230342F536368656D61732F436F6D6D6F6E536368656D612E786D6CBD544D4FC23018BEFB2B96DE15493C78601010A34B880709DEDFB52FD0D8B54BD70DF6EFED3AC0B12E64
311
42E2716BFB3CEFF3D18E26FB440405EA8C2B1992E1C323095052C5B8DC842437EBFB673219DF8DA659866649B798C078B48AE6410122242F2A4994AC7F93815DF85C049C8564CA0A901499DD886B2EB9B1E02448F358701A9235880C49A0119892A20C89D1B9FD768815CAD268CB5E0355B40B1E47F3E37A2020464BED06AA
311
57CE8FCC20C3C3446D46761A2632A8C1283D07031EFF2AE7CCB1BFEEE916E406DFAC8E36FFD99A9D60A6944090EEDC3B670C7DC13DE86B6B2C5C240D6E503BB85ACD579D513F1B9F9A69DC9CC22AFA80C426D40AF0B21EA168559156B6276F0F726A6BFF04DCD513A87A62CAD41FB24FCB2858B3952E3D852084DA25B9303C
311
15687973CC8E8AAE11DF2836C38C6A9E765E8C1BA1BFB1DC29CDFE518C8B5A7655A4ED7E77291ABEB80DBD82EC866ADE1B8D05AF9E35CF09D7A061F38A986D9EC412B8F0F65E5D81534D9B231D1E5A8FE577A241F3A5FD01504B0304140006080800DB8A4D462CCEBD668A040000E01200003E00000036353931373044432D
311
433031352D343331422D394342452D3738343842373346383230342F536368656D61732F47656E65726963536368656D612E786D6CD5586D6FDB380CFE7EBF42F0F7A649B70E1B90744856B4970F450FCD7A5F05459613EDE4174872DADCAF3F522F8ED3B88D2F1D06AC4050DBA2493EE4438AF2F8EB73AEC8466823CB6292
311
8C06C384888297A92C5693A4B6D9D9E7E4EBD51FE3A931C22EF85AE4EC6AFC38BF261BA626C9AD288496DC3F4FCEAFC63366845F7A10452AF41DB320C0D44EC26EAB20918735565582695670811A6A49643A49A6E9069FA4604A64B29016DC4B48552F95E4932463CA888468C1D2B250DB4962750DF7CE273069CE8363F1FF
311
4EDB00E0A21999574AE4A2B00C353B93F3BD4777B8A61ED8F604ABFEDD79CE56A2B7BDFBDBC50996E0ADDE16FED26223C5D30956C29BDF4A55EA686E5E58B112DA45CE67F76F4FA27EFA3FB672FD7372FC388FAECDCA5209E693CAD167BADCD272F943701B3812F8A3D852008B1D2E32DB927B2F833C6EA95879925356D254
311
582695095A3CE982924720BE5774A3CB9CDCDB350427D2DF20DA1B5532EBE2D5D6288D75D4F7E4FD9890A0EF8E3D93EBB8F8BA4758158EF6FB90A6F9520281C93DE7AAC6D24607DA296BB96018123F821A7D6A5C5884050C475DA4865442732C8B95684A50165CBB3A32F25F783A4A480ED59AD7F924B968AEA50131F46303
311
223E6A397B0E52976030DC1DCA81D7E7C1EDEEA42C19FF27635C505E2BD5198A599020DF50A2330FCB3AAF28CB0124108429553EF1B228802E2265D8F7CC2401042B155BCC7070F1E5C55F13B4A9577362CCCE46C32174E010C3C378C44841A4BDA00FE3A12006CE11EE6AEC59894D3526DDE1CD59D503ECC324017F8061B7
311
F162162FA62EDD81AE3308617770796DCBDAD2B2625C5AE8A63DE20B2C8AA5E95E76E5730823955956E33E705425A2187C185D36489A1B44D3DCEC2172F6BA2105C3546287A7194B2331768EBBE64F6E70A9930ABE0ADEA89E9E2C38523B810287AD67A54A039C1606EAFE68F8304610BB9093DBDDABC0B2AE4E290DCDA153
311
76D7E39F72B556F0B32EAB5D3D498B4C41ABADEC3A1434C422D87E8025A84BDCB2B1417ED750FAE4DA8976863974C577C7F902D3F156AD354DEA3540DE6BEAE2BEA52F7A2EB4CA43802ECE5BF2CE2EDC9347179FFB023CE412E60BE16DA0BE29B374988A553F561DC04615DD35F7D2C8979F60E5955CE93DF29DED8AFA1EE6
311
642D53418086C03C47C377910F75F7E8F5EF665F70B60FFB22AEDF897D119E8423C773E819A3C1E55E550599EE6EDCA34D0C86FD72057DF2CD46F16A470682471C164E4346D5306BF12D7D12D82CFF673D41636C347443FEB51B50D72EA171A8E4A58623A4A16E0FA2B8B10A0D23268D87C33896EE8FB73305A74BF224EDBA
311
DFA0BD674AB354D63DB7BD5D83426761C077DE767728235446A552754EB93B755891C3C4CC6CADE37CF0E912A7BB38DBA010F9DE1282EDF470CA69A9CDA482E334C4A6EA4107987980B17E72F31730EBF88BBD39E7C629F56797A3C0009C2C5AE7951D9A05A02773440F02EEB4DE396A3B6A570C72CCFBCD823B0B8ED3F1D5
311
CEDDFED772FA70236C83FB7D86C385D570B87107535572A60A96035F8F7C6A7192F13007246BBE0521855E6AC46F3E27689CEE7D186A6FD679D98CDCAD13333E04EBE7ED6F55FF01504B0304140006080800DB8A4D466180134D5F0100006B0300004500000036353931373044432D433031352D343331422D394342452D37
311
38343842373346383230342F536368656D61732F52656E6465724D6174657269616C536368656D612E786D6CA5934D6FC2300C86EFFB1551EEE343DBA41D1A103009551ADAD40EAE28A4A68D9426284961FCFBE5A340113B2071746D3F765EBF4DC6BFB5407BD0862B49F0B037C0082453059725C18DDD3EBFE3F1E8299918
311
03366715D474942CD30FB4A782E00C64017A412D684E454CE3FE28995203B162A6EA5AC94B66997D225E109CD63B0135484BAD1B3C07E9080CA35DB3119C11BCA5C200461A68A1A438126C75E3E230D40FF81FB3F03C91D1E3A3A0AF79FE28E25BC39EC3E17E4C2A2D94A0833A51AF55BCCA7D88572FCBAC529C4140B020FC
311
3AAFA886621DCED7EAD7664CC86024E806DC297DA1BB393E4156543457A4537DB8817349A70F8ACBF09B3EEE2CB2F33E91B65D60786E4E3B39B77E3FEEEF5650424525DA657FB8B46BE6BF064646F0A0F7327C0BC1BC1B4CBBC1C419FA3CCB23500007872A2580CAAE5461865565294E4EDB4617B62FF579DF9A5B2F54E834
311
076A597573A020912FED777F9B3F504B0304140006080800DB8A4D4696BDA92951000000570000004700000036353931373044432D433031352D343331422D394342452D3738343842373346383230342F4173736574446174612F41737365745461626C654F66436F6E74656E74732E62696E53616060707574B630337475
311
D6B5707333D735713473D675727674D47571B670363333B0343534311102AACB4D2C492DCA4CCC492C28484D2C4ACC4B4E050A82012F90744FCD03CA26072767A4E6260200504B0304140006080800DB8A4D46F865834058000000680000004500000036353931373044432D433031352D343331422D394342452D37383438
311
42373346383230342F4173736574446174612F53747265616D56657273696F6E5461626C652E696E66558CBD0A80300C06F73E4B117FB66E451741D041DC5BF98480A492E4FDD18EAEC7DD4555D89EF28DF51A0B1BD8340C4DE7DD848B988C0ACF0649566493F2408C508DDEBB99D5129FF8F1AF8CF5B9503E20FAE5A16B5A
311
F702504B0304140006080800DB8A4D46B9CB99D5350100009A0400003600000036353931373044432D433031352D343331422D394342452D3738343842373346383230342F4173736574446174612F636E782E786D6CCD94314FC3301085FF4AE43D7612A84095E30AC1D209242A06B6AB7369AD3A76645F10FC7BEC3603A8
311
88A943D7F3BBF3F327BF93ABCFC1161F18A2F1AE6535AF58814EFBCEB85DCB26EACB7B56AC940CDED30F192B1C0CD8B25C664AEE829FC6B9D4610F93CD556BDC612E3EC488B481ADC5E7FED13B42479115DA428C2D8B7A8F037098C877180FBC03025EF380D14F41639A4466C079920E08841D534D552FCAAA29EB9B4D7DB7
311
6C9AE5E2F65D8AAC5472EBBD9DF5265D16FC58E8D3AD4C5552E46325A760664D7E0B537F79E45BE3A4484A252385C464EEA0AF3175C0385AA381123AE13521954984304871122B2932835F249EB037CEE496753206E4C34BB287810C5E1D91FFBC5E9ECCDA4502A7F17A799C3BBC3C85D7E30F7A3B05F298986BCBC9B9436E
311
5C7F819488E31A49A1C95B457D03504B0304140006080800DB8A4D46D01B7DB5E40000005E0100006700000036353931373044432D433031352D343331422D394342452D3738343842373346383230342F5265736F75726365732F45414338363145432D384646372D344136432D424341412D444338433636303935313434
311
2F7468756D626E61696C2F302F636E782E786D6C4D90C16EC4200C447F05714F48D2AE5AAD1CF627F6D44B458937454B300253B57F5F6839ECC9D6CC93E519B87C1F5E7C61CA8EC22AE771920283A5CD857D95856FC3AB14170D89881F3029823970954D961AF644257669C39B29BEA9DE857B17770C989C7D8F6197C27A93
311
F32AB3FDC4C38CA6306D98EFE366D88CF39830534916EB017607F60336A161DCA45EA6F9344CCB303F5DE797F3B29C4FCF6FA01AA9E183C877DE05C6445158AA4BA8DF4CA09AADA124D7991641EA87D740555343E654D377887F62854C8CDE59C3B524459691870AA13940FDC31A544B5BC75F1575B666F42F504B03041400
311
06080800DB8A4D46A233C2345D000000800000006500000036353931373044432D433031352D343331422D394342452D3738343842373346383230342F5265736F75726365732F45414338363145432D384646372D344136432D424341412D4443384336363039353134342F7468756D626E61696C2F636E782E786D6C4D8B
311
490E80201004BF42E6EE76F3C0F216234B883063108CCF170C074F95AE5473F5C4C06E932E4F28601967600677D21E9D8092EDB002539227A2FCCB80E1168D80A6417297A89C5D6963B7129A0D1E8F2EE73AA7B62BBEB8B27DE50B504B0304140006080800DB8A4D46BE89762363000000880000005B000000363539313730
311
44432D433031352D343331422D394342452D3738343842373346383230342F5265736F75726365732F45414338363145432D384646372D344136432D424341412D4443384336363039353134342F636E782E786D6C4DCC3B0E80201004D0AB90EDFD75167CCE820A4A845D83603CBE602CAC26799919AEEEE0D965E2E90805
311
0C6D0FCCE04C8BC355404EB6198129C92351FAD580A10E464065907C8D948F8F166375F655BDC3FDC3B4E530A176BE7057BDC43B2A593FE403504B0304140006080800DB8A4D46EB04BD767E000000A30000003600000036353931373044432D433031352D343331422D394342452D3738343842373346383230342F526573
311
6F75726365732F636E782E786D6C4D8CD10AC22018465F45FE7B6B03330375D8DFF61EA3B921390D9BD1E3A7B18BAE3E387CE7C8EEB37AF2B6E9E56250D01E1A2036DCE3E4C2A2206F3315403A2D538CDBDF0D481857ABA062D07249313F7734D979CCBE52EFC26387BD41C1DB1EA9188633658623BDA231F48602396F2EA7
311
96B1621CAB52E6D72B5BF3FA0B504B0304140006080800DB8A4D468F613288090100004F0300003400000036353931373044432D433031352D343331422D394342452D3738343842373346383230342F536368656D61732F636E782E786D6CCD93BD4E042114855F65423F3033BAD16C18B6B0B0B2512B3B84BBBB64813BE1
311
C7E8DB0B23C56E62A7C57670F842CE395CF8EED3D9EE034234E86732D28174E0156AE30F33C969DFDF936E2778404C6718E9BC7430932A13C10F01F3D2240D7B996D55ADF1A7263EA073E85FD4119C249DB232C699C4754B654EA8219EA89649D29106889883827243320EDA0D2A804CA089988671D30F533FDEBC8E77DB69
311
DA6E6EDF38ABA4E0EF88B6F1C62708B8740ACBC2173B0367F558F01C4C636A0622CEBDD1D2066785103CA6503A6864FA5A0A2997C51A2553A98AADE00F2338AB512F023F828760D47526BE30F76F919FC16B084FE5958291F63A93FFE6F16F05B075F6CB08D4AF20BE01504B0304140006080800DB8A4D46E3603EBE7A0000
311
00C20000002C00000036353931373044432D433031352D343331422D394342452D3738343842373346383230342F636E782E786D6C6DCD410EC2201085E1AB90D9DBEACE05D09878023D01A1D34A8419C380F1F82DA68B9AB8FDFEC93C3D7C52546FCC12980C9CBA232824CF63A0D9402DD3E10C6AB03A3397DD192872090D
311
3406ABE7CCF5B5D18893ABB1690CF4DCF02282E5EA8A5BB96FFE536F285CB347F95BEFFE81C9ED5AFF9D5B1FB575BB00504B0304140006080800DB8A4D465801A65A7E000000A300000007000000636E782E786D6C4D8CD10AC22018465F45FE7B4B9B4B07D38156EF319A1B92D3B0193D7E1ABBE8EA83C3774E3F7C568FDE
311
36BD5C0C12E88100B2E11E27171609799BB10034A83EC5B8FDDD008571B5122A06D52F29E6E78E263B8FD957EA5D78ECF0DC7694938BC186D016B3866ADC197DC55C30A179731327C28A71AC4A995FAF6CCDAB2F504B0304140006080800DB8A4D46CA1DF9C9A900000073010000130000005B436F6E74656E745F54797065
311
735D2E786D6CA590410EC2300C04BF12E5DEBA70400835E500FC800F84E0B411AD13252E2ABF27A55740421CEDDDD9B55CEFA7A117778CC979527255565220197F75D42A39B22DB652EC9BFAFC089844F65252B2630E3B80643A1C742A7D40CA8AF571D09CC7D842D0E6A65B8475556DC07862242E78CE904D7D44ABC79EC5
311
69CAEBA537E3521C16DF5CA5A40EA17746733E0B6615DE7217475F386F18B9481C510F1F021CD9FF027EA0E1F5C4E609504B0304140006080800DB8A4D463DEE336E64000000790000001B0000006175746F6465736B2D64657369676E2D7061636B6167652E786D6C35CBC10E83200C00D05F21DCA56CA76D41FC96062B12
311
0735B69A7DBE268BB7777961F8D5AF396893C2ADB70FE7ADA196782C2DF776D7A97B5933C430F15651E5469C55D70F80A4992A3ADC954792C525AE70A1E4D6AD9816CC044FEFDF01FE3FDE907802504B0304140006080800DB8A4D460C349AADF9000000960100003700000036353931373044432D433031352D343331422D
311
394342452D3738343842373346383230342F4173736574446174612F636F72652E786D6C8550CB6EC32010FC156BEFD8806D9A4698C869D32FE8A9378489831283C5A3EAE71712576A4F3DED6A76667677F8E16BB9559FDA07E3EC00A4C65069ABDC64EC3C408A67B483EA20B8772EFEA24165E5A2072830083E7B97D60D52
311
CE466D0B6ADDA4375086A02354EA969B0182BAE845D632C5CC08D77A95EA2A675D93FAC1133C25336D523365377336DA83C0DDF8F276C20CB17624A87BC647B4636C44C7965136F6A4ED4F8C37452C7834CBCF76E5B58C7A024131E911A688B4EFE4694FE9BEEF3E7853988287E8F3CFDBD2F21D88B15CFD2AA3E4CD63FAC7
311
35ADD3FFAEC9D8D8D2CDF5A10820483EF23E10BC2929E5728F30D792A8F806504B0304140006080800DB8A4D467DEE6729F20000008E0100006800000036353931373044432D433031352D343331422D394342452D3738343842373346383230342F5265736F75726365732F45414338363145432D384646372D344136432D
311
424341412D4443384336363039353134342F7468756D626E61696C2F302F636F72652E786D6C8550CB6EC32010FC156BEFD8806D9A4698C8A9D22FE8A93784898B1283C5A3EAE71762576A4F3D2D1AE6B13BFCF4B5DCAB4FED837176005263A8B4556E32761E20C52B3A407512DC3B177FD1A0B272D1031418049FBD4BEB0E
311
2967A3B605B56ED23B2843D0112A75CF8F0182FAD08BAC658A99116EF52AD54DCEBA26F5C6133C2533ED523365377335DA83C0DDF8F27AC10CB17624A87BC66774606C44E7965136F6A4ED2F8C37452C7834CB4FBAF25A463D81A098F4085344DA37F274A4F4D877EFBC294CC143F4F9E63DB45C97E378B3A17FDCD23AFDEF
311
968C8D2DDDDD36450041F2728F0FC19BD24E1E8FEAF22C4D8A6F504B0304140006080800DB8A4D466CFAABAFFA000000960100006600000036353931373044432D433031352D343331422D394342452D3738343842373346383230342F5265736F75726365732F45414338363145432D384646372D344136432D424341412D
311
4443384336363039353134342F7468756D626E61696C2F636F72652E786D6C8550416EC32010FC8AB5776C836D9A4698C8A9D217F4D41B05E2A0D86019A8FAFC42EC4AEDA9A75DCDCECCEE0E3B7DCD53F1A9576F9CED01973514DA4AA78C1D7B88E18A0E509C385B9D0BBF68505831EB1E320C9C8DAB8BCB0E496783B619B5
311
4EE91D14DEEB00859C52D38397373D8B52C49018FE5E2E42DEC5A84B5C6E3CCE62346A971A95DCCCD5E81578DD0E2FAF979A22DA0C18B5CFF5191D281DD0B9A1840E1D6EBA0B6555167316CCFCB35DAE5A04AD80931A77A82608376FF8E948C8B16BDF5995999CF9B0A69FF7A5F93BE0E116E70F2BCCC4AA6DFAC7352EEA7F
311
D7686C68C8EEBA293C709C8E7C0C38AB724AA93C224C3527CABF01504B0304140006080800DB8A4D4624B38E320E010000B10100005C00000036353931373044432D433031352D343331422D394342452D3738343842373346383230342F5265736F75726365732F45414338363145432D384646372D344136432D42434141
311
2D4443384336363039353134342F636F72652E786D6C8590CD6EC32010845FC5DA3B36F887B8112622D479829E7A4336495162880C547DFC42E24AEDA9A745C30C1F3BECF0B5DC8A4FBD7AE3EC00A4C450683BB9D9D8CB00319C510FC581B3D5B9F0CB0685558B1E20CBC0D96575F1BE4993B341DBAC5A37EB4D54DEEB00C5
311
744B8701FCF4A11755AA1892C35FCBBB9AAEEAA24B523E7D9CC568E62D6AE6F49A391BBD02C7AD90A71153441B4150FB828FA8A754A063436B2A3AD2742365550E7316CCF2439F56AD829E81D7987408D788346F64B7AFEB7DD7BEB32A3B39F3614D3B6FD0BC1DF051C89E9251A2FE74DAA15650898E5208F42A7B49297EE9
311
48DBB2EA19FC038CF7F97F60343634F5067C263C7092FEFFB8E0ACCA05A6F16837CD5C36FF06504B0304140006080800DB8A4D469868FDF0FA000000960100003700000036353931373044432D433031352D343331422D394342452D3738343842373346383230342F5265736F75726365732F636F72652E786D6C8550CB4E
311
C33010FC9568EF4EE23C4CA91C57292A1F803871B39C6D6AB5B1233F109F8FDD06094E9C76353B33BB3BFCF0B5DC8A4F745E5B33002D6B28D0283B69330F10C399ECA03808EEAC0DBF685018B9E0001906C16767E3BA41CA9A8026A3C64EB881D27B0C50A85B6A06F0EA828B2C650C89E1AFE52AD555CE58D2F2C1133C463D
311
6D523D25377DD6E840D4DDF8F27AAA1961ED4849F75C1FC98EB1911C5BD6B0B1A76D7F62BCCA62C1835E7EB62B8732E004A2A9694FEA86D0F69D3EED9B66DF771FBCCA4CC17D70E9E76D69FE0EC41B7A1B9D42CFABC7F48F6B5CA7FF5DA336A16D36D787C283A0E9C8FB40F02AA794CA3DC25473A2E21B504B030414000608
311
0800DB8A4D46160A94CBF7000000940100003500000036353931373044432D433031352D343331422D394342452D3738343842373346383230342F536368656D61732F636F72652E786D6C8550416EC32010FC8AB5776C836D9A4698C8A9D20FB4A7DE1010072506CB40D5E7176C576A4F3DED6A76667677D8E96B7A149F7A
311
F1C6D91E705943A1AD74CAD8B18718AEE800C589B3C5B9F08B06851593EE21C3C0D9B8B838EF907436689B51EB94DE41E1BD0E50C8476A7AF0F2A627518A1812C3DFCB59C8BB187589CB8DC7598C46ED52A3929BB91ABD00AFDBE1E5F55253449B01A3F6B93EA303A5033A3794D0A1C34D77A1ACCA62CE82997EB6CB458BA0
311
157052E30ED504E1E61D3F1D093976ED07AB3293331F96F4F3BE347F07FC6DBDD3B36A9BFDF18CB3FADF331A1B1AB27B6E0A0F1CA713D7016755CE289535C054739EFC1B504B0304140006080800DB8A4D461224E54D01010000D70100002D00000036353931373044432D433031352D343331422D394342452D3738343842
311
373346383230342F636F72652E786D6C9591DD4EC42010855FA599FBFE405BDBDD5036E9AA4FE0957758662BD92D34FC181F5FB035EA9D5E410EDF99E1CCB0D3FB72CBDED03A65F400A4A820433D19A9F43C40F097BC87ECC49935C6FFC020D362C101920C9CCDD684759726A33DEAA46A2371178573E8219B6EF132809B5E
311
711185083E12EE5AAC62BA8A190B526C1C675E2D5FD6C9A2F02881D38AB4794573523F91EE48E9B16D9E599948CE82D2BEA67B335C5E506666F53112F09695DB6BA482923BA364FCA3BA28B4C0EFDA03E9AAFB737E4E1D9A9A8CF9E13C3EE45DDFF463573FF6B46A629168E6CC791B27B3174933F8AB7D33FE4A1656F9CF64
311
9BC30127DFA1CA3466CECACF1DC433AD847F00504B0304140006080800DB8A4D463577252907010000B201000008000000636F72652E786D6C8D50CB6EC32010FC15B4776CF083A6112672AAF40B7AEA8D0271506CB00C8EDABF2F24AED4DE7A5A3433BB330C3F7C4E23BA992558EF3AA00501649CF2DABAA183359EF10ED0
311
41F0C5FBF84B06C8C9C9749061107C58FC3A6F90F22E1A9751E7B5D94019828980D4981E1D047531932CE41A93225C8B59AAAB1C4C418B874EF068A79F55B518198D065111DA6252615ABFD1A77D55EDDBE69D975929F8BA5ABD59599DDCEDD99A050469FA97D7136198D53DC5CD3339E21D633D3ED6AC627D4BEBF6C47899
311
97050F71497FDE8EA49C110579CBBEBC7C50827F783F6E82144A23EFC6AF64C2CB4CFC09BDCEFA1FA1AD8B75B51D7C6C04103405BA13C9383798C6BDDE3473DBE21B504B01021400140006080800DB8A4D4644760473D4000000200100004F000000000000000000000000000000000036353931373044432D433031352D34
311
3331422D394342452D3738343842373346383230342F4173736574446174612F446566696E6974696F6E4974657261746F7250726F706572746965732E62696E504B01021400140006080800DB8A4D46B2BD1FE8F90000003002000045000000000000000000000000004101000036353931373044432D433031352D343331
311
422D394342452D3738343842373346383230342F4173736574446174612F496E7374616E636550726F706572746965732E62696E504B01021400140006080800DB8A4D4688E57597CD3F0000904100006B000000000000000000000000009D02000036353931373044432D433031352D343331422D394342452D3738343842
311
373346383230342F5265736F75726365732F45414338363145432D384646372D344136432D424341412D4443384336363039353134342F7468756D626E61696C2F302F67656E657269635F706E67504B01021400140006080800DB8A4D4628BB58AF800100009E0500003D00000000000000000000000000F3420000363539
311
31373044432D433031352D343331422D394342452D3738343842373346383230342F536368656D61732F436F6D6D6F6E536368656D612E786D6C504B01021400140006080800DB8A4D462CCEBD668A040000E01200003E00000000000000000000000000CE44000036353931373044432D433031352D343331422D39434245
311
2D3738343842373346383230342F536368656D61732F47656E65726963536368656D612E786D6C504B01021400140006080800DB8A4D466180134D5F0100006B0300004500000000000000000000000000B449000036353931373044432D433031352D343331422D394342452D3738343842373346383230342F536368656D
311
61732F52656E6465724D6174657269616C536368656D612E786D6C504B01021400140006080800DB8A4D4696BDA92951000000570000004700000000000000000000000000764B000036353931373044432D433031352D343331422D394342452D3738343842373346383230342F4173736574446174612F41737365745461
311
626C654F66436F6E74656E74732E62696E504B01021400140006080800DB8A4D46F8658340580000006800000045000000000000000000000000002C4C000036353931373044432D433031352D343331422D394342452D3738343842373346383230342F4173736574446174612F53747265616D56657273696F6E5461626C
311
652E696E66504B01021400140006080800DB8A4D46B9CB99D5350100009A0400003600000000000000000000000000E74C000036353931373044432D433031352D343331422D394342452D3738343842373346383230342F4173736574446174612F636E782E786D6C504B01021400140006080800DB8A4D46D01B7DB5E400
311
00005E0100006700000000000000000000000000704E000036353931373044432D433031352D343331422D394342452D3738343842373346383230342F5265736F75726365732F45414338363145432D384646372D344136432D424341412D4443384336363039353134342F7468756D626E61696C2F302F636E782E786D6C
311
504B01021400140006080800DB8A4D46A233C2345D000000800000006500000000000000000000000000D94F000036353931373044432D433031352D343331422D394342452D3738343842373346383230342F5265736F75726365732F45414338363145432D384646372D344136432D424341412D44433843363630393531
311
34342F7468756D626E61696C2F636E782E786D6C504B01021400140006080800DB8A4D46BE89762363000000880000005B00000000000000000000000000B950000036353931373044432D433031352D343331422D394342452D3738343842373346383230342F5265736F75726365732F45414338363145432D384646372D
311
344136432D424341412D4443384336363039353134342F636E782E786D6C504B01021400140006080800DB8A4D46EB04BD767E000000A300000036000000000000000000000000009551000036353931373044432D433031352D343331422D394342452D3738343842373346383230342F5265736F75726365732F636E782E
311
786D6C504B01021400140006080800DB8A4D468F613288090100004F03000034000000000000000000000000006752000036353931373044432D433031352D343331422D394342452D3738343842373346383230342F536368656D61732F636E782E786D6C504B01021400140006080800DB8A4D46E3603EBE7A000000C200
311
00002C00000000000000000000000000C253000036353931373044432D433031352D343331422D394342452D3738343842373346383230342F636E782E786D6C504B01021400140006080800DB8A4D465801A65A7E000000A3000000070000000000000000000000000086540000636E782E786D6C504B0102140014000608
311
0800DB8A4D46CA1DF9C9A9000000730100001300000000000000000000000000295500005B436F6E74656E745F54797065735D2E786D6C504B01021400140006080800DB8A4D463DEE336E64000000790000001B00000000000000000000000000035600006175746F6465736B2D64657369676E2D7061636B6167652E786D
311
6C504B01021400140006080800DB8A4D460C349AADF9000000960100003700000000000000000000000000A056000036353931373044432D433031352D343331422D394342452D3738343842373346383230342F4173736574446174612F636F72652E786D6C504B01021400140006080800DB8A4D467DEE6729F20000008E
311
0100006800000000000000000000000000EE57000036353931373044432D433031352D343331422D394342452D3738343842373346383230342F5265736F75726365732F45414338363145432D384646372D344136432D424341412D4443384336363039353134342F7468756D626E61696C2F302F636F72652E786D6C504B
311
01021400140006080800DB8A4D466CFAABAFFA0000009601000066000000000000000000000000006659000036353931373044432D433031352D343331422D394342452D3738343842373346383230342F5265736F75726365732F45414338363145432D384646372D344136432D424341412D444338433636303935313434
311
2F7468756D626E61696C2F636F72652E786D6C504B01021400140006080800DB8A4D4624B38E320E010000B10100005C00000000000000000000000000E45A000036353931373044432D433031352D343331422D394342452D3738343842373346383230342F5265736F75726365732F45414338363145432D384646372D34
311
4136432D424341412D4443384336363039353134342F636F72652E786D6C504B01021400140006080800DB8A4D469868FDF0FA0000009601000037000000000000000000000000006C5C000036353931373044432D433031352D343331422D394342452D3738343842373346383230342F5265736F75726365732F636F7265
311
2E786D6C504B01021400140006080800DB8A4D46160A94CBF7000000940100003500000000000000000000000000BB5D000036353931373044432D433031352D343331422D394342452D3738343842373346383230342F536368656D61732F636F72652E786D6C504B01021400140006080800DB8A4D461224E54D01010000
311
D70100002D00000000000000000000000000055F000036353931373044432D433031352D343331422D394342452D3738343842373346383230342F636F72652E786D6C504B01021400140006080800DB8A4D463577252907010000B2010000080000000000000000000000000051600000636F72652E786D6C504B05060000
311
00001A001A00210B00007E6100000000
310
504B0304140006080800DB8A4D46000000000000000000000000370000006662782F38384443313042362D443931462D344341322D383634392D4435343430313042303132462F617474726962757465732E62696E504B0304140006080800DB8A4D46000000000000000000000000350000006662782F3838444331304236
310
2D443931462D344341322D383634392D4435343430313042303132462F76657274696365732E62696E504B0304140006080800DB8A4D46F270F1330600000004000000360000006662782F38384443313042362D443931462D344341322D383634392D4435343430313042303132462F747269616E676C65732E62696E6366
310
60600000504B0304140006080800DB8A4D4688E57597CD3F000090410000420000006662782F38384443313042362D443931462D344341322D383634392D4435343430313042303132462F7265736F75726365732F322F305F67656E657269632E706E67355B773CD4FF1FBF73E71C0E67EF7576C9DEF3EC995D46C6A1EC50
310
46649CBDF79E192942562825CE965D8A868C2842C8DE9FDFD1F7E7F138F7078FCF6B3F5FCFD7EBFDFEC41B196891913091804020321D6D7513FC77D8C5070EC3FFEE51B21F068154CC75D455CC028A3EA68992803810109FDDE5D5CEC5521B28A1B422BF80741695D5B529DA1C2D058AD2388BDA9F476F7C2CADC939304173
310
DBF48A452BF8A700C0C70C3D121C1AA15A5270C22E2B9E28763651F7DA0D12CE11077B2ECD0D560B5E3DE2368B1E65C5E1C87384A4CC5F2D9FB8BE39E9B77C753783A37998F5CEF1B4FEE553463245C9712270880DF339E0B882A6BA713D865F6F384C842D440934EF264F4A304F8DE4EEFA1E2BF5E2D91F5ADD9613D6E31D
310
DB33ED31DB1D7916CAF091286EA3D31B9CFECB78BB0060245B943C4C040119FF780A74DD308BA9D028678674EB5504ECF284EE814DAED07440BAF649BE4B55DA2890F4D73E2D489A59EE54FDB0A85B59F2F52C4858A02705C4815A792B0C4A996A2023ECB195073E115E3E3647F64243A8338F2000BCB58DA5692C7E7C3D41
310
3F963FEDF3CF00FBB0F831A9D51360FECA43819F527B89FA260EB63C5DA676830AA3626A3693B23F1A17A0DFFCE3EE164E31B5365EDF0C89EF64D8E38AB0BA9A1117D7C3A0EC44F44F4023095E80BA610DE336D0F99593A88BFC5306E72DF98F7FD132ED95878DF2964EA7E43071359FD83B2BDF9C6B5BDF768F0F3C0FC351
310
199526F53D9460A34511F75D1B63E488178569472C91A94497807A3FD4A390C6558F26D416365C3656DE6E769DA9D8FC73774E1709812842DD8EF96AED1960F79D21B395CDDFE6F92CB4EB962A4668C76990E2EF29798C8941D67DA50F4A5F947872460F1F6FDB794E8A29FD7AC0C0D6E0714339CE258FB17AE8535221E346
310
4A10F29A0BE5EEECEFC5675926A89F49EB14E5711894F6586DB5754EB4D5DA9C6437EBA57DB97A24F8B8A8DB295FFD73266CF57E82694DF5166DDF93573AFE9C9C5EB05F8FEF8E89E0A8917B0B3724DB7BEBB53252581EFC3E38166BA131A3A5B42FE2AD00A769BBFA4458D2DE7822F8C4F63D0B8E21B285AE13325F3410A4
310
35C648C9D91FDEB109E73CEDA7BC796961AF79175E1A3CE4C5E8B0D009B0C9E29EFD98BC8E97554E3D8D838424E270F7685226E5AC268E021EDE3522D583E8F20C0BDE2959EF5BBFEEDAB32FE9A3ED0E39F211A86AA9DEBFC68182EDED132AB8BB794442D2D7EA9F4D8BFF52BC4D55BB165124EE90A42D101E67BBBB292FFB
310
4F66DE5BF2300E44546757DA7CEF8932BFC9F92A0707953491A55C5A5ACEDABD9FA1AEA01BAC3DC5A24E22E7C47213493996EFBC369D086ED9397C9BA6C7F9855C7BD5E15BFC8C53DB3D2A4C5901A57ACD2FBDF4D1676E95338B2C2BCE65FDA4C64F5FEFDC7D9CA5AA1FCF11E193F2FDABF0F4916BF13FB916A224380E6462
310
A9815F2300DC49CC4DF8D055CEF76462F4B7A7ACA7365C2707891370BC1D0AA6203C44CCAB47084FEC057F27FFCD57F89B8B9852459798A675C66BD7CE572CAF71FF7E6D7ECF7BF62CAB7B3F1107DCD04DC55A3F9961700286141C94A4F771FEB2BCDA2DDEE0CB0BAE402FF1DB0100F8E475DFFFC074DDB4498AB7D186A765
310
4DDB1CB680D703D47CEB4E72F8CB13D86A4AA68116E26387B93FD6738779B34FEDB8E517EDF2BAF28D9BE93A1D3A164320E07D42E514725C29515FF361754213EDE06B079A2E99EB1CA82A02019EADEEB87B9AF005BD04BBCECB14AACD6B24EFBE482194A97DD32400685FF1FEF1544D1B14EFB1E7F08E6D2CD2AF52DE757F
310
35F5E62332EE88EA26417AD5C3E0E319D68F25414E6D672BD4522B278C57D18F0113921C71D96527E091F00CEB15AE23D24667369BD3CEFA10C7549D930890BA4366F4EBC55F01F746109F98ABCDD5A3EE06619C6AD78AB33E48E4C9BD21BF7478B385EC05C4F8987E2C1BFA0A60EBEDAA0AE0B015C2720ECE180FB6F2DEFB
310
EB822D96338C9B63822183BBF52FB664A7AE57003AABCE512BF77E7E31BDA2E739AC4C131657DDFE5225E900FB56CC01CDE808FA4A9C9DA16AC679656BB64796283D89812B8F91136AE18EE5EBBAF47A73BE3C153EB5D4CD491B4BFB4FE690A4CF9ABA08C0D8AA64220C438C96EA6CA80B58FE5761E697B3A292EB9FBDA502
310
FA863E49FE694ADDFFF9D62C520BDD1A22014147A0903A05B9B729F54272EF83931FEEC057BFF8C8055C279EAC5C0011804828734024F6CFA319C9CC6867C727184465CD9BB7ED386AFFD96B294A85E3802FAE47244602D8273615952B98C4F23F7EAE4463D9D638EEE374A20959E0FE519C4CFB0FBFE5DD80C2AA3F9DB961
310
D1BDE57E67C9BB47B77FDD74EE3094F5DBBE3EBC1FBDB7393F5116263009E2EFE1AF9A221B2AE234C902BF70E9F280ED23E73908361565964333A3F01D0B006AF32FB21AA1316744B489D5A198E85299241735BE559675130955C902A8ED761FC0DBE337A9F91919AF5CE32AF902ADF9AB2615E00E8A94586BA1A90839B618
310
32FF1BFB76D2EFADE6DB1BA04CCAD3DA649E7E2A0219F592E22F2AD54847EEA8E42271011E9074F8F3DD9FBA6CDF88FFC9FC7E811AD1CA8F4557CE4AFC7BBEDCF0114A48689F20A584520C74DA8127124B767E2FB91A6B186246727BE63C9445BAE02088D58B8EFDC0F1072407CD9B89A13F6303B4A928F593AD489B58E686
310
9325790ADC406036C591729FE14021F94B7796BB11848D463536A092A26F077F94639F7CEEE2A724C66EC885F4A24F8B8A0AC321F8FD149BA529460FAA34E4663C02D41FDF80BCA222D42F0ABFF8490F4FA74C673807C2051D8E467B47B616072860069A9A303ABA9B319D58404461401B0A0F9BE5E1E151C14BC33B32ABE0
310
3DDE91708DFAEB15E7C0D593C86BB7D7EC17BE56E57975F077BFD5525F3A1A361D584A75E08CF29FC7B44B2B3085014F3A5A14517377C3F6B8F37E59514C3B12F8AACDEDDA4DFC49BE5710101534CD6FB6DE15B50F11A09472AABA727F0C49D9CB906B158030065F48EB3625E010CEC1D511D0053474B11E6A4F01C0D6EF1B
310
ED3A944FDEC70E0DDCDC756C86545910E0DAE3BE3AA9A404574C2995CD5CAF9549226BC94B4F4F0F5F9086F418F6B32346464610D8BC7391D3C3A3CCF04CFC1FB2A3A3170E369511868F14EEA4E5E438CC73DB1F3248AA94B6B2FF33B222FF3D1E7BF146CAD229770158063BCE4F5391964DF62F7E52A7BE0EEA829C9E13C4
310
C147D6F93FE59E111DAB5E4594D6F3CD1AD375EE039930EFE5AF2BB2D41C83C7DABD8C659BAFBE8FAB392CA634F3D15C1D945DB4588D2B0824A4EC928AAC565557CA2F0DAA588CA5BE30B3A8004F7BF005E96CBF891D7F18112A3619FDF530DC8AA64954258E1811789B5189B49B4EB53F5F89F7D37523894F3EB57B373763
310
C91E502F52CC99EB7BDDF933FC324C4FFC2561DFFA7339FAFDD0A4BFBE6D3A8FF9ED1FC49898139864602458968913181918F719CCF5A68B2EE9C1FF050E34E63107003B8120FA982C21B30A874E4F5E4B38D5A8290C4B8D9BE48A0BE31EA995BDC37AC6DE90BA17D259DEF53605D55922FEB1855D915B659FBEB350EE0DFB
310
2F9F766E1C84CC8964B75D08667445EAB966015F63A18A9E0A325C1B3DC628C0D3CB60F767FA93CC65F25458BD23C3B312716E5F40E5858AC06EBA9AB14F95DB99147B832069201541D09A0D856E12C629CF32683760EE855537D1901988D5EBC156676C7DD51D7207CF3267AF1D76C2AD867315E44618015313A98B19941C
310
696FED3461CAA9B5415F918556D7802EDACEFD6B2E45853A9735DFC9DBF7E440F9319F8B6805A973BCCDC76C069A9144E51F187EDCC12FC31B5DEAAF0A76137199B106EC84ADA6B6EE697D4E6A96E007417F4E880E8B1E89B4BCE9D81EF611E2ED8F0C1A6C25F620FAFAAB656A7C42D464880E8AFAB0E0FC8EA38CA9A8AEEA
310
EE3E4648BA4680270A89743CDD3E6C6CBF34B7B640EFA285ABC7EA0A1E28F3CC963D114A80123EE66D0AF7D5380EB41909B605AB4765B709B808590458157E69BA1378FEC4B48CAF6A730E3BE3C5EF2DD1A5EAF94B1DDE50CEB55DDFD7EE9A16747FA4B223359FB1FCC69E1194892BABB93A1D5C4E807AC0EA2E30180811E7
310
7A2291F6E7F7FAA5E0F60215BC6024E48DE436C511F0628B8CA189982D4D83CCA17D305A7E923C37941CFDFDCD93ACAF735EF5F0E61BBD3E6C41A59B242790D3A3BAC7064DCD89AA2E37214EC839820949D5CAA31E240D2948E48F690298974A96BA9A8432BC90F5071D6537C9666EA4564796B7AFFFA548077BEEA75F6308
310
3435074BA182F3699557397F71548383FDA8CA34D99B981E72835ECDA5DDDC151315173D05A21F651AAF8524E88209E2E7A737ED1045800CE3390050BCFB8BE588DF111617874C62575039CA588EEFDEFEFE319B739DE2EDC147092A262611E159650E787917885EF08F1F51B8F2D8A71D60B58B190FEF9541A1BE94BC19FE
310
A50784DA1419FE4B0FB51B8D36B5FF8E1286FD8AF42B91E59A5F1CC4D60174E764045FD8C57B18209B217F89A62252BD20BE0E63E12B8E8F029FE19E0E8D0870F58721A557082250D5424F7909369376E41666C0EE77CD87CB283F661D5FB6D0DA023CB67320A20DC7BE661E9E1BFE5463085C557DA1FF9BE835733766C3D1
310
39F2CF9E2208873AD0EB4814DE9E6BF2CAF81614D4D43906ED1C05A3265CABBFE192770FC2F64F940CB6B17B5F166F133C9AEEAD2641807C3E69515171DD74C4A85311513D6EC9530B3B601B6BA3EBFF3B5C3D2F7D69765141E345F75433953D013ADDF8F6AA7DC3F4A7563FE5C7D367937E2900D7EAD0F9FC9A4A1A9B5BDF
310
1FEF08532660C01C5D6DE22199AA774383E306DAB87E301ABB7D213887F9869D4942D0D71E94B27EDF216A318BD488D45DF84529EF575AF3C3938C0AAA0215B01994153E2054A0B894DA5C784980633AAD48576957CF4AEAEAFADC7C587368551C73DBE1E57C58AC713303A8BFC258BD04B51724459FF9E24C03A81E0E0679
310
CEB9B348C0DC998FEB9C6D6EFA77D247CC8F92D3848599ED89A23218D0636465AD1CEEB7DC140D7426F83491C4E8E8281C2FB35240918FFECE880CA2A42D70E8B20B34DF5221C7DB0CF90ECCB9C745B37A47E9B716FF7A97B7A252C1F3814DC7B1E1A7F72B8751D524EF7CAE45B0C73B3BE7D08ED39781B380DDFC9AA4A474
310
9C9493DB5BAD07A6EA6C092FBD0E85DB004DF06B8C9D3089C5320187E4CE1846158C7EA7DDAE8AD9AFFF21AA3A1026BB06A259845E8232DEE62811A4DA9CEAB3A4887320B76E2AE5615EAB7BDF738CBDD01F1E64064BC13D9EC53576751CA8CACD58B3CEB0E6CA585BD089B2A59B9FC101403387AADBDBE70586B93D64BF3A
310
D4453EF9C3B6A93817E8346991798601344F79A83C51F3D50F7BF2683A3605F51A72449489E0EE6169C749C60B1035651103AEE24D24E51A759C840DD3FC6504DA6FE107510E447B43461C79D22970B75DE5E1BD3007D1AFC619A4A4A69B5626AF5E9B8374E20677F77E2F8E73DF868E8BEC7EBA7B6A75EEF7205E1AB9486C
310
B642741D6E03FF13FCCEDB1C4AC129886268B01CDF4B124AF797CF784F3C6DEC97A17D4B558070A0F1C04DA4FF9BDBF34159AEFE958479824B3F58EBD1E19088A2AFDE501B6F2052368A3FD0E650A179EFAB1561E1D27527077136E652676C3670F42DCB3352F48F6BC86D2C3B0051727E41A0A4DC6CE2BE9D47F5CAA2935A
310
3C0539AF080665997194ABECD723B08129CC5B6B21D2E7D54CD4D12610E7E9FB8306771A89576C7A982002775ED44F3F744CF21EEBB27A631671D921938AAEE3EB0D19CD1E083727F607823E817BF599DCED5394E37EEBC2E88782E638920CA641EF74D4CDFCDEF06F4278ECB18E31E7E9876F2D783C8BF429C75395F57E98
310
C2B495A3DA077EB3AC3C158608B6B57FE3EA48484D9A480096FCEE0DE880950E7E5A5714131C5C41AAA29FD19AE81AC145FA1B9E85C7169A5AB837B213493DF7E9AA4B5FBF9CDEB36EBD21EF1181B7CF7366AB2A951D01E37AF4EB835D1BE8C117CFBE7625D2EBCDB0B20C5A4B45CED0BCDE3EE8DA9DA78C2E21DEAAFFD119
310
7E463C33CC6A80FB785669B856EFF7A8CCCA2841B5A5369173320B1170C368B2748D81062EA0296E5E2D95D7667A4A46D98A6FF475C76AAB0A8C8D45E226FAFC9FE0133EA9F60111F99CA81ACE03A1D14C89E8B0D69079C91464FA1D99E651D0EAF606F345C42A8A1AA9BA391031582B96D5B4176A77AADB01F12FD298A75D
310
EEBB2C82F0B8650E880722F8DDD90C56A7A058E5FDEF1AC93545BA27367C76F5D8F9690CB6F8DAE141EDD7971F0FB548A2AE435F224D6E5954CA155512F7332029D5A1230854B79F258EC5FFDB09F5F6343A8EB193229B7F7E79B3E48F8E183860B38C8269D1B53738FF1E0BACF6AADA6D4869E9DE708E79B5DADCC09B1BC7
310
6F649731CFAF59A83FD8BAE4C749D66FA87A3810D4D62FFE826FA400C0F325D2BC0F3CA35F5847B82A2ACC7961745C823E4D863D54460AF792CE6F79B5C7A33B25C3AEA6CDE15A919B6367D781E9D44F61BF828672594A3E1D9EDD6DF179A81F27EAC05B936575D73E05C209DDD2115CFB705DF9BBF3C911589B3640735E9E
310
618FC9C36A7326C82B2205E244C55D56FDB9D5DC93CE958D4BF8174D2B3DA54CB3C09F2C2A6DFF73D23B2197355761AD421EC581284A7EF8DE2CE3497C0C804D49B41DFD6A7360844E5BEFFB495CFCDB97A4595911CDBA623274CE852B5E278AF0BEB1770E9D37CD977B2766A7DED0E94B840E1E95E8C77DE5CB6354AF7871
310
427C28ADBEEF7BA0A28E19DE9ACD75F379FE373EAE6DDDAE3834692F9C2B03B4FCA8FCA9ABE8EEEBEBB725B88A7C90941E850682CA04061A7DF0CE82ED49BFAFFD42C309818FAE14755CAAE78B0F73243ECCCAD7DF58FCB9CDFAE7A4D3E6671A613639130D056C8383C8F4FCF4808C331E544DD26E4755D09EA05253B3049A
310
1E32587CC25D72E073E2CD96D04A71BBCB0038FEC3F53D254199C3CDC67CD66640269431860225392B2CB3ECD0B4498AAE78BA1994246AE1EE78F2EDFB79F6C6CB6B5E279C4D373FBC21CB2698C9ACBBEB6A4BB6B39E16AB0E421CCBFC7654D81ED86022F9BB522146F9F4772E2D0E4FA70120C95A85A417BF5078B232F475
310
4363EB1750B2AC2148EB46B1EA72AD9B4D23ADCBC589D70106C3EC2ABEEED84DFE28E718C6C83502C28E9FDD3B09DA0A6F6F7B72B706A31C9E2A331EE70DA56A083D2177BFD63C55B11D8D949FAFCF90B23A1E24B9B5018B9A17E99F2890EC302F330FE7936E2C23F0D237EC8916F5166AB84B62A21BB0B950146962D754F9
310
2CC2C8877BED8FC7B7B25726DD19545392570B3A2C66B58F027BEF412E552D12A588C4A3CC5C3193FCB3485EFFF700D0B9EEC077754A33DC1FB9E25AF814628F91DDFECB667D3F7690803F38D13F8AE39353523BB08FC6760144AFA2CE28236F65EDBB3D5F59A57D612B99E3D7E5F8A851666BF9B5A6658EFC96EEB37A378A
310
BB0EB3FDDF1303AF32C41BD1C8560745D7BD81066B0D6313359CF488563D3BA3F8E2185D1FAA3EBA1397C9D0E3DD232180A4DCADB6AF25DB3AC3CC26589C8239E66E81547BC7E2F328F9884764CA37EB5DBE390DFC03A5246B456A7C3684C4377D0EEF9A350680FA9A077E8B2957B489E09AB1AD41316944C2254B5984830F
310
691C93CAA767EECF976FA5647538830B5E63236A6F0365C1E0F3E327F24FE35EDDBD7360B0F7374837409F7A6311BECC12B7026D4FA1AE204FA3F5FE904B1F420C7A9044AE58E403E7C4848E7DA25DC9EDAC79DD756FAA26B9EA83ACE8A214A2612A22AFA19DAE7DBAC5F8CDE1292A485F98DAC731A29FE01A3966E96BCB9F
310
B5A4C8830E1B9AF0C54B87FBE221A097036E5D28D1F869F810C06A9BB0AC0612F69AEBAF893C6E7AD59460208BAB3A6B09CA4F6BDDAB8CF0D1F84B72487498395A70DCD754796E271099A567A55CF242BBED64696378BB6CF25EF0FCDB589F3A82F1116D010A9AB9FA4358809EE0C973A2B4229BAA876A70B03AB49CBA7FBE
310
71DB1832FFD32F9BF2C8E98075CACAFB36921235D0F552B6A67E94E094097A5D7DF681B40623DA535ADA7A9AD8E9A62407D7C9A5AE51D62A17A83A23728DE86BB56115804D3F2675F2C6B87541A0FC497BF0CA86420F558C9859EBE9FAD62747E323E3AADC03FDCDDFE7407B09DA90B44E3185723C5381EAEF589765E2F7A0
310
99BA46695BAD60CEF3491B8A171F5F56444F7CE9455312C3498C74173AEA0214EC029833B34B650CBB5A5508D5091665309642791708ECF27CF11DB3D797D6CFE474453BD4BFADB768094B2147814D81C7CBAF8228DCAF5564B5891F5EF6A860EB2E323CB82AB868D8EA048880D63B0DE5341F1B3D53297B928A11E15F25E5
310
148990F710747C3509ED14909C552EBE3973246FCE55D00564D8310BC3EBC5085D08D806799B77D6C57FDF5E55837F9E934F09C03C729271B64F12D0A9F9E938107CAF7BF1EC8CF1BB9B42363D33070F4CACB425E605DDB0A34A12BB936DE286B9887A4E2E558F0886498BFF49C311D96C277CF6A9FC0D75AD0ECC5226D7E0
310
E3572012E56D7FDE4410CEC7A6D0F997F225A2055B8B92E3956E875AE4993CB3D4C9063AF98FD45E1BAB165640A43439A2C9181A7C355B297C0A0CCFFAE19B6FA3C2BA238A885FBC98B8F6DAF4B94B97304878DF4D8BFF6A4AEDF79E90ED4E68F00CD7299F4E0D83E35601AF0CBEF18C1E870E74758FA91F5131075004DB3C
310
FCF09AE1DABC11957FD9808C92E8A678CE9DBE40DDA0E0D1D505AAFBCBA208232BFB6FB3704E8985E61ADE53DE74152F5C7DE74B1DEDCD37DC3E8FB30D7EBA8B9EFFC3606BF90B8D438279CB7709FC7C00D327F41817EEA71CD9E49FE9C8C9A81C70915D9F0F15958EC5AA4C3BBFAF46986B90F188BDB24B89DE3C6F29EC3E
310
6F66D84856EE96A35E657CA41B41EFD8DBFA16AD6E91439EA92B40B21C053249F51AE50EB0B24C770FFAF40DF12C8436366819C48E36547D4E7B72FE2BBF10828583057814A668BDF183F6B2E58DFB151103E56303E63D00F39C27C4661605DB644D19175D02E3F0241E8FC3458D17AAAADB117CE9EEA690D0DB01E634878C
310
04C2C9310B69FCAB831151E3AD293BEF6E46B0ABCECB50F5939B39C613D41E81FAE8D34CAE3C4566B761D37185FE864AC32FCB71AEF39DAA5BAB88609BB980CD2F07A8F941653B529567726E2B2A58D079DD57E1E5E31426CF184A04D7B03B985F276D47406AF276FE32E3328BA866EB1FD39BEF57863A317634AA5FE46740
310
9B3873F5069EF0D71AF00AD189D17BA1974ECDB2D623E9E14086386A6AAB5807825C37B015BFE892AFD154920EC437EB945D958E18622E1E0FE2FA06557CE4BB9BBD05A2D40E774DA2B65473791E314B7D6C886820B2FCFE4AA272B3B8B15E7344A145E8AF919B5454D89D36D413E87211186BF6F645E5EC94DCCE8E1C7990
310
22E4EC9BC86D7A0F2AFB1FC4B2CE48F84B3F49ECE65BAD24CADCC07EFF39AB06BE9E6B27A059938EA7208838455383DDBCFCD967DDE4650EF92A14FF933C975DB20BD7FEEBC4487576485963D757D16340D9599FEB362F775F38CA4185A86F74B629C81B133644A3B18FD056E997E0734F9BE26D11C0AAFC669E2AC9FC41D2
310
81F8B2E1C35AE27BCE05F3DA295488096688719D974DF1B5D182DB7792288697F8763CFB43562C1CDEE11C4AABD5C22B6E33F6F389CFC3477C5919DC0D533F8A7A1846B7ADB60ABDC26C43D0CFC8910B7C15EE22675BD02702ED39DB77A87A192CA7A543E6205B979B9F5A6B512A3CA799E198B2D5797C0AF8D1D872CA455D
310
4D431A7879D4DD76110B5FF7F4176B54477A9EB5E4A5D11214FDA585F0382751D8E2582BA5D2075053298FEB8F1537304E32CB22C2E2B693DC0A760B1DFCA751BDC445AFDCBB12820ED85F6D5298933C7EF1211E9E057684056CDA3FEF3BB6052355E162DF27C59E965A8DDB7F9437EB72CDDA3A090DE65A5B2F50326247B7
310
EC67B73ACC7047FC9B353D6EE990F772207C6EC52B39DC2F3C0754821DAB559F7C1809C7D0DD5B0499D0442E0A6E391B3D5DB46D11E731E6794EC77523FBDAA242ED67F9FA1FB684255671F63C9BCFE6E7E896D51001A6113EF2298BA494E0B0980D1FA5B9D60796554C02256B1E0345FB7C6186B6A19D2DCA270416262845
310
FA4F42DB5D9B0A0B6F07FCA2E56C242522E001E0CEB734AF310FC8BFB57E38E03AACE93B3326A2197891E68452B26A6307FDABFEE0223D3C03C3C73D2D5BC054C8311F12004CAE488E5C29287F8156A2CAA4AD0D7BE6B97264E4139F437CE73ADF52E5134C52B819777C18B323A5924E4F67AFD13B1CDC3A61793A79FAF5C0
310
CEB718E441071E797C6DCCB9EFCF7E4A1E9F3DF3C2F9C9E8294E9586868788C972857FB0556D7A26941A7EEB9B580AD78EC40B85DC906B4120A563CA3B87797ED612D3B035962BB75F6515A393F4CB057F564CDF54F2E5A024514E6A1F901DB80C7E70B1FC05E356A7E72FABF4775B3E3FB8F70A2A8E7B6A94542BB3041579
310
78CCC999E707A29CC795E67A59CC546A5D47B368954CA7B6E75EC9E1F6FC73CE3B4F71F8CB1A6B15923D61EAAEB14626AAA9D04A26EB9C66CD1BE86CA31A5D8703DE04CD1EBCE4F5CCB62F93909AD11E55799A781A956ED27D3E738F4538CB04ADABC7DAEF20BC35BA6A90BCC1DC61BA05F20D8832FFB9BC9B15E2DB838A0A
310
FBB7E0C82A562127E0446894F427794C3037186F622BF24DE1B00AA10A23BFA47B2A180D6DA5AD6F7326FEB8C100C2D7142EB2A0B2A9D1008A09BA343D70E054AB69E2A7EDB783CBD92537FAF4A44D1296AC2792729104B3276C276C951D0CF3CF3F1E6B017720A7B8505A5FF9589365979678C36F1BAF759EAF57C60F1FF5
310
FE9DCF5F8E764FF25A2D06CF25117A8FED51884C13B2B750DB0E4F5E3D64124FCF11F0AD8F1CC3B3DA4B38ED22BF1CB2585EE6BFEBBA63FBFD44F9537B9B37BDD6B358720F98A8125AED4349CCFEB0E135F19E208A04CA7E2B10711185D72E381F448036EF57C9F874E54A971CA37A639E986AC0226DC5AA00D5B14FEA9192
310
234B3DE617814FC221C92F33F1D392F297731B567FD98FD91D989379AF567A65B8ADF177591DB90FBEA99BF4ED11B16E50A0AB1DBF1156D034BBE04D69D08F939D8E92BF525A1DDAFF80ECBC95D8F45D3FDD289FD23F7D8B452F8EBB34EC082DEEE68E18EDDF072060FAD2AB1504DD4879BF67099FC58F6E9DEFBF645D1633
310
4A3E9A127C6F1AF6132CF287E433B43A0EE93812B4AA0B194E03EE3FF91EF9C6ED0074A2F6EB18A96A7C9890B1FCDA1F2095E944DB911ED54C60DF16FB74C8CE9BDC7C54C4F14078CF73C2FFF1F1BBCCD7CF64F71407EA1683DBC410D226627F66E509060D5C0AFD611DE681D509DB8DD12FB1265B03C6F5C55FF4C30BD941
310
87FF692B4F152982502F193098A789526A038AB529A52BC0DC4FB6285CBAC10A8B8DB75DCD9BDABBB221E27D1F8DA9F5EE5926A1C8AA9BA9BC09239C6A7F12914EA3B59EFF7AAEC3FFCCE56F1C5C2980AD072793527565E774F4631DB178CEEC691B1F367BEA0CF2907E1D6B854D527065979DDEF002D8B2ACEA7CE21AE297
310
737EDE1D45B31233B73FEA35BCFDD0B09721FDBAF6432681F2FD10C3E9EFB246FD6E854B344ACC9D8A0EEF876A7314B49B6A499FC650B099D650DBFEC7638ADFD245E2B7839DA5AC5F7D5623FC0ECEEC8653FC9B2BDD1AD4D00A566FBA7186DD3C9CD26512551637498CADB950FEC71ADB9A5524285DE328B8EC7EC75D2345
310
AEC6A27C42AF6D9B92155315C80DBFCABBB7DA0FAE425C4FB896B15C9BFAC4FE67DF5A23D30C93DA4D8F36FB15D100050DA6062E22AEC5F4DAC4F6FEEF97AE05DE63C6D38F9E068A20BC5E3B6BCD75320C5090924E7F93640A7735B1A43451C2D91EE62C6238B797349E59890AF3A520DF4A87095F3ABEC2E61F0593416CE4
310
6CDCBE0E00E2523FCCD04408588B5B6C9DB6459C786CE378770B54F51DA3A5E1DF2A3349BEAAC234A6CF8993B598B3B25B4B113E353A4D750FA7534749430F3EBF2512E7EA3FD43C6AB9A1F765A58463B306721A15D224FAFE8C6F5E3432D57EE697DA0DD5A9D4866A8BCCAAA9DFF1F06047851408FEC060471D0E3EB86BFA
310
F46E4B5E60311DC3E3CEA147C75CF971BE74689507154FF2D2E92F15CDB2B9182B11459FD8ACAC5A85F174BC94A7F4EE4C4F5CAFA7C02E37BF0BC77B7DCD0C047BC316F562A01A441AFA7931CC84A28CB9F4AA367EB515778F29BFE61195FA671F4352E5E46E3A64773F1F76EE5EB36D7BCE9BCEAD837A4D77F8DB8C92AEEF
310
6711920D7C7D0F76B0FD0EB7AB83724CD35BCA7D36DDDF5FBB7FF6F04A91F3E2BB3B8F1A43CD659639507FF6331C5F697BCC782AE57D757A27D97F1AB9E0AEDB43F92F1B2AACDF5FEC8ADBAF9F814E2027003BA2F9E144B1938A7A04050AE5D953B82C45619165C813A10E76DD6906B3C16438064D14CDA713AEC420034613
310
E1AC7241904A49FBF87409AFB1FCB9B72FE7933A87D8FBEDACECE4EDCF6A4FE9FB94D5DEB74FAB7CFEAE17EE965DF980DCCA2D04134994F9A2E94D2265DA4FE6AA7B7AC15FACAC2B5ABBCD7DFF542C5314FDAB2E1B9D8B65220B8E2B638BE008E8DCA22678C820C5053664D15E89F2D735B51A84955E81A443545E9FF787BE
310
0FA700A76D136C27DA179A7C6E8939E01BE756E19CB292798063D8B97F44E8A27BCF3A614FEB8BE974A718E86F7EC99B53CA35FA24F61F2B07266684623A3D4CF073E511F3A10A8FDAFAF0078C577F4DF9D339FE7862E5FA47CF4344209E5BF76D783B1B48E152AD281B15FCB934DCDA49CEC5706B1EE8B460F435324A5CAD
310
154725E21AB8044B75A557A79F6C807B9340AA3D92503E866F4274412926C8C504E4D5EF8C0E68DD0B028781A6B4054F11CF18941F101C57CCC796773ABC8DED9CD91FE5788806C05E548895354AEAC96546D55B0E94A59F148D061F42AA398D822CDECA4CDE79E13469BDCC44FDC990F366BA5978C15F97ED80CBFD73B0CD
310
9B8B83A4F6845BDFBFAF034019473FB9A63BD55D3A4A7284757071574029A4D016DCCBE95DD679EF3C4880BF169422F8C89B68A988D2B13793CAED4F74DE7486C72DC94DF46B8E93D8E02EFCB1FF9B3BA10C8AE7F653DF94F4AF466CDDCEF5776687F7C4C14B63E4EED1719DC2EC482D7DBCC7AE518CDE3D5FF86D39000EC3
310
673C0044E1D308BF05F74D1B5F033A7D1BE7F74BC55BBE3E4A20F920946CA0271EB17BD2B80E5660ACB8A29A79F5E4BBA49D4D945B6EEF4A7EFEAA65E5555BBB57A7E15D2F83C69F30BBB978D2B39F1F26FC097424D39BB33CA3D87ABF64E307938B685BAD44F71556A30B7E712CA4FE600613C3E554B69ADE949A7CFE214D
310
F1FFF05CB82151EC6FC31950239F94CF7AD39DC473F6EA356E5EC2C4EFA04383CEFE985A127484366FBEE3C0EC4FEA363E4F6632AE781392FD45D67B63FB8DF70E82734F431FD3443172A0E30A83D60982D55FA6A2CF86DBA8382502ACC6CDEF3B907982EED1160E14863FA242F9757347E1544275CCDCF71ECD5F8621CBEA
310
326B8BA884AD7F825781923E66971F04010D574C541D8427A438A37EEF8AF88240EED7362C953F5A81DE2D56109CDE2524EA0F5D2F87308C0C47BD97AD605878AB8589E17CA83930CB5E0DCCD75853D68B1AB136594926DE426C367428E9334AFAFF90ECE221BB5DC9E5BB53D2CDEF954EAA9CD814F0E5725F1965DD458E5F
310
8487683AD86B9D0076BE3EE91EB1CECC5331A67A3F79D8B27587C12EC2A6A70474749F27B4C0BBAFB94B34189E88DC18964BE4121B9137FD516C7755356E50D6714E31ACD222621EBBCD1CFF81D87479056A9DA0E0B8EA19D24CF937DA89F78E8650CCBDC110AAB6C4E46DCBFD0446BA9E2060E81F314AC2031E88135E5476
310
AC0160EF5C0DD2EEF1B8B5CB2D198BE9A554A9093B5F7D7E4B5407DDFCA1D9C152FD97F55BFFFDFE802954DFEC8995B983E28AC92F1971E28F531DC407A1280EB125F64A72E617EFB27DFBCEDCDA2D6F2BDADA36873EE46B9BE1782998C63DA7182BC383FB6FD15DA472B175D7E8B4FC88F38D6E07FEAA3FA3CBB8F6B449EC
310
F14D2175E5C5CCA3A42ABF24CA6C9395AF74535F4DDB38CB84F56614B0FD32D7E19CA5CF988DB4449C40E23DF2B16772594554579094450F56F253CD25EA7F77366FB1CFE79696C428BB64D5A41E986189427E5E4D7E2DAE3D5BB4972B3DC44EAABDDDD63A2264ECFA5C786EB0EE1FDC5BE34FA0F08376869FD1E61EA06CAE
310
15191135445EE8F0394161C3266A596AA035572BB0C8876180D8B9C77D307DF9DCDF7365ABDA6F3A2366436457A4DFC1F259666569A9E4A79C817BDD5610E5200FCE894A358EC72858D50EF67545DA81C6FACE3D457BAF70367E1E6BDD9A952FB4F56247F58F523B97E640246051A72F79BE42FFA0B3187F63097F91C48B86
310
8586F714B0EBD5A00A8412C1236E1298F60C72BE6C96B82B404CADAA304AE9F303176B14BA53FBC2D5E86377E35542019E24D97B96A49B2C0E5006E7795954DEAF5DA58958839043C6C70BD3B1B33B6DC5C31316D8A6923F142E26F6711A2258AF977DDF1F970ECC4F1F2B434B96D81BEB6E89BF3BBB3C7C8CC80505070723
310
D6D7D7D3C8CA27CA164A26024FED94B12A86031867241DA53D929636DA600F050BC40CE48B8BA03D69224720DEE2ED2127390BDF5E6EA64527BBD4C4C63FA76BB801FEEC0E61218EC98A8A86CD8313781617877E66692839B9468CF4DB8E50A73986E558E309C0D6F676F921BE02F1185454DC75B111572FF9D27D85EA14C0
310
5AD7271225B391C4275659CA4A43759D0BA44639BE4C30A84DB7F67A41399FB95CBF923B1B1672ABC807C1590557FB18D811983FA97F5E609516D62281D38B1281F68FC75528C35E4CD7DF0F7DBB5E5DD69C414EBEA2F4A5B241B996BA77AE6C772E367408C633EA3E438B68563EA8BE7667F3A4C4FDEEA52ABD78A2820F44
310
3B7914A15F180018D231E64519C56A12F6CA7C8DAE18F06F6B769DBF92329EF6A5D18FBCE600F36BD8E8198DE5CDAA96181F3A756EBA5501CEE58F497EA4F418A2B82565B9BCC611713C0B708CCA1F398B78C5F7D03B3437CC18F13061F55C7BEDADD5ACB1DB0E36D3CE47FF6EA1A563A57E9649EA5D14D1A50EAA45746338
310
1C073777EF1600607BAF6428A7DDC079D47A204EF1E1F1F0589FB054D45E02CE623B3823C317C601E589E22B1E88B448524B86A82828E32345EC18AE17214B42F8C41C6D428016D9BA31DDCB47572561E5A402E5BA4FCE55F78AF7268524AA04130F3A20BA5D1E9F9948EA48FC8F5314FDB35E21898198060034ACE5E3E2BB
310
CA34092518F275190AF65F45867FF0900AA4B81F25427414C372BF51DC29AA855C5428EE1EEDD6B849AD60F6E73475C2D2523F8A2772C840A478DED18A8C5C91B085F255DC4F54EA7AA8947354FD17ECF8FB3B4A0DE7B483CAF3A1165EE05BBA413E5C1FEF3DE1D6B8F2F3F3251C17D9FCAB48A9AAF63AC773A0E413BBC46A
310
9ADF84A566FC920E4D8C52C9769EE3301CADEEEDD92B312E02E2A7E35B7F1E7D203FE5A7D75578B06E99D0E46FFADB8FDA17ED8880390DA29094202D6F645F76F6F96409CDA05495A96E84B04A00D1A6C6C81D7F3DE9376E828CCF144EE50E364ACCE7237EA0BFB5607ED1AC3CFE73794E5B61739D14DF1743441B1AC98F00
310
ECEDE9E7301FA29755FBEFA68C91EF2B314CF510537EF1ABFC9A762496280B546F5EDAAF8A5B387D469FC9A878A92828C88608453ACEC6094DCA54111E7AD5B2663DFE2DD151B7F123B9F4FEF8EE36AB125FD7AD52A59B1B765B3E3F73E3F73DEA93875004D2AFFE3CDE9493B87A9904DD052028949041A91DC0E1BA47BA71
310
4343FD5B25E0A6A09503AFC17C790058A836A324FE31D7893512E28230332F153181C1E018E1124EBE1BA262AA428A518237D1EA7275E48C5C561BD19ED6912EDD8367DA0F31E40EEAE9683DA9257525AEA7B632B97119E17145A90231768A4F3B9120FF32E8319B015E3CBE26F1A754177D8185345817C096B0CE443A955D
310
13AC15E1FB5DEEA0239EC32A3C92241A237B0B02FFCB4F93CF2B02570C8D192E2F2A68CEEB42F12E6F8CEEFF46C251E22B4341C56FB08CCE550E7A9D6F4D6564B9EA52A83D5BF2C6E03FA19D2775E15A8A7ACF30A13C259EE7F5EF2AC3BA354F1500E1A07FC63FB4686E2F12EC69719F9ECF5FE3F35598DF2CE944008CE78F
310
0911BA5BE5D0A34E0098FF038669C26030BA9B300303039852A8F6F496341737CA7E0D2E3AAA36DE0A70AA7D9CA0D54D9AD84B18A44C9E625475E1C97B93BEBB38DCE7D227E67A2D00F531436136355F243D1FC0D712C5765754FA22FCFFAE97919161F46D6E61ACB37D83777B385889770B50765B127768443A5C4D3A4E35
310
A3151111F146B7CA116F918A049F1C272F2CD7976C69A0068773451659A97E0F4A08FE604C3FF6CE7385DB19F4D3ABC8A0D80DA8A42096AC377DB49382B36E270B6FA7570188B4B7D1DDDDA82ACA487CCA5D38BD3BD039ADBAFA4ACFF27809239B722081E2EB9F145320553D183F28471C388BC8814E5045676767AB58A8E7
310
2D1CED2CA731379515D2E533E4CF0B39DFC625F97AC4836831A4DE330E87A8126FA17EBE583D614E71E22A8DBF2825599743E0640037303E8E1B1E8EA4E1ABFA4F62907B5E4E0E5DCFDAB417C36C6848A2B8D15F1E505434C0707E16B1CFC2A1C36A42BBF55734F8F4301DDC2A5110CEE8C0747F69519265012A2174BF4E95
310
5ECD4FDE095A3ABC70536B7AD0B9D7892F81287D667C108703C9B66A221E9A0929D030008F77FF6F5D2108EF5706FC87A3069B976F7C9FC3239D13D283CDEA83597461079FEEE049B0F392889898B7D87D31F8D60ED7B56B91823A8E4EDDB36C6172ECEE42BD42B12CD67994FA0F0DFAE9389356F4CD4425A4B8AA55CBF7EC
310
D585C6A2C2316791E43D5C06841ADBB226A87FD61515FFBB0167B74E56BD7F3E90A57A97FEDCBDF483A0D6699A8C0849CAEB4947FAA90D8E332D9DEBD9F4738C37DA0CAF9CF3DAA68BCB67C420459C7A64498D6E848E5CADE92BB6901F607AA331104A67F7CD650EE169B1DAE94D2C31C2F993632259B6957E246EFE4C5481
310
107B07118607700040E5812A2A2A38DA0076875258C753F60E0F2662C748EDD5F3F3686B8FC3BD6FE631ECCAA1E8B1C1E565AD117E54893E79F4672E32F9E46B2A183DFDCF3EECB4D4D077DBEA0DA254D256045109670050129E9B9B1A9E4A11344D61497A992778095151510C4BB7EF2009B63AA4360635312E4CF668B7E0
310
D3D85A8688E2BD83B569439892ADB63461930D428E0DE42E4AC57CE48DA5CC1449530D8BD3D6A0F08DF20C8E8F570F2CFFFCEA286E30969B4654D498A58D9DA782E19FE3F002181838925592C4A1EF0B332D88B61A92C644547BED490D3A42CFFAB70E36D961F694F6307F72FF15A1C79D5B1B5CEFD353D9E2B52566DEC8F8
310
F09CB3E8359C0F68EBBB7898243E34E12A015B2685AB303C04D3A9E00671FF3DFF0A184E4A2ABEB2B666AF5B3A209C73D8EF29DCDB069C9F391EEE9DD0F74C7BCDE16F8F02E3B8816122BBEB50665775B600549D8BB33A54A6BF940C028118BC6878C79958D6784F9DEAA6E26748386FFAF8D0D0101E2847B6563F5D8DC1D7
310
8F787BE00E2C941AE12148D4A81599FE8F68D4DA5CDED75530ADE138240300EE13B0FC13A1687FED6774662C05A2B7DFB186732F0D7A93545D8B0A6390AE5054D9CB582DA846D7A061B3358B45E2B52DDE63E114397EDB7E09233A579155D795BE76102CF277F4DF8B188C4F2879BEAE3C08347124BF9ED23B128259FE107D
310
31E34A652F090B30B39E0D9AF917B76A2806135621A8A60681F16AF216514BBD02711585B5B1AE823F4B2D0369EA5B6BCB863072727FFC871CA6C9AB79A814D989057E9470A3D238BC87CBB4A0EA49AFE2B86F22E499793CAA9047080450166BDC357524561E258C77CB697F1ABB32562CF87C3B7AA12F911EF19FB3E5C022
310
22E887D08202A60A17151F5E053A86B437771088B4FEE14D652C43E8D939995D34545E12E2FF93D4E366EAD25F10CB7DED141563C3D0C447AF06078A91135FD4B9611583CB4BF3BD167F2399CEAB0E0100F8FFC305F00F1711717173138B4B48C83022295DE657EFEDD97F238ECA80F528AFB4F8D67AD4E2594B9A3AA86D74
310
87EFC313BA95745C186F0CDD84CC12DC9CB0424B42203D351FD9C0A3AF10CC7F388E0329279087386421F194F4A29464C1DEF7EF8BE515E4A199DCD5B909342598D8FE6A231F71336248D5CEC5454455C7BE383B3BC7B260FED27F703FDC39A170F3827239102F59D4DEE7FEF82EAA1A5E4BA94DCC4CC44E7E2EDE20F24244
310
E4454369D2E87C3F823F193FD4FD27E1C23984B01898D15ABC20711A8A558054951A6AE280096BA36CBA439603B7B0B4C45F248C14B2383B4B5CD8ECECE4FF859AD4A6CA2326D020EF090F4041D28DB66E5256B56232CC52829DE8060BAE6BBF37D4B7469B822454FE93210A3E8D15E69FFCF01123222611C51C4FD0A041A0
310
CFA2471CF6BE38D2B20FA4C3525B5B8B586759475CF80ADFE67A284AC24651E52B8E683D24C2622642F27E7C3C22783BCF63648BC398BD6CD0D9C97E7E7E3EACB6126DB7A6C1FD9F1031302EE67ED96F22B77C7CA0239BB324207559B105E4693EB26EC46182A92C9C0DBD24F29B31C5C5AC1F84300E0E17CEEAC15F5736FA
310
4A98971E2F1423BFCD68D4BBD5F86E74B40A369F39507C88FCDB35D2DD8DEBEA4AF999E23CF2816D204200DF6E611781B9884C1AC8888B4DE397320472959434323A5A36B22A8E1F721A270DF3BD65E4A31C11FF048AFB0D8B7B6881423793963A23CFCE935FC189ED36FAE35C46DA3574C979E4394BE52084F3081837BE03
310
3396D2EBD80F1F691B273F660D2B32FA27A33B1DE4ADA5F0FA4651511102DFA410DDA86E065272CA314D5249DF91B06BB92807B28EFD54F08F7B525252782CD276DD02E6B0319B13DF87B1F6361AD6B28FC0D711CF445429B9E5A433CD493051C49A9E03DDB1B147D880253514A5DED88009018620EE229101C041950E2D8A
310
A8E1F5F5438E0C0C0C60EEDEE9E3E0C051948C69F84BB7B2A48A1F3C8EB9E6864687F4F4F6F6E2FA87608ADAF9C5E117B7C1A737E710769DA1D15ECE6A84502AA855398712D5FB51BE92E4EF824969CE18278798AC303C2C7980DD2500ADF8FB1E6D6C2FAAFF9987178923334A244758BAA01A9A1B70FA5097D01E1CC2A58D
310
AD0EC94CE6430AA9B0C10D75E3C6BAC670EFBADEE1607739CE0FC18A2587E3EC3058562014C64219C69BC269082D5C2F4A659278D585755912176D78A1B641719C2A394CED495A1AC5D583FD2F5EDD93308EA7EAE8A6DD396598BDBD3D4CFED62D18A5BDFDE0DD5C80D1A89BA62697B131AE7CE9A6594138582F1B37D68F17
310
49AC7CB67A70695D48A4A056AC1FBD4E82358CEAE38F54B95A9016F9000F9879C0D9D131768635CA798895F27D6F1614F11F2838A83611AA51C9A3DDB539D42979C29F10465655C17BEC3E2760B80DCBF609198C7B171A531905F3EC218D696025975E986C6B4C666666787271F202805577DD5A3EF0CAFAF91B62DC4B2DB4
310
217A7606282F31D8DDBC290593BAA93EA6353AFA9939B877978481E15CFC9F2755CDC00C538F63A4BA3E80AE009B73CA0185687D339A507D165B74290D6EE46D5C58148F020C3668ABE9EF2F7549170DC80DB41FFC1D678FF19AEB10C7133832B104B80F691B3138F97A92D26E551F1F110400D45AC71A9B9AC41A1A1B1DAE
310
ED0B0810638EFFB511D46B121C6FEA0F38CD00E03CFFEB9713FE1F9C263E4DDEC160D0497FA9A132BA608584057FB15380825DE6C7FC3C667EE947D488A09898D8E939C4953BF4EC9836344D2CC6B2971B2A21A572B06096F4982D2CC7232D46E8EA69DC83722E267754D777F97F96D5DA74E1E75178084D0E70F12AD33E5F
310
71EF2AFA599B2BEBF60A5BE475F444F240CBFE8143C334E7ED9150FEEFEF7EB020C4DBED388DD1D6A167A76F3CBF119B578AE8CFA7736ACAFA4440A1C47185638A0D2F3EB5BDDEFDA958FB13CE4AA4923D5BF840392D45544329525749734866684BF7F8D9D54D892E19BCA9F829A0F8BFCBEEA6CFDFC61D74EA1A645ED7A1
310
FF241739F15694BD835B66FEC5677E40FE69BD3F91AE402F036537218A401CB0828604AD189E575015C6F3F6BBC8AC79CF6C70653847254B31551EFCBEB5978B9DB85D58D0FA41A9DFE9C624834AA04949D24B5AE6D299E072D152D12097920F14AA92C31C3B97E28B6C2E6E9C23D63043ECBBC0A60FDF5BD0C33C127EA8A3
310
308B8B6AFFEB28B4455BF6E7AF4FC6222728357EB8E46E85053E6A8843AB23295BF838ABDA94658FEF3F832F147046B4ACD6F7D48E8FCC9618582961C898D1C7A253C91BFECBDA6BA18A1FCF70755DCCEE2222F41B76D23CA98D0CB3D95F0CF66D57FFF65E2A90F5DF40FC3187621E981BD0BC1D992787212688976B94A8F0
310
C6EF646624B570B78E068826F87CE27041A95C9A4871FF65CC17FCB1639629AD6A9517000D63AC231F3D741CB8430777E7ECF80CE7A3F73C0F162F7E56AA71F4DA80A33CD6ACEE78E2C11FAC03DAFCE929B106F8F6B3ED2DC71FF994BD9CEF4E9A94896EF1B6E2B7B4978168BCF0847A3D2A4F1B0500B926E634B174548E9F
310
BAD27153FB5FC36799B1E6C7C38A94E1F9E996796D7B485E635D5287A2AE76FBD11A341DB3F8F810385BB7296391973DC6C37C452A9305AEBBE0CDB6C566DB59FE60C8E94B1FD090354BF51439FFD1B48D725228FFA88C84F686F547107A7A235665A4593B7C34D748C1AC8D56DD5DA861EEFBADDECBBD65117E65851F9035
310
1AEB65F0EFCFF4BCFEF24CB7A5879699FAC437A7AF9099186CF006BB923A59E37D7A36A29FD8D2CBB914A5E9D0A8FD212FBF796AE9A67958FF1D5D8B85F78F96219D4714EB919929241B6C018AAE0C02069F8D919961EC5DDFBFB7573E3AC8E08BFB7C8534BE6DE045B3CD63DBD71F7638BA2309CAE398EA3A7D8F98BBBC7A
310
EB367EFA5CFA27A9F8F2F52FE878058E6209C026453F8E7E8A237DFC389E9590F6059B397CFD65183BBF936E86896612A5B5FEE49DAC8455D026218AFEBEC12B3523A45B57B82C9C97E02ACFA1184DB18E48CF615DBF39C3CC6F0B4AE6BBEEA2E39D944E290302FA3DE33FA7E40296E2EF7BF1CD855BBECFAD0FD622BEE974
310
6FC4FDFDE545AE6E3BC234CADF83A0FB76DFB145BF3828AE3436368AC24989454F8FF70A177672C711CAA1A76107218CF948CA01F873520E7A2B118EBB161ABAD432932029628B6761590C98AB590C8C8C79798CE9F715BA696E839E9131A4BB68BE923F1747FBFF165331FFDD4D05997ACD168F12CA75348DAC04C7F509FE
310
83898A8B421181AF492861CE81E4A2DD0A30850CFA95E05F097FF70F9E777310D584A75BA7018922E271DAB1D785671157685B7D383D3E074DDB4F1E44EF04B07BAAC75A062077C54B9752C738C9D804D402E02851F3F89605AF189738C18C021D2139EAF72513824E10DDD3047BACC8521ED7E98B257D1166903B1B08FA6F
310
918FD7E162913FEC7D0EF4787E29C35FBA8C6E2C9C20E9AB30AE42CA2A01A090E7D010C1B5BF9CEE2A304BF3A987FB40D836979B79E18D70F257DA61E808472DD85B82761825779D6B90CAEB0F23360C6F80A7D7D77545E95B3DFF0CF96A827F9B5BCECD2C9698718417EF80FEEDEE938AFF55859D0D540B7FE09435583A6F
310
04874A0C7E8CF234DF4879722000167F5872CEC6BF3EF7E5A8CC8121E6A359227C8A29C95212F9F735BC72A887D56B8F309FC525BFB4FD767AAEC4AEFF249CFBBD2DE1AB9969A6155C7D8DABC307E47324C1F916C7BCFF40ABA5644E9FFB9238D19ADADA49D9610F01ABBA57E4DFCBDCCBB2B93C8953206C91DE01B0E2651A
310
6D6C31721915B31F7B7CBCE55466F6D70402788FA91D73BE4ADCBA99A35F17D6B83383704917D6833F0FA3CD45C926ADB8BC17999A4A0AFBCE2541F7B8CF4C2F5FBA611B3E626D64407CB32C122DFF4EF8674D6EDBB86C8F7C6A16D50FA685E2CCA34F8F7D1D8265BB0042E9D7F1F666F7BE5FAA5184DF58E12122A42EF02F
310
461B3F369AC746F96528AD208512AB56844CF75B97F352DF7995024FB02855385854F3798670D01CAC771AC3E1889EC25F61A20C1F8CAB46898817F9C47E2CDA1F286BF2F358298709FE567C91133E2638C8B53975E753EA8BFD3578B5F7186B7BF084EBA3F77BAC3132A5779902EC22AF2D2E79F42D324E083386DAEE9810
310
D1B44A5DAA54513C7A71E52A4AB9257D975B621308FE4D2141CC3DCFE946C154A3C1DFCCA7629EC69ACFA831634ADDA93C0388D2A9A2DDAFCF957C6995BCE7FBB6DC4EBAE79E63EB08E9A25F52F67076F7093CA545CA3053B5BF576DEAD4E0017143C5F759F32B2D6F145B52B67B48909B7C7FCA6586EE385A2189C16932CB
310
6DDFD9152AE317C430492A578ED27B72D85D40C7C93C097939E1B50F4D67F05334FE9DC362C30B7FF561B95259138ECFD9274C8D695C31B14D4EAA9F3D7FA8DDF652F8C5DEFA23284C799B7D94416DEE81E05A866302DC70192A5368EA65E1CED8BF107A1E2D3119A71E85DC1A7B0C1E93274CE04DD0F2ABC8AC7C987FDB00
310
2B6F81757B43502EF7A0D92E416494FAEEA4C9C090CD9557AA4D532F4996A272B94355C5A0E4974EEA9627476F30809B94D8D8D860062E02204643BEC7D0438AF800FC7E2B26955D595421E83C69E1A07E0E3122285835F014AD538188CF9737CE76D464A353FA55A001AB2526B84E985083693BC76FE211CA1D000679C889
310
E3C009832C87E1AC2EDD05C302557422DF0800E316FCAC86978A371F025A6C7DAA9F333E7BD160403A1A06EA75AA9888FF01504B0304140006080800DB8A4D4651464CB48900000043010000360000006662782F38384443313042362D443931462D344341322D383634392D4435343430313042303132462F646972656374
310
6F72792E786D6C9D8F310EC2300C45AF127987122606C71DD918B841D4B851A43646695A717C52A85029031293A5A76FBF6FACEF7DA7264E43906840EF0FA03836E242F406C6DCEE4EA06AC22492573150D1F66C60C640E8938CB705396EEDD86DE9B5042FE27813D640EA63BB001C722AF6E55CB61E4863F58284D5D3F53D
310
D715CE1C3985E63FD7F1B7EBDD617E9F1E504B0304140006080800DB8A4D467C3F143736070000201C0000340000006662782F38384443313042362D443931462D344341322D383634392D4435343430313042303132462F6F626A656374732E786D6CDD59DB6EDB3810FD1542FBB2FBA09B6FB50BC78523C78551A42D6A74
310
B16F022DD30E37BA81941267BF7E8714294BB26C2BD9162836051A87A686336766CE0C47D30F8728444F84719AC437866B39062271906C69BCBF31F26C678E0DF46186A62C49B2CA3E03C538223786583666D33D4BF2542D6DC90EE761737579FB17E2018989818210737E63F0E08144D8C279966C097FB4B638C3D67E77B0
310
5CABD85817BB67387D681C956246E20C5485F518A4280DDCFA9F60923D9BDA62436D5BAFDBB6FE856DB634BCAE288D7986E3E044AB869C5E37ADFAEE6071D71B4ECCE160D03707A39E6BDE2E6F17A6FBAEEF7823CF9BCCEF26069A4D374912960E4849BC052FBE1833776A8B6F4AF3150A6D7A07491C9340A1D9B6614B945C
310
4A7813931AB0AE34ADE290C2D6CA42BFA3F167B67502A5A6520D6D6D9CFE5D8DDE64F33780C0BB4429E3444439CF18F85A615FE48333B58BD59A5F284711CE08A3384421DD30CCC041B0B570504D8CC816210A09CCA417B5BCAAAE10D8D773A94DCB5D1E86227F8D99CC341FF291645C6A46FF21ECA87DF534D009ACCD699C
310
8D95B1D94B0A2226535B2E16DFF57BEACB0248B40BF11EA205CC149BFABD065E9EE082D5C2987D5A6E0E6BC10FED87A72C4909CB44E4C9645679A73D58092D08BE0EA014B8D67D7744E51B40FF19902F754153F01CA387C161A06D6738E6BB8445E01DE420D381FF1C243E9E7C9ADAE5C333846A5C790E5348DB1F8469CD8C
310
DAD9154867D32708FA84F59571EB008710D3F73416790E8182C2049680EF779B83315B0199C2223C8543B01EFE4D6DF111C1AF420EF04DC3436DF4DBC1513A619A7976F4D54788194683D255351BCFE13BFC21F8CE17EB4FEB9CED7040EE55622FC88EC6348362DAAE500DF45ACA7F5F7D961979624F6D5700E7EC13411C2D
310
7E592BBF20E9185045D4E1C23572E59E42BA87218E499273B5DE4654411226CCDFBCF8450EB79EF5A70E82E230C86F1101AD6406D53D603415A01833655EC984D61127C1832A00F78553FD0D0E1E05BC7E008CF5163D206A316B0ACDA3D4C75192C782BE4FC3BB699AD577E48FEB4E7ACEA4379E8CB4B15C8AD7D9A3A9A154
310
5E9C13E1F4CC215ECD5B8A35B4E4228F06C0966D1604D033E5999FA438A0597B2C348C50190A605F54794B77BB9C03A9B7C2D2D0D8EABB43E454FE2F0FB9ACBD3AC4A711DE137F8745856B3DAF0650295C5BD08ACC3E4C38A731E1B2433961AE062A8E054450C4AD96DA128494FB11C9F05BE24F96BC46F831B20B7DE8A532
310
D1CD5E8F3EADA0AA9EE7248ACE2D897D69FF8BCF7194864597760D03B7D738A11557A1B438E209E2CDC799EF6C896CBAAF492F7941E3DB49FAE4CDE2CFC0C3F04F87471F41A1F5861A79DDB3AE357427E2670CA4321ABAFD77DA11D7B0D24765A2070973E89A8217FF99D0FD433742EB740E27E1CEA76198477E510F321241
310
0B86B39C75CAD7D1D03971BEE2854642544EDAD1101AE4CEA4297B0FDD7D8055B2F938479A9563C0281AC31DAD93212756B486B0F485BC8F8A6BD775EFBF5EEA7FE6CBEA3DE591BC3C276CDBAA69BD8DD01D986E18045DAA0A57C691943C9B56932F921797EB380CB410C56FC52D414508234F540C26E40DA8F5FEC09F7116
310
0091AEE56FF31632624BB6C79EA2264E8D398C191CAAA5E93EB57AD301B213E5A3D678AD04A146306DC08267EFC587F01B065743E7C76DD5D5D8C5FA4A14360B062B473D2EC8FAF271DD90022B9D9FFE2A3022CF0D096AD5138DDC0551DF57C77EB5214159F47D75E1F1EC218F3631A6A2328AB0C0DBF4FD077997BCB1E1A2
310
608FC70BCF756E47E662E22ECD8137EF99E3D160622E6096E1C0178EDB5BDA8CF0246701E176CF767CDD3BA5F15E0746015D971B054C15AE5FFD743C371DFC3FBE5184C9069F8BC55FF54251B67BA2216BE462D70B452B516F5ED7FDBB2744DD5EC45ED53917B3021DE097CB169091AEF7DD5B0B2D5A7712ED3A572AE22B0B
310
EFD9DBCA4FAF3135426FAD0FB51D6D945FE762983DB554297DBB95BC7637F7C623F7CE33C7CBE53B73301F79E6AD379F9B0B6FEC8D46CE64E80ECA32D664AB6B75E597E0505D042B63349806F324A43094275BB42709DC8060EAD0815F5944B8BCD94003A0CAB87E23D0E1E9A762A69AE14DA89F0E1E300CA6435591F30086
310
A270EBB831D43AFA0DC6A06212298753D623141E15ED06CA19BD312004320AF5C5DAC0384B0E0FA5F4C6B8120217C77B71672A9E2AFF3E3E26D0815839DA55EEE9828BB2AC169D301C48E57B02603BDD90BCDD74AD0EC2197CDCE45969CC71E1688D0241BF10288C83A9DFA382F700C473D92ED7927B6A90749ACC5F8C8342
310
AA9961B697E3F50ADEF3C5575B4CC6575F501AE67BE1CE4BF5BE26C9147D46981743A82904863233C5E21EEEBDB7BFB2045E314568492108D0EF87F1E80FDB4BA228898B257BAE5E54A1F503BC76DADA7AE4078D8BE30E6DD9F7A8B13ECCAD38B1F0963FC202B89651311B2D20AE0540494F9500D01E11BE80C76AFB570BA4
310
8A40A585AD528C8047CEF4112492789723D2A6BAA13280845C00ADE497C70F7A616A331882CFFE05504B0304140006080800DB8A4D469B98D413DF000000530100003C0000006662782F38384443313042362D443931462D344341322D383634392D4435343430313042303132462F7265736F75726365732F322F636E782E
310
786D6C4D90CD6E03210C845F05715F60B78D5A452C79899C728928385B14C02B7EAAF4ED0B29957AB235F3C99AB13C3D82275F90B2C3B8D299094A201AB42E6E2BADE536BD5372523221967F18255107586997A9925BC2BA0FC9C24D57DF55EFE27D88E2BA4184E4CC758F1B25C6EB9C579ACD2704CD742D6821DF99D545B3
310
9925C858938176A2B800E38449A00B58AA16311F26B14CF3CB797E3B2ECBF1F07A91BC934A7E20FAC1BB5820E14E0CB625B63C42F26E2B59931B4C2FD18CBF70AC8593BCD94AE692DA070656BEF786B9A037E04FE4D75592F78A6D3CFBB7D9DFA17E00504B0304140006080800DB8A4D46FF15A4A45D000000800000003A00
310
00006662782F38384443313042362D443931462D344341322D383634392D4435343430313042303132462F7265736F75726365732F636E782E786D6C4D8B3B0E80201005AF42B6F75B59F0390B113044D83508C6E30BC6C26AF226F3B8BA6360974DA7271430F523308B2B198F9B80925DB700539227A2FCCB80A18E5640D3
310
20F996A81C9F32D6E9129A0D1EF74FCE750E6D57BC7165FBCA07504B0304140006080800DB8A4D460A160BBE3F01000046050000300000006662782F38384443313042362D443931462D344341322D383634392D4435343430313042303132462F636E782E786D6CCD94414EC3301045AF62791F3B0954A0CA7125169C8005
310
62E738D3E036B1237B8CE8EDB14B5A40A88845A576678DFF48FFCD7C8D58BD8F0379031F8CB30DAD58490958ED3A63FB86465C17F794ACA4F0CEE1371925568DD0D05CA652F4DEC5692E75B05671C8D5C1D8ED5C5488DEB4112150A207154243837E85513115D17510B6AC53A858C53C0417BD86D48F6684B95F7B50081D95
310
75592D8AB22EAA9BA7EA6E59D7CBC5ED8BE0592945EBDC30EB8D45F06E22DAA5874D664AC1F3B714D19B599309A8FC72C65A63054FFF5284E4D6F6B30E7753D64DD360B4C23426EE34021649046A14FC532C05CFBC3FA81F1F9E0F0E48673C68747E77A10154A7067034C65212FEC7BF17FE8DEDDA4DC2BDD4B64FC2CEB6CE
310
867A486B4871FDBDFF942265FBE1FA427F3476FECCA75382465F1FF2C1D79988F9FEE4A5A5E70B283F00504B0304140006080800DB8A4D465D7DA6747E000000A30000000B0000006662782F636E782E786D6C4D8C410AC3201444AF227F6FABC106036A6823B947684C909A6FB1B1F4F8D5924557036F669EEA3F5B206F97
310
5E3EA2067E62401CDEE3EC71D590F7854A20BD5129C6FD6F0604A7CD69A8188C5A53CCCF03CD6E9972A834787C1C504A3B70766BA9EDF848C5706DA86C4547ED4508560AC69BB13CCEF552E2E72B59F5E60B504B0304140006080800DB8A4D46A6D797065F0000008200000007000000636E782E786D6C4DCB3B0E80201045
310
D1AD90E9FD7516806B51190811670C8A61F982B1B0BAC9C97B72CA7B1037C6D3332918DA1E04D2CAC69353902EDB8C20262D23F3F59B81A079470595414B17391D1F19B4730A5583A7ED43BBE4025D9592775E5ADFFA01504B0304140006080800DB8A4D46ECFD112DA800000026010000130000005B436F6E74656E745F54
310
797065735D2E786D6C7D4F4B0EC22010BD0A61DF525D18634ABB506FE00510A79458060253536F2FD89D5197F3FED3F68B9BD80362B21E25DFD40D6780DADF2C1AC9671AAA3D677DD75E9E0112CB5A4C928F44E12044D22338956A1F003333F8E814E5331A1194BE2B0362DB343BA13D122055543278D79E6050F344ECBC64
310
78EDCD76CE8EABAE5449AE4298AC56946789C28AAFBEABC53F3EAF09A84A1441B91F0101CD4780756578C173A578FFDDBD00504B0304140006080800DB8A4D463DEE336E64000000790000001B0000006175746F6465736B2D64657369676E2D7061636B6167652E786D6C35CBC10E83200C00D05F21DCA56CA76D41FC9606
310
2B120735B69A7DBE268BB7777961F8D5AF396893C2ADB70FE7ADA196782C2DF776D7A97B5933C430F15651E5469C55D70F80A4992A3ADC954792C525AE70A1E4D6AD9816CC044FEFDF01FE3FDE907802504B0304140006080800DB8A4D469F2FDCA7F20000008E0100003D0000006662782F38384443313042362D44393146
310
2D344341322D383634392D4435343430313042303132462F7265736F75726365732F322F636F72652E786D6C8550CB6EC32010FC158B3B76C0B6EC469848D4ED17F4D41B828D8B1283C5A3EAE71762576A4F3DED6A76667677D8E56BBD579FE083717642A43EA10AAC72DAD86542295EF188AA0B67DEB9F88B862A2B579850
310
8111678B77693B20E56C045B50EB341CA00C0122AAD43D37130AEA035659CB143323DCEA4DAA9B5CA026F5CEE32C25A30FA9D1D9CD5C0D78C4A968453F5381BB717EC25D2F2816C3ABC02D7921CF3319FB791E5853C49C45B3FE6C571E64049DF527D2E313C5A47D23C399D273DFBDB3A630390BD1E79F8FA5E5BB4C67CD8E
310
FE714B9BFEDF2D191B5B7AB8ED8A8038C9C73D069C35259D5C1ED1E55A92E4DF504B0304140006080800DB8A4D463F31620EF8000000960100003B0000006662782F38384443313042362D443931462D344341322D383634392D4435343430313042303132462F7265736F75726365732F636F72652E786D6C8550CB6EC320
310
10FC158B3B76C0B6EC469848D4ED17F4D41B828D8B1283C5A3EAE71762576A4F3DED6A76667677D8E56BBD579FE083717642A43EA10AAC72DAD86542295EF188AA0B67DEB9F88B862A2B5798508111678B77693B20E56C045B50EB341CA00C0122AAD43D37130AEA035659CB143323DCEA4DAA9B5CA026F5CEE32C25A30FA9
310
D1D9CD5C0D78C4A968453F5381BB717EC25D2F2816C3ABC02D7921CF3319FB791E5853C49C45B3FE6C571E64049DF527D2E313C5A47D23C399D273DFBDB3A630390BD1E79F8FA5E53BC43D0497BC82C09A7DFAC7356DFA7FD7646C6CE9E1BA2B02E2241FF91870D69494727944986B49947F03504B0304140006080800DB8A
310
4D465385463CF1000000B1010000310000006662782F38384443313042362D443931462D344341322D383634392D4435343430313042303132462F636F72652E786D6C8D50CB6EC32010FC156BEFD840ECD48930511B2B5FD0536F08888B1283C5A3EAE71762576A6F392D9A9D6166879DBEE77BF5A57D30CE0E406A0C95B6
310
D22963A70152BCA21EAA1367DEB9F887069515B31EA0C0C0D9E45D5A36483A1BB52DA8754A6FA0084147A8E43D3F0608F253CFA216296646B8D58B903731E99AD42B8FB368E65FA9F45A44AD80534C3A842922BB77F272A4F4D8B51FAC294CCE52326AB3322ABB9BABD11E78DF8F6782DFF6683C900B6ACFAF14F5FBF680C6
310
AE6D715E60422FAC2962CE42F4F9E6ED9372DDB3F255F82F735AD413998D8D3BBA19AE8A009CE43C8F05674D29308F47BB7996B2F90F504B0304140006080800DB8A4D46B0E780CC53010000DD0200000C0000006662782F636F72652E786D6C8D525D6F832014FD2B86775450D3AE419A38B75FB0A7BD51A48E54C12098FE
310
FC811FE97C58B7982039F79E73CF3D819CEF7D174DC28C52AB12A0380591505C3752B52570F60A8F203A5362B4B63FDA40A4582F4A106040496BB41B56886B65850AA8D28D5841368EC2828877FE5282917F899EC5CC59DF31DEE281F11B6B458CE2A58F12E764B35265E3D5E4550A0328AEB2AAA87105F363FD02F3A2C2B0
310
3ABC5730436FE8B546C7A2AE0F2409644AACECB7E9DC086645E3F9292A608A21CA3ED0E184F1A9C83F49123A2919ADF13BAF43C376805E2F77922CF84ECF0DCDDF7A4E2A9BE1556F618C80226F6F2E5092847CFC6F0E6F9FA11FECF3B3ECD26D2BDC3C34096EB5C97DA5D1EE519A58E784974EA3F923C952F5CAB3C06F3AF8
310
89CE730D1F1453ADB7C6ACBF5E9C0DD3F79E0661E064EF91D2A667DDC3DC62F1713E06ED56DAE85C77DAFC87BDADBA8599848749BF01504B0304140006080800DB8A4D46F88FDEAC05010000B201000008000000636F72652E786D6C8D50CB6E842014FD15C21E15D46827C824D4F60BBAEA8E0AE39051300293F6EF0B234D
310
DA5D57979CC73D874BCF9FEB02EE6A77DA9A01E2A2824099C94A6DE601067F413D046746776BFD2F190446AC6A8009868CCEBB0D5B86266BBC32093556AA0C0AE79487605AE263806EBAAA551422F8A870B76213D34DCCAAC0C5A163D4EBF5C73AED4A78252123156E514510AEDF707722E4D436EFB44C4A4643D032476919
310
D3F545AB3D5A78CDDB9170D4F4E3136A5A4E10EF5E39AAF10B7E1E71DF8E6347CB6466D4F93DFE392F893D3D70E29E726979508C7E58BB64412C258135CB1764152D13F1A774D8E43F4A6BE36B92171E0E07198E851E440C4E178CE371DE38D3B5D937504B01021400140006080800DB8A4D46000000000000000000000000
310
3700000000000000000000000000000000006662782F38384443313042362D443931462D344341322D383634392D4435343430313042303132462F617474726962757465732E62696E504B01021400140006080800DB8A4D460000000000000000000000003500000000000000000000000000550000006662782F38384443
310
313042362D443931462D344341322D383634392D4435343430313042303132462F76657274696365732E62696E504B01021400140006080800DB8A4D46F270F13306000000040000003600000000000000000000000000A80000006662782F38384443313042362D443931462D344341322D383634392D4435343430313042
310
303132462F747269616E676C65732E62696E504B01021400140006080800DB8A4D4688E57597CD3F0000904100004200000000000000000000000000020100006662782F38384443313042362D443931462D344341322D383634392D4435343430313042303132462F7265736F75726365732F322F305F67656E657269632E
310
706E67504B01021400140006080800DB8A4D4651464CB4890000004301000036000000000000000000000000002F4100006662782F38384443313042362D443931462D344341322D383634392D4435343430313042303132462F6469726563746F72792E786D6C504B01021400140006080800DB8A4D467C3F143736070000
310
201C000034000000000000000000000000000C4200006662782F38384443313042362D443931462D344341322D383634392D4435343430313042303132462F6F626A656374732E786D6C504B01021400140006080800DB8A4D469B98D413DF000000530100003C00000000000000000000000000944900006662782F383844
310
43313042362D443931462D344341322D383634392D4435343430313042303132462F7265736F75726365732F322F636E782E786D6C504B01021400140006080800DB8A4D46FF15A4A45D000000800000003A00000000000000000000000000CD4A00006662782F38384443313042362D443931462D344341322D383634392D
310
4435343430313042303132462F7265736F75726365732F636E782E786D6C504B01021400140006080800DB8A4D460A160BBE3F010000460500003000000000000000000000000000824B00006662782F38384443313042362D443931462D344341322D383634392D4435343430313042303132462F636E782E786D6C504B01
310
021400140006080800DB8A4D465D7DA6747E000000A30000000B000000000000000000000000000F4D00006662782F636E782E786D6C504B01021400140006080800DB8A4D46A6D797065F000000820000000700000000000000000000000000B64D0000636E782E786D6C504B01021400140006080800DB8A4D46ECFD112D
310
A80000002601000013000000000000000000000000003A4E00005B436F6E74656E745F54797065735D2E786D6C504B01021400140006080800DB8A4D463DEE336E64000000790000001B00000000000000000000000000134F00006175746F6465736B2D64657369676E2D7061636B6167652E786D6C504B01021400140006
310
080800DB8A4D469F2FDCA7F20000008E0100003D00000000000000000000000000B04F00006662782F38384443313042362D443931462D344341322D383634392D4435343430313042303132462F7265736F75726365732F322F636F72652E786D6C504B01021400140006080800DB8A4D463F31620EF8000000960100003B
310
00000000000000000000000000FD5000006662782F38384443313042362D443931462D344341322D383634392D4435343430313042303132462F7265736F75726365732F636F72652E786D6C504B01021400140006080800DB8A4D465385463CF1000000B101000031000000000000000000000000004E5200006662782F38
310
384443313042362D443931462D344341322D383634392D4435343430313042303132462F636F72652E786D6C504B01021400140006080800DB8A4D46B0E780CC53010000DD0200000C000000000000000000000000008E5300006662782F636F72652E786D6C504B01021400140006080800DB8A4D46F88FDEAC05010000B2
310
01000008000000000000000000000000000B550000636F72652E786D6C504B050600000000120012002D060000365600000000
  0
XRECORD
  5
448
102
{ACAD_REACTORS
330
191
102
}
330
191
100
AcDbXrecord
280
1
102
DISPLAYNAME
  1
Metric50
102
FLAGS
 90
0
  0
CELLSTYLEMAP
  5
44A
102
{ACAD_REACTORS
330
449
102
}
330
449
100
AcDbCellStyleMap
 90
3
300
CELLSTYLE
  1
TABLEFORMAT_BEGIN
 90
5
170
1
 91
0
 92
32768
 62
257
 93
1
300
CONTENTFORMAT
  1
CONTENTFORMAT_BEGIN
 90
0
 91
0
 92
512
 93
0
300

 40
0.0
140
1.0
 94
5
 62
0
340
11
144
6.0
309
CONTENTFORMAT_END
171
1
301
MARGIN
  1
CELLMARGIN_BEGIN
 40
1.5
 40
1.5
 40
1.5
 40
1.5
 40
1.5
 40
1.5
309
CELLMARGIN_END
 94
6
 95
1
302
GRIDFORMAT
  1
GRIDFORMAT_BEGIN
 90
0
 91
1
 62
0
 92
-2
340
0
 93
0
 40
0.045
309
GRIDFORMAT_END
 95
2
302
GRIDFORMAT
  1
GRIDFORMAT_BEGIN
 90
0
 91
1
 62
0
 92
-2
340
0
 93
0
 40
0.045
309
GRIDFORMAT_END
 95
4
302
GRIDFORMAT
  1
GRIDFORMAT_BEGIN
 90
0
 91
1
 62
0
 92
-2
340
0
 93
0
 40
0.045
309
GRIDFORMAT_END
 95
8
302
GRIDFORMAT
  1
GRIDFORMAT_BEGIN
 90
0
 91
1
 62
0
 92
-2
340
0
 93
0
 40
0.045
309
GRIDFORMAT_END
 95
16
302
GRIDFORMAT
  1
GRIDFORMAT_BEGIN
 90
0
 91
1
 62
0
 92
-2
340
0
 93
0
 40
0.045
309
GRIDFORMAT_END
 95
32
302
GRIDFORMAT
  1
GRIDFORMAT_BEGIN
 90
0
 91
1
 62
0
 92
-2
340
0
 93
0
 40
0.045
309
GRIDFORMAT_END
309
TABLEFORMAT_END
  1
CELLSTYLE_BEGIN
 90
1
 91
1
300
_TITLE
309
CELLSTYLE_END
300
CELLSTYLE
  1
TABLEFORMAT_BEGIN
 90
5
170
1
 91
0
 92
0
 62
257
 93
1
300
CONTENTFORMAT
  1
CONTENTFORMAT_BEGIN
 90
0
 91
0
 92
512
 93
0
300

 40
0.0
140
1.0
 94
5
 62
0
340
11
144
4.5
309
CONTENTFORMAT_END
171
1
301
MARGIN
  1
CELLMARGIN_BEGIN
 40
1.5
 40
1.5
 40
1.5
 40
1.5
 40
1.5
 40
1.5
309
CELLMARGIN_END
 94
6
 95
1
302
GRIDFORMAT
  1
GRIDFORMAT_BEGIN
 90
0
 91
1
 62
0
 92
-2
340
0
 93
0
 40
0.045
309
GRIDFORMAT_END
 95
2
302
GRIDFORMAT
  1
GRIDFORMAT_BEGIN
 90
0
 91
1
 62
0
 92
-2
340
0
 93
0
 40
0.045
309
GRIDFORMAT_END
 95
4
302
GRIDFORMAT
  1
GRIDFORMAT_BEGIN
 90
0
 91
1
 62
0
 92
-2
340
0
 93
0
 40
0.045
309
GRIDFORMAT_END
 95
8
302
GRIDFORMAT
  1
GRIDFORMAT_BEGIN
 90
0
 91
1
 62
0
 92
-2
340
0
 93
0
 40
0.045
309
GRIDFORMAT_END
 95
16
302
GRIDFORMAT
  1
GRIDFORMAT_BEGIN
 90
0
 91
1
 62
0
 92
-2
340
0
 93
0
 40
0.045
309
GRIDFORMAT_END
 95
32
302
GRIDFORMAT
  1
GRIDFORMAT_BEGIN
 90
0
 91
1
 62
0
 92
-2
340
0
 93
0
 40
0.045
309
GRIDFORMAT_END
309
TABLEFORMAT_END
  1
CELLSTYLE_BEGIN
 90
2
 91
1
300
_HEADER
309
CELLSTYLE_END
300
CELLSTYLE
  1
TABLEFORMAT_BEGIN
 90
5
170
1
 91
0
 92
0
 62
257
 93
1
300
CONTENTFORMAT
  1
CONTENTFORMAT_BEGIN
 90
0
 91
0
 92
512
 93
0
300

 40
0.0
140
1.0
 94
2
 62
0
340
11
144
4.5
309
CONTENTFORMAT_END
171
1
301
MARGIN
  1
CELLMARGIN_BEGIN
 40
1.5
 40
1.5
 40
1.5
 40
1.5
 40
1.5
 40
1.5
309
CELLMARGIN_END
 94
6
 95
1
302
GRIDFORMAT
  1
GRIDFORMAT_BEGIN
 90
0
 91
1
 62
0
 92
-2
340
0
 93
0
 40
0.045
309
GRIDFORMAT_END
 95
2
302
GRIDFORMAT
  1
GRIDFORMAT_BEGIN
 90
0
 91
1
 62
0
 92
-2
340
0
 93
0
 40
0.045
309
GRIDFORMAT_END
 95
4
302
GRIDFORMAT
  1
GRIDFORMAT_BEGIN
 90
0
 91
1
 62
0
 92
-2
340
0
 93
0
 40
0.045
309
GRIDFORMAT_END
 95
8
302
GRIDFORMAT
  1
GRIDFORMAT_BEGIN
 90
0
 91
1
 62
0
 92
-2
340
0
 93
0
 40
0.045
309
GRIDFORMAT_END
 95
16
302
GRIDFORMAT
  1
GRIDFORMAT_BEGIN
 90
0
 91
1
 62
0
 92
-2
340
0
 93
0
 40
0.045
309
GRIDFORMAT_END
 95
32
302
GRIDFORMAT
  1
GRIDFORMAT_BEGIN
 90
0
 91
1
 62
0
 92
-2
340
0
 93
0
 40
0.045
309
GRIDFORMAT_END
309
TABLEFORMAT_END
  1
CELLSTYLE_BEGIN
 90
3
 91
2
300
_DATA
309
CELLSTYLE_END
  0
DICTIONARY
  5
6B3
330
C
100
AcDbDictionary
280
1
281
1
  3
WRITTEN_BY_EZDXF
350
6B4
  0
DICTIONARYVAR
  5
6B4
330
6B3
100
DictionaryVariables
280
0
  1
1.4.4 @ 2026-10-09T14:19:13.505194+00:00
  0
ENDSEC
  0
EOF
